Ordem;Classificação;Plano / especialidade;Ativo;Data original;Situação;Serviço;Mês
247351;PERIÓDICA;Pontes Rolantes - Lubrificação;Não informado;2026-01-18;Não Executada;GARRA PA-21;JANEIRO
247352;PERIÓDICA;Pontes Rolantes - Lubrificação;Não informado;2026-01-12;Não Executada;RODAS TC PA-21;JANEIRO
247353;PERIÓDICA;Pontes Rolantes - Lubrificação;Não informado;2026-01-12;Não Executada;RODAS TP PA-21;JANEIRO
247354;PERIÓDICA;Pontes Rolantes - Lubrificação;Não informado;2026-01-18;Não Executada;RODAS TC PA-22;JANEIRO
247355;PERIÓDICA;Pontes Rolantes - Lubrificação;Não informado;2026-01-18;Não Executada;RODAS TP PA-22;JANEIRO
247356;PERIÓDICA;Pontes Rolantes - Lubrificação;Não informado;2026-01-18;Não Executada;EIXOS FLUT. TP PA-23;JANEIRO
247357;PERIÓDICA;Pontes Rolantes - Lubrificação;Não informado;2026-01-18;Não Executada;EIXOS FLUT. TC PA-23;JANEIRO
247358;PERIÓDICA;Pontes Rolantes - Lubrificação;Não informado;2026-01-22;Não Executada;EIXOS FLUT. TP PA-24;JANEIRO
247359;PERIÓDICA;Pontes Rolantes - Lubrificação;Não informado;2026-01-22;Não Executada;EIXOS FLUT. TC PA-24;JANEIRO
247360;PERIÓDICA;Pontes Rolantes - Lubrificação;Não informado;2026-01-23;Não Executada;RODAS TC PA-25;JANEIRO
247361;PERIÓDICA;Pontes Rolantes - Lubrificação;Não informado;2026-01-23;Não Executada;RODAS TP PA-25;JANEIRO
247362;PERIÓDICA;Pontes Rolantes - Lubrificação;Não informado;2026-01-23;Não Executada;RODAS TC PA-26;JANEIRO
247363;PERIÓDICA;Pontes Rolantes - Lubrificação;Não informado;2026-01-23;Não Executada;RODAS TP PA-26;JANEIRO
247364;PERIÓDICA;Pontes Rolantes - Lubrificação;Não informado;2026-01-23;Não Executada;RODAS TC PA-27;JANEIRO
247365;PERIÓDICA;Pontes Rolantes - Lubrificação;Não informado;2026-01-23;Não Executada;RODAS TP PA-27;JANEIRO
247366;PERIÓDICA;Pontes Rolantes - Lubrificação;Não informado;2026-01-23;Não Executada;SISTEMA GIRO PA-26;JANEIRO
247367;PERIÓDICA;Pontes Rolantes - Lubrificação;Não informado;2026-01-23;Não Executada;SISTEMA GIRO PA-27;JANEIRO
250923;PERIÓDICA;Pontes Rolantes - Lubrificação;Ponte 21;2026-02-05;Não Executada;AC2-PR21-INSP-00;FEVEREIRO
250924;PERIÓDICA;Pontes Rolantes - Lubrificação;Ponte 21;2026-02-05;Não Executada;AC2-PR21-INSP-00;FEVEREIRO
250911;PERIÓDICA;Pontes Rolantes - Lubrificação;Garra 2;2026-02-05;Executada;AC2-PR-GAR-GAR2;FEVEREIRO
250912;PERIÓDICA;Pontes Rolantes - Lubrificação;Garra 2;2026-02-05;Executada;AC2-PR-GAR-GAR2;FEVEREIRO
250913;PERIÓDICA;Pontes Rolantes - Lubrificação;Ponte 21;2026-02-05;Executada;AC2-PR21-LUBR-02;FEVEREIRO
250914;PERIÓDICA;Pontes Rolantes - Lubrificação;Ponte 21;2026-02-05;Executada;AC2-PR21-LUBR-03;FEVEREIRO
250915;PERIÓDICA;Pontes Rolantes - Lubrificação;Ponte 22;2026-02-05;Executada;AC2-PR22-LUBR-07;FEVEREIRO
250916;PERIÓDICA;Pontes Rolantes - Lubrificação;Ponte 22;2026-02-05;Executada;AC2-PR22-LUBR-08;FEVEREIRO
250917;PERIÓDICA;Pontes Rolantes - Lubrificação;Ponte 25;2026-02-05;Executada;AC2-PR25-LUBR-22;FEVEREIRO
250918;PERIÓDICA;Pontes Rolantes - Lubrificação;Ponte 25;2026-02-05;Executada;AC2-PR25-LUBR-23;FEVEREIRO
250919;PERIÓDICA;Pontes Rolantes - Lubrificação;Ponte 26;2026-02-05;Executada;AC2-PR26-LUBR-27;FEVEREIRO
250920;PERIÓDICA;Pontes Rolantes - Lubrificação;Ponte 26;2026-02-05;Executada;AC2-PR26-LUBR-28;FEVEREIRO
250921;PERIÓDICA;Pontes Rolantes - Lubrificação;Ponte 27;2026-02-05;Executada;AC2-PR27-LUBR-32;FEVEREIRO
250922;PERIÓDICA;Pontes Rolantes - Lubrificação;Ponte 27;2026-02-05;Executada;AC2-PR27-LUBR-33;FEVEREIRO
250925;PERIÓDICA;Pontes Rolantes - Lubrificação;Ponte 21;2026-02-05;Não Executada;AC2-PR21-INSP-01;FEVEREIRO
250926;PERIÓDICA;Pontes Rolantes - Lubrificação;Ponte 21;2026-02-05;Não Executada;AC2-PR21-INSP-01;FEVEREIRO
250927;PERIÓDICA;Pontes Rolantes - Lubrificação;Ponte 21;2026-02-05;Não Executada;AC2-PR21-INSP-02;FEVEREIRO
250928;PERIÓDICA;Pontes Rolantes - Lubrificação;Ponte 21;2026-02-05;Não Executada;AC2-PR21-INSP-02;FEVEREIRO
250909;PERIÓDICA;Pontes Rolantes - Lubrificação;Ponte 21;2026-02-03;Não Executada;AC2-PR21-INSP-03;FEVEREIRO
250910;PERIÓDICA;Pontes Rolantes - Lubrificação;Ponte 21;2026-02-04;Não Executada;AC2-PR21-INSP-03;FEVEREIRO
250929;PERIÓDICA;Pontes Rolantes - Lubrificação;Ponte 21;2026-02-05;Não Executada;AC2-PR21-INSP-04;FEVEREIRO
250930;PERIÓDICA;Pontes Rolantes - Lubrificação;Ponte 21;2026-02-05;Não Executada;AC2-PR21-INSP-04;FEVEREIRO
250931;PERIÓDICA;Pontes Rolantes - Lubrificação;Ponte 21;2026-02-05;Não Executada;AC2-PR21-INSP-05;FEVEREIRO
250932;PERIÓDICA;Pontes Rolantes - Lubrificação;Ponte 21;2026-02-05;Não Executada;AC2-PR21-INSP-05;FEVEREIRO
250933;PERIÓDICA;Pontes Rolantes - Lubrificação;Ponte 21;2026-02-05;Não Executada;AC2-PR21-LUBR-04;FEVEREIRO
250934;PERIÓDICA;Pontes Rolantes - Lubrificação;Ponte 22;2026-02-05;Não Executada;AC2-PR22-INSP-06;FEVEREIRO
250935;PERIÓDICA;Pontes Rolantes - Lubrificação;Ponte 22;2026-02-05;Não Executada;AC2-PR22-INSP-06;FEVEREIRO
250936;PERIÓDICA;Pontes Rolantes - Lubrificação;Ponte 22;2026-02-05;Não Executada;AC2-PR22-INSP-07;FEVEREIRO
250937;PERIÓDICA;Pontes Rolantes - Lubrificação;Ponte 22;2026-02-05;Não Executada;AC2-PR22-INSP-07;FEVEREIRO
250938;PERIÓDICA;Pontes Rolantes - Lubrificação;Ponte 22;2026-02-05;Não Executada;AC2-PR22-INSP-08;FEVEREIRO
250939;PERIÓDICA;Pontes Rolantes - Lubrificação;Ponte 22;2026-02-05;Não Executada;AC2-PR22-INSP-08;FEVEREIRO
250940;PERIÓDICA;Pontes Rolantes - Lubrificação;Ponte 22;2026-02-05;Não Executada;AC2-PR22-INSP-09;FEVEREIRO
250941;PERIÓDICA;Pontes Rolantes - Lubrificação;Ponte 22;2026-02-05;Não Executada;AC2-PR22-INSP-09;FEVEREIRO
250942;PERIÓDICA;Pontes Rolantes - Lubrificação;Ponte 22;2026-02-05;Não Executada;AC2-PR22-INSP-10;FEVEREIRO
250943;PERIÓDICA;Pontes Rolantes - Lubrificação;Ponte 22;2026-02-05;Não Executada;AC2-PR22-INSP-10;FEVEREIRO
250944;PERIÓDICA;Pontes Rolantes - Lubrificação;Ponte 22;2026-02-05;Não Executada;AC2-PR22-INSP-11;FEVEREIRO
250945;PERIÓDICA;Pontes Rolantes - Lubrificação;Ponte 22;2026-02-05;Não Executada;AC2-PR22-INSP-11;FEVEREIRO
250946;PERIÓDICA;Pontes Rolantes - Lubrificação;Ponte 22;2026-02-05;Não Executada;AC2-PR22-LUBR-09;FEVEREIRO
250947;PERIÓDICA;Pontes Rolantes - Lubrificação;Ponte 23;2026-02-05;Não Executada;AC2-PR23-INSP-12;FEVEREIRO
250948;PERIÓDICA;Pontes Rolantes - Lubrificação;Ponte 23;2026-02-05;Não Executada;AC2-PR23-INSP-12;FEVEREIRO
250949;PERIÓDICA;Pontes Rolantes - Lubrificação;Ponte 23;2026-02-05;Não Executada;AC2-PR23-INSP-13;FEVEREIRO
250950;PERIÓDICA;Pontes Rolantes - Lubrificação;Ponte 23;2026-02-05;Não Executada;AC2-PR23-INSP-13;FEVEREIRO
250951;PERIÓDICA;Pontes Rolantes - Lubrificação;Ponte 23;2026-02-05;Não Executada;AC2-PR23-INSP-14;FEVEREIRO
250952;PERIÓDICA;Pontes Rolantes - Lubrificação;Ponte 23;2026-02-05;Não Executada;AC2-PR23-INSP-14;FEVEREIRO
250953;PERIÓDICA;Pontes Rolantes - Lubrificação;Ponte 23;2026-02-05;Não Executada;AC2-PR23-INSP-15;FEVEREIRO
250954;PERIÓDICA;Pontes Rolantes - Lubrificação;Ponte 23;2026-02-05;Não Executada;AC2-PR23-INSP-15;FEVEREIRO
250955;PERIÓDICA;Pontes Rolantes - Lubrificação;Ponte 23;2026-02-05;Não Executada;AC2-PR23-INSP-16;FEVEREIRO
250956;PERIÓDICA;Pontes Rolantes - Lubrificação;Ponte 23;2026-02-05;Não Executada;AC2-PR23-INSP-16;FEVEREIRO
250957;PERIÓDICA;Pontes Rolantes - Lubrificação;Ponte 23;2026-02-05;Não Executada;AC2-PR23-INSP-17;FEVEREIRO
250958;PERIÓDICA;Pontes Rolantes - Lubrificação;Ponte 23;2026-02-05;Não Executada;AC2-PR23-INSP-17;FEVEREIRO
250959;PERIÓDICA;Pontes Rolantes - Lubrificação;Ponte 23;2026-02-05;Não Executada;AC2-PR23-LUBR-14;FEVEREIRO
250960;PERIÓDICA;Pontes Rolantes - Lubrificação;Ponte 24;2026-02-05;Não Executada;AC2-PR24-INSP-18;FEVEREIRO
250961;PERIÓDICA;Pontes Rolantes - Lubrificação;Ponte 24;2026-02-05;Não Executada;AC2-PR24-INSP-18;FEVEREIRO
250962;PERIÓDICA;Pontes Rolantes - Lubrificação;Ponte 24;2026-02-05;Não Executada;AC2-PR24-INSP-19;FEVEREIRO
250963;PERIÓDICA;Pontes Rolantes - Lubrificação;Ponte 24;2026-02-05;Não Executada;AC2-PR24-INSP-19;FEVEREIRO
250964;PERIÓDICA;Pontes Rolantes - Lubrificação;Ponte 24;2026-02-05;Não Executada;AC2-PR24-INSP-20;FEVEREIRO
250965;PERIÓDICA;Pontes Rolantes - Lubrificação;Ponte 24;2026-02-05;Não Executada;AC2-PR24-INSP-20;FEVEREIRO
250966;PERIÓDICA;Pontes Rolantes - Lubrificação;Ponte 24;2026-02-05;Não Executada;AC2-PR24-INSP-21;FEVEREIRO
250967;PERIÓDICA;Pontes Rolantes - Lubrificação;Ponte 24;2026-02-05;Não Executada;AC2-PR24-INSP-21;FEVEREIRO
250968;PERIÓDICA;Pontes Rolantes - Lubrificação;Ponte 24;2026-02-05;Não Executada;AC2-PR24-INSP-22;FEVEREIRO
250969;PERIÓDICA;Pontes Rolantes - Lubrificação;Ponte 24;2026-02-05;Não Executada;AC2-PR24-INSP-22;FEVEREIRO
250970;PERIÓDICA;Pontes Rolantes - Lubrificação;Ponte 24;2026-02-05;Não Executada;AC2-PR24-INSP-23;FEVEREIRO
250971;PERIÓDICA;Pontes Rolantes - Lubrificação;Ponte 24;2026-02-05;Não Executada;AC2-PR24-INSP-23;FEVEREIRO
250972;PERIÓDICA;Pontes Rolantes - Lubrificação;Ponte 24;2026-02-05;Não Executada;AC2-PR24-LUBR-41;FEVEREIRO
250973;PERIÓDICA;Pontes Rolantes - Lubrificação;Ponte 25;2026-02-05;Não Executada;AC2-PR25-INSP-24;FEVEREIRO
250974;PERIÓDICA;Pontes Rolantes - Lubrificação;Ponte 25;2026-02-05;Não Executada;AC2-PR25-INSP-24;FEVEREIRO
250975;PERIÓDICA;Pontes Rolantes - Lubrificação;Ponte 25;2026-02-05;Não Executada;AC2-PR25-INSP-25;FEVEREIRO
250976;PERIÓDICA;Pontes Rolantes - Lubrificação;Ponte 25;2026-02-05;Não Executada;AC2-PR25-INSP-25;FEVEREIRO
250977;PERIÓDICA;Pontes Rolantes - Lubrificação;Ponte 25;2026-02-05;Não Executada;AC2-PR25-INSP-26;FEVEREIRO
250978;PERIÓDICA;Pontes Rolantes - Lubrificação;Ponte 25;2026-02-05;Não Executada;AC2-PR25-INSP-26;FEVEREIRO
250979;PERIÓDICA;Pontes Rolantes - Lubrificação;Ponte 25;2026-02-05;Não Executada;AC2-PR25-INSP-27;FEVEREIRO
250980;PERIÓDICA;Pontes Rolantes - Lubrificação;Ponte 25;2026-02-05;Não Executada;AC2-PR25-INSP-27;FEVEREIRO
250981;PERIÓDICA;Pontes Rolantes - Lubrificação;Ponte 25;2026-02-05;Não Executada;AC2-PR25-INSP-28;FEVEREIRO
250982;PERIÓDICA;Pontes Rolantes - Lubrificação;Ponte 25;2026-02-05;Não Executada;AC2-PR25-INSP-28;FEVEREIRO
250983;PERIÓDICA;Pontes Rolantes - Lubrificação;Ponte 25;2026-02-05;Não Executada;AC2-PR25-LUBR-24;FEVEREIRO
250984;PERIÓDICA;Pontes Rolantes - Lubrificação;Ponte 26;2026-02-05;Não Executada;AC2-PR26-INSP-29;FEVEREIRO
250985;PERIÓDICA;Pontes Rolantes - Lubrificação;Ponte 26;2026-02-05;Não Executada;AC2-PR26-INSP-29;FEVEREIRO
250986;PERIÓDICA;Pontes Rolantes - Lubrificação;Ponte 26;2026-02-05;Não Executada;AC2-PR26-INSP-30;FEVEREIRO
250987;PERIÓDICA;Pontes Rolantes - Lubrificação;Ponte 26;2026-02-05;Não Executada;AC2-PR26-INSP-30;FEVEREIRO
250988;PERIÓDICA;Pontes Rolantes - Lubrificação;Ponte 26;2026-02-05;Não Executada;AC2-PR26-INSP-31;FEVEREIRO
250989;PERIÓDICA;Pontes Rolantes - Lubrificação;Ponte 26;2026-02-05;Não Executada;AC2-PR26-INSP-31;FEVEREIRO
250990;PERIÓDICA;Pontes Rolantes - Lubrificação;Ponte 26;2026-02-05;Não Executada;AC2-PR26-INSP-33;FEVEREIRO
250991;PERIÓDICA;Pontes Rolantes - Lubrificação;Ponte 26;2026-02-05;Não Executada;AC2-PR26-INSP-33;FEVEREIRO
250992;PERIÓDICA;Pontes Rolantes - Lubrificação;Ponte 26;2026-02-05;Não Executada;AC2-PR26-INSP-34;FEVEREIRO
250993;PERIÓDICA;Pontes Rolantes - Lubrificação;Ponte 26;2026-02-05;Não Executada;AC2-PR26-INSP-34;FEVEREIRO
250994;PERIÓDICA;Pontes Rolantes - Lubrificação;Ponte 26;2026-02-05;Não Executada;AC2-PR26-INSP-35;FEVEREIRO
250995;PERIÓDICA;Pontes Rolantes - Lubrificação;Ponte 26;2026-02-05;Não Executada;AC2-PR26-INSP-35;FEVEREIRO
250996;PERIÓDICA;Pontes Rolantes - Lubrificação;Ponte 26;2026-02-05;Executada;AC2-PR26-LUBR-29;FEVEREIRO
250997;PERIÓDICA;Pontes Rolantes - Lubrificação;Ponte 27;2026-02-05;Não Executada;AC2-PR27-INSP-36;FEVEREIRO
250998;PERIÓDICA;Pontes Rolantes - Lubrificação;Ponte 27;2026-02-05;Não Executada;AC2-PR27-INSP-36;FEVEREIRO
250999;PERIÓDICA;Pontes Rolantes - Lubrificação;Ponte 27;2026-02-05;Não Executada;AC2-PR27-INSP-37;FEVEREIRO
251000;PERIÓDICA;Pontes Rolantes - Lubrificação;Ponte 27;2026-02-05;Não Executada;AC2-PR27-INSP-37;FEVEREIRO
251001;PERIÓDICA;Pontes Rolantes - Lubrificação;Ponte 27;2026-02-05;Não Executada;AC2-PR27-INSP-38;FEVEREIRO
251002;PERIÓDICA;Pontes Rolantes - Lubrificação;Ponte 27;2026-02-05;Não Executada;AC2-PR27-INSP-38;FEVEREIRO
251003;PERIÓDICA;Pontes Rolantes - Lubrificação;Ponte 27;2026-02-05;Não Executada;AC2-PR27-INSP-39;FEVEREIRO
251004;PERIÓDICA;Pontes Rolantes - Lubrificação;Ponte 27;2026-02-05;Não Executada;AC2-PR27-INSP-39;FEVEREIRO
251005;PERIÓDICA;Pontes Rolantes - Lubrificação;Ponte 27;2026-02-05;Não Executada;AC2-PR27-INSP-40;FEVEREIRO
251006;PERIÓDICA;Pontes Rolantes - Lubrificação;Ponte 27;2026-02-05;Não Executada;AC2-PR27-INSP-40;FEVEREIRO
251007;PERIÓDICA;Pontes Rolantes - Lubrificação;Ponte 27;2026-02-05;Não Executada;AC2-PR27-INSP-41;FEVEREIRO
251008;PERIÓDICA;Pontes Rolantes - Lubrificação;Ponte 27;2026-02-05;Não Executada;AC2-PR27-INSP-41;FEVEREIRO
251009;PERIÓDICA;Pontes Rolantes - Lubrificação;Ponte 27;2026-02-05;Executada;AC2-PR27-LUBR-34;FEVEREIRO
251010;PERIÓDICA;Pontes Rolantes - Lubrificação;Ponte 28;2026-02-05;Não Executada;AC2-PR28-INSP-42;FEVEREIRO
251011;PERIÓDICA;Pontes Rolantes - Lubrificação;Ponte 28;2026-02-05;Não Executada;AC2-PR28-INSP-42;FEVEREIRO
251012;PERIÓDICA;Pontes Rolantes - Lubrificação;Ponte 28;2026-02-05;Não Executada;AC2-PR28-INSP-43;FEVEREIRO
251013;PERIÓDICA;Pontes Rolantes - Lubrificação;Ponte 28;2026-02-05;Não Executada;AC2-PR28-INSP-43;FEVEREIRO
251014;PERIÓDICA;Pontes Rolantes - Lubrificação;Ponte 28;2026-02-05;Não Executada;AC2-PR28-INSP-44;FEVEREIRO
251015;PERIÓDICA;Pontes Rolantes - Lubrificação;Ponte 28;2026-02-05;Não Executada;AC2-PR28-INSP-44;FEVEREIRO
251016;PERIÓDICA;Pontes Rolantes - Lubrificação;Ponte Rolante;2026-02-05;Executada;AC2-REDUT-ELEV2;FEVEREIRO
251017;PERIÓDICA;Pontes Rolantes - Lubrificação;Ponte Rolante;2026-02-05;Executada;AC2-REDUT-ELEV1;FEVEREIRO
251018;PERIÓDICA;Pontes Rolantes - Lubrificação;Ponte 23;2026-02-05;Não Executada;AC2-PR23-LUBR-12;FEVEREIRO
251019;PERIÓDICA;Pontes Rolantes - Lubrificação;Ponte 23;2026-02-05;Não Executada;AC2-PR23-LUBR-13;FEVEREIRO
251020;PERIÓDICA;Pontes Rolantes - Lubrificação;Ponte 24;2026-02-05;Não Executada;AC2-PR24-LUBR-17;FEVEREIRO
251021;PERIÓDICA;Pontes Rolantes - Lubrificação;Ponte 24;2026-02-05;Não Executada;AC2-PR24-LUBR-18;FEVEREIRO
251022;PERIÓDICA;Pontes Rolantes - Lubrificação;Refrigeração;2026-02-05;Não Executada;AC2-P21-RFG-AR1;FEVEREIRO
251023;PERIÓDICA;Pontes Rolantes - Lubrificação;Refrigeração;2026-02-05;Não Executada;AC2-P21-RFG-AR2;FEVEREIRO
251024;PERIÓDICA;Pontes Rolantes - Lubrificação;Ponte 21;2026-02-05;Não Executada;AC2-PR21-LUBR-00;FEVEREIRO
251025;PERIÓDICA;Pontes Rolantes - Lubrificação;Ponte 21;2026-02-05;Não Executada;AC2-PR21-LUBR-00;FEVEREIRO
251026;PERIÓDICA;Pontes Rolantes - Lubrificação;Ponte 21;2026-02-05;Não Executada;AC2-PR21-LUBR-01;FEVEREIRO
251027;PERIÓDICA;Pontes Rolantes - Lubrificação;Ponte 21;2026-02-05;Não Executada;AC2-PR21-LUBR-01;FEVEREIRO
251028;PERIÓDICA;Pontes Rolantes - Lubrificação;Ponte 22;2026-02-05;Não Executada;AC2-PR22-LUBR-05;FEVEREIRO
251029;PERIÓDICA;Pontes Rolantes - Lubrificação;Ponte 22;2026-02-05;Não Executada;AC2-PR22-LUBR-05;FEVEREIRO
251030;PERIÓDICA;Pontes Rolantes - Lubrificação;Ponte 22;2026-02-05;Não Executada;AC2-PR22-LUBR-06;FEVEREIRO
251031;PERIÓDICA;Pontes Rolantes - Lubrificação;Ponte 22;2026-02-05;Não Executada;AC2-PR22-LUBR-06;FEVEREIRO
251032;PERIÓDICA;Pontes Rolantes - Lubrificação;Ponte 23;2026-02-05;Executada;AC2-PR23-LUBR-10;FEVEREIRO
251033;PERIÓDICA;Pontes Rolantes - Lubrificação;Ponte 23;2026-02-05;Executada;AC2-PR23-LUBR-10;FEVEREIRO
251034;PERIÓDICA;Pontes Rolantes - Lubrificação;Ponte 23;2026-02-05;Executada;AC2-PR23-LUBR-11;FEVEREIRO
251035;PERIÓDICA;Pontes Rolantes - Lubrificação;Ponte 23;2026-02-05;Executada;AC2-PR23-LUBR-11;FEVEREIRO
251036;PERIÓDICA;Pontes Rolantes - Lubrificação;Ponte 24;2026-02-05;Não Executada;AC2-PR24-LUBR-15;FEVEREIRO
251037;PERIÓDICA;Pontes Rolantes - Lubrificação;Ponte 24;2026-02-05;Executada;AC2-PR24-LUBR-15;FEVEREIRO
251038;PERIÓDICA;Pontes Rolantes - Lubrificação;Ponte 24;2026-02-05;Executada;AC2-PR24-LUBR-16;FEVEREIRO
251039;PERIÓDICA;Pontes Rolantes - Lubrificação;Ponte 24;2026-02-05;Executada;AC2-PR24-LUBR-16;FEVEREIRO
251040;PERIÓDICA;Pontes Rolantes - Lubrificação;Ponte 25;2026-02-05;Executada;AC2-PR25-LUBR-20;FEVEREIRO
251041;PERIÓDICA;Pontes Rolantes - Lubrificação;Ponte 25;2026-02-05;Executada;AC2-PR25-LUBR-20;FEVEREIRO
251042;PERIÓDICA;Pontes Rolantes - Lubrificação;Ponte 25;2026-02-05;Não Executada;AC2-PR25-LUBR-21;FEVEREIRO
251043;PERIÓDICA;Pontes Rolantes - Lubrificação;Ponte 25;2026-02-05;Executada;AC2-PR25-LUBR-21;FEVEREIRO
251044;PERIÓDICA;Pontes Rolantes - Lubrificação;Ponte 26;2026-02-05;Não Executada;AC2-PR26-LUBR-25;FEVEREIRO
251045;PERIÓDICA;Pontes Rolantes - Lubrificação;Ponte 26;2026-02-05;Não Executada;AC2-PR26-LUBR-25;FEVEREIRO
251046;PERIÓDICA;Pontes Rolantes - Lubrificação;Ponte 26;2026-02-05;Não Executada;AC2-PR26-LUBR-26;FEVEREIRO
251047;PERIÓDICA;Pontes Rolantes - Lubrificação;Ponte 26;2026-02-05;Não Executada;AC2-PR26-LUBR-26;FEVEREIRO
251048;PERIÓDICA;Pontes Rolantes - Lubrificação;Ponte 27;2026-02-05;Não Executada;AC2-PR27-LUBR-30;FEVEREIRO
251049;PERIÓDICA;Pontes Rolantes - Lubrificação;Ponte 27;2026-02-05;Não Executada;AC2-PR27-LUBR-30;FEVEREIRO
251050;PERIÓDICA;Pontes Rolantes - Lubrificação;Ponte 27;2026-02-05;Executada;AC2-PR27-LUBR-31;FEVEREIRO
251051;PERIÓDICA;Pontes Rolantes - Lubrificação;Ponte 27;2026-02-05;Executada;AC2-PR27-LUBR-31;FEVEREIRO
251052;PERIÓDICA;Pontes Rolantes - Lubrificação;Ponte 26;2026-02-05;Não Executada;AC2-PR26-LUBR-38;FEVEREIRO
251053;PERIÓDICA;Pontes Rolantes - Lubrificação;Ponte 26;2026-02-05;Não Executada;AC2-PR26-LUBR-38;FEVEREIRO
251054;PERIÓDICA;Pontes Rolantes - Lubrificação;Ponte 26;2026-02-05;Executada;AC2-PR26-LUBR-39;FEVEREIRO
251055;PERIÓDICA;Pontes Rolantes - Lubrificação;Ponte 26;2026-02-05;Executada;AC2-PR26-LUBR-39;FEVEREIRO
251056;PERIÓDICA;Pontes Rolantes - Lubrificação;Garra 1;2026-02-05;Não Executada;AC2-PR-GAR-GAR1;FEVEREIRO
251057;PERIÓDICA;Pontes Rolantes - Lubrificação;Garra 1;2026-02-05;Executada;AC2-PR-GAR-GAR1;FEVEREIRO
255074;PERIÓDICA;Pontes Rolantes - Mecânica;Ponte 21;2026-03-02;Executada;AC2-PR21-INSP-03;MARÇO
255075;PERIÓDICA;Pontes Rolantes - Mecânica;Ponte 21;2026-03-18;Executada;AC2-PR21-INSP-03;MARÇO
255076;PERIÓDICA;Pontes Rolantes - Lubrificação;Garra 2;2026-03-07;Executada;AC2-PR-GAR-GAR2;MARÇO
255077;PERIÓDICA;Pontes Rolantes - Lubrificação;Garra 2;2026-03-23;Executada;AC2-PR-GAR-GAR2;MARÇO
255078;PERIÓDICA;Pontes Rolantes - Lubrificação;Ponte 21;2026-03-28;Executada;AC2-PR21-LUBR-02;MARÇO
255079;PERIÓDICA;Pontes Rolantes - Lubrificação;Ponte 21;2026-03-28;Executada;AC2-PR21-LUBR-03;MARÇO
255080;PERIÓDICA;Pontes Rolantes - Lubrificação;Ponte 22;2026-03-02;Executada;AC2-PR22-LUBR-07;MARÇO
255081;PERIÓDICA;Pontes Rolantes - Lubrificação;Ponte 22;2026-03-02;Executada;AC2-PR22-LUBR-08;MARÇO
255082;PERIÓDICA;Pontes Rolantes - Lubrificação;Ponte 25;2026-03-02;Executada;AC2-PR25-LUBR-22;MARÇO
255083;PERIÓDICA;Pontes Rolantes - Lubrificação;Ponte 25;2026-03-02;Executada;AC2-PR25-LUBR-23;MARÇO
255084;PERIÓDICA;Pontes Rolantes - Lubrificação;Ponte 26;2026-03-02;Não Executada;AC2-PR26-LUBR-27;MARÇO
255085;PERIÓDICA;Pontes Rolantes - Lubrificação;Ponte 26;2026-03-02;Não Executada;AC2-PR26-LUBR-28;MARÇO
255086;PERIÓDICA;Pontes Rolantes - Lubrificação;Ponte 27;2026-03-02;Executada;AC2-PR27-LUBR-32;MARÇO
255087;PERIÓDICA;Pontes Rolantes - Lubrificação;Ponte 27;2026-03-02;Executada;AC2-PR27-LUBR-33;MARÇO
255088;PERIÓDICA;Pontes Rolantes - Mecânica;Ponte 21;2026-03-02;Executada;AC2-PR21-INSP-00;MARÇO
255089;PERIÓDICA;Pontes Rolantes - Mecânica;Ponte 21;2026-03-18;Executada;AC2-PR21-INSP-00;MARÇO
255090;PERIÓDICA;Pontes Rolantes - Mecânica;Ponte 21;2026-03-02;Executada;AC2-PR21-INSP-01;MARÇO
255091;PERIÓDICA;Pontes Rolantes - Mecânica;Ponte 21;2026-03-18;Executada;AC2-PR21-INSP-01;MARÇO
255092;PERIÓDICA;Pontes Rolantes - Mecânica;Ponte 21;2026-03-02;Executada;AC2-PR21-INSP-02;MARÇO
255093;PERIÓDICA;Pontes Rolantes - Mecânica;Ponte 21;2026-03-18;Executada;AC2-PR21-INSP-02;MARÇO
255094;PERIÓDICA;Pontes Rolantes - Mecânica;Ponte 21;2026-03-02;Executada;AC2-PR21-INSP-04;MARÇO
255095;PERIÓDICA;Pontes Rolantes - Mecânica;Ponte 21;2026-03-18;Executada;AC2-PR21-INSP-04;MARÇO
255096;PERIÓDICA;Pontes Rolantes - Mecânica;Ponte 21;2026-03-02;Executada;AC2-PR21-INSP-05;MARÇO
255097;PERIÓDICA;Pontes Rolantes - Mecânica;Ponte 21;2026-03-18;Executada;AC2-PR21-INSP-05;MARÇO
255098;PERIÓDICA;Pontes Rolantes - Lubrificação;Ponte 21;2026-03-28;Executada;AC2-PR21-LUBR-04;MARÇO
255099;PERIÓDICA;Pontes Rolantes - Mecânica;Ponte 22;2026-03-02;Executada;AC2-PR22-INSP-06;MARÇO
255100;PERIÓDICA;Pontes Rolantes - Mecânica;Ponte 22;2026-03-18;Executada;AC2-PR22-INSP-06;MARÇO
255101;PERIÓDICA;Pontes Rolantes - Mecânica;Ponte 22;2026-03-02;Executada;AC2-PR22-INSP-07;MARÇO
255102;PERIÓDICA;Pontes Rolantes - Mecânica;Ponte 22;2026-03-18;Executada;AC2-PR22-INSP-07;MARÇO
255103;PERIÓDICA;Pontes Rolantes - Mecânica;Ponte 22;2026-03-02;Não Executada;AC2-PR22-INSP-08;MARÇO
255104;PERIÓDICA;Pontes Rolantes - Mecânica;Ponte 22;2026-03-18;Não Executada;AC2-PR22-INSP-08;MARÇO
255105;PERIÓDICA;Pontes Rolantes - Mecânica;Ponte 22;2026-03-02;Não Executada;AC2-PR22-INSP-09;MARÇO
255106;PERIÓDICA;Pontes Rolantes - Mecânica;Ponte 22;2026-03-18;Não Executada;AC2-PR22-INSP-09;MARÇO
255107;PERIÓDICA;Pontes Rolantes - Mecânica;Ponte 22;2026-03-02;Executada;AC2-PR22-INSP-10;MARÇO
255108;PERIÓDICA;Pontes Rolantes - Mecânica;Ponte 22;2026-03-18;Não Executada;AC2-PR22-INSP-10;MARÇO
255109;PERIÓDICA;Pontes Rolantes - Mecânica;Ponte 22;2026-03-02;Executada;AC2-PR22-INSP-11;MARÇO
255110;PERIÓDICA;Pontes Rolantes - Mecânica;Ponte 22;2026-03-18;Não Executada;AC2-PR22-INSP-11;MARÇO
255111;PERIÓDICA;Pontes Rolantes - Lubrificação;Ponte 22;2026-03-02;Executada;AC2-PR22-LUBR-09;MARÇO
255112;PERIÓDICA;Pontes Rolantes - Mecânica;Ponte 23;2026-03-02;Executada;AC2-PR23-INSP-12;MARÇO
255113;PERIÓDICA;Pontes Rolantes - Mecânica;Ponte 23;2026-03-18;Executada;AC2-PR23-INSP-12;MARÇO
255114;PERIÓDICA;Pontes Rolantes - Mecânica;Ponte 23;2026-03-02;Executada;AC2-PR23-INSP-13;MARÇO
255115;PERIÓDICA;Pontes Rolantes - Mecânica;Ponte 23;2026-03-18;Executada;AC2-PR23-INSP-13;MARÇO
255116;PERIÓDICA;Pontes Rolantes - Mecânica;Ponte 23;2026-03-02;Executada;AC2-PR23-INSP-14;MARÇO
255117;PERIÓDICA;Pontes Rolantes - Mecânica;Ponte 23;2026-03-18;Executada;AC2-PR23-INSP-14;MARÇO
255118;PERIÓDICA;Pontes Rolantes - Mecânica;Ponte 23;2026-03-02;Executada;AC2-PR23-INSP-15;MARÇO
255119;PERIÓDICA;Pontes Rolantes - Mecânica;Ponte 23;2026-03-18;Não Executada;AC2-PR23-INSP-15;MARÇO
255120;PERIÓDICA;Pontes Rolantes - Mecânica;Ponte 23;2026-03-02;Executada;AC2-PR23-INSP-16;MARÇO
255121;PERIÓDICA;Pontes Rolantes - Mecânica;Ponte 23;2026-03-18;Executada;AC2-PR23-INSP-16;MARÇO
255122;PERIÓDICA;Pontes Rolantes - Mecânica;Ponte 23;2026-03-02;Executada;AC2-PR23-INSP-17;MARÇO
255123;PERIÓDICA;Pontes Rolantes - Mecânica;Ponte 23;2026-03-18;Executada;AC2-PR23-INSP-17;MARÇO
255124;PERIÓDICA;Pontes Rolantes - Lubrificação;Ponte 23;2026-03-02;Executada;AC2-PR23-LUBR-14;MARÇO
255125;PERIÓDICA;Pontes Rolantes - Mecânica;Ponte 24;2026-03-02;Não Executada;AC2-PR24-INSP-18;MARÇO
255126;PERIÓDICA;Pontes Rolantes - Mecânica;Ponte 24;2026-03-18;Não Executada;AC2-PR24-INSP-18;MARÇO
255127;PERIÓDICA;Pontes Rolantes - Mecânica;Ponte 24;2026-03-02;Executada;AC2-PR24-INSP-19;MARÇO
255128;PERIÓDICA;Pontes Rolantes - Mecânica;Ponte 24;2026-03-18;Não Executada;AC2-PR24-INSP-19;MARÇO
255129;PERIÓDICA;Pontes Rolantes - Mecânica;Ponte 24;2026-03-02;Não Executada;AC2-PR24-INSP-20;MARÇO
255130;PERIÓDICA;Pontes Rolantes - Mecânica;Ponte 24;2026-03-18;Não Executada;AC2-PR24-INSP-20;MARÇO
255131;PERIÓDICA;Pontes Rolantes - Mecânica;Ponte 24;2026-03-02;Não Executada;AC2-PR24-INSP-21;MARÇO
255132;PERIÓDICA;Pontes Rolantes - Mecânica;Ponte 24;2026-03-18;Não Executada;AC2-PR24-INSP-21;MARÇO
255133;PERIÓDICA;Pontes Rolantes - Mecânica;Ponte 24;2026-03-02;Executada;AC2-PR24-INSP-22;MARÇO
255134;PERIÓDICA;Pontes Rolantes - Mecânica;Ponte 24;2026-03-18;Não Executada;AC2-PR24-INSP-22;MARÇO
255135;PERIÓDICA;Pontes Rolantes - Mecânica;Ponte 24;2026-03-02;Executada;AC2-PR24-INSP-23;MARÇO
255136;PERIÓDICA;Pontes Rolantes - Mecânica;Ponte 24;2026-03-18;Não Executada;AC2-PR24-INSP-23;MARÇO
255137;PERIÓDICA;Pontes Rolantes - Lubrificação;Ponte 24;2026-03-02;Executada;AC2-PR24-LUBR-41;MARÇO
255138;PERIÓDICA;Pontes Rolantes - Mecânica;Ponte 25;2026-03-02;Executada;AC2-PR25-INSP-24;MARÇO
255139;PERIÓDICA;Pontes Rolantes - Mecânica;Ponte 25;2026-03-18;Executada;AC2-PR25-INSP-24;MARÇO
255140;PERIÓDICA;Pontes Rolantes - Mecânica;Ponte 25;2026-03-02;Executada;AC2-PR25-INSP-25;MARÇO
255141;PERIÓDICA;Pontes Rolantes - Mecânica;Ponte 25;2026-03-18;Executada;AC2-PR25-INSP-25;MARÇO
255142;PERIÓDICA;Pontes Rolantes - Mecânica;Ponte 25;2026-03-02;Executada;AC2-PR25-INSP-26;MARÇO
255143;PERIÓDICA;Pontes Rolantes - Mecânica;Ponte 25;2026-03-18;Executada;AC2-PR25-INSP-26;MARÇO
255144;PERIÓDICA;Pontes Rolantes - Mecânica;Ponte 25;2026-03-02;Executada;AC2-PR25-INSP-27;MARÇO
255145;PERIÓDICA;Pontes Rolantes - Mecânica;Ponte 25;2026-03-18;Executada;AC2-PR25-INSP-27;MARÇO
255146;PERIÓDICA;Pontes Rolantes - Mecânica;Ponte 25;2026-03-02;Executada;AC2-PR25-INSP-28;MARÇO
255147;PERIÓDICA;Pontes Rolantes - Mecânica;Ponte 25;2026-03-18;Executada;AC2-PR25-INSP-28;MARÇO
255148;PERIÓDICA;Pontes Rolantes - Lubrificação;Ponte 25;2026-03-02;Executada;AC2-PR25-LUBR-24;MARÇO
255149;PERIÓDICA;Pontes Rolantes - Mecânica;Ponte 26;2026-03-02;Executada;AC2-PR26-INSP-29;MARÇO
255150;PERIÓDICA;Pontes Rolantes - Mecânica;Ponte 26;2026-03-18;Executada;AC2-PR26-INSP-29;MARÇO
255151;PERIÓDICA;Pontes Rolantes - Mecânica;Ponte 26;2026-03-02;Executada;AC2-PR26-INSP-30;MARÇO
255152;PERIÓDICA;Pontes Rolantes - Mecânica;Ponte 26;2026-03-18;Executada;AC2-PR26-INSP-30;MARÇO
255153;PERIÓDICA;Pontes Rolantes - Mecânica;Ponte 26;2026-03-02;Executada;AC2-PR26-INSP-31;MARÇO
255154;PERIÓDICA;Pontes Rolantes - Mecânica;Ponte 26;2026-03-18;Executada;AC2-PR26-INSP-31;MARÇO
255155;PERIÓDICA;Pontes Rolantes - Mecânica;Ponte 26;2026-03-02;Executada;AC2-PR26-INSP-33;MARÇO
255156;PERIÓDICA;Pontes Rolantes - Mecânica;Ponte 26;2026-03-18;Executada;AC2-PR26-INSP-33;MARÇO
255157;PERIÓDICA;Pontes Rolantes - Mecânica;Ponte 26;2026-03-02;Executada;AC2-PR26-INSP-34;MARÇO
255158;PERIÓDICA;Pontes Rolantes - Mecânica;Ponte 26;2026-03-18;Executada;AC2-PR26-INSP-34;MARÇO
255159;PERIÓDICA;Pontes Rolantes - Mecânica;Ponte 26;2026-03-02;Executada;AC2-PR26-INSP-35;MARÇO
255160;PERIÓDICA;Pontes Rolantes - Mecânica;Ponte 26;2026-03-18;Executada;AC2-PR26-INSP-35;MARÇO
255161;PERIÓDICA;Pontes Rolantes - Lubrificação;Ponte 26;2026-03-02;Executada;AC2-PR26-LUBR-29;MARÇO
255162;PERIÓDICA;Pontes Rolantes - Mecânica;Ponte 27;2026-03-02;Executada;AC2-PR27-INSP-36;MARÇO
255163;PERIÓDICA;Pontes Rolantes - Mecânica;Ponte 27;2026-03-18;Executada;AC2-PR27-INSP-36;MARÇO
255164;PERIÓDICA;Pontes Rolantes - Mecânica;Ponte 27;2026-03-02;Não Executada;AC2-PR27-INSP-37;MARÇO
255165;PERIÓDICA;Pontes Rolantes - Mecânica;Ponte 27;2026-03-18;Executada;AC2-PR27-INSP-37;MARÇO
255166;PERIÓDICA;Pontes Rolantes - Mecânica;Ponte 27;2026-03-02;Não Executada;AC2-PR27-INSP-38;MARÇO
255167;PERIÓDICA;Pontes Rolantes - Mecânica;Ponte 27;2026-03-18;Executada;AC2-PR27-INSP-38;MARÇO
255168;PERIÓDICA;Pontes Rolantes - Mecânica;Ponte 27;2026-03-02;Não Executada;AC2-PR27-INSP-39;MARÇO
255169;PERIÓDICA;Pontes Rolantes - Mecânica;Ponte 27;2026-03-18;Executada;AC2-PR27-INSP-39;MARÇO
255170;PERIÓDICA;Pontes Rolantes - Mecânica;Ponte 27;2026-03-02;Não Executada;AC2-PR27-INSP-40;MARÇO
255171;PERIÓDICA;Pontes Rolantes - Mecânica;Ponte 27;2026-03-18;Executada;AC2-PR27-INSP-40;MARÇO
255172;PERIÓDICA;Pontes Rolantes - Mecânica;Ponte 27;2026-03-02;Não Executada;AC2-PR27-INSP-41;MARÇO
255173;PERIÓDICA;Pontes Rolantes - Mecânica;Ponte 27;2026-03-18;Executada;AC2-PR27-INSP-41;MARÇO
255174;PERIÓDICA;Pontes Rolantes - Lubrificação;Ponte 27;2026-03-02;Executada;AC2-PR27-LUBR-34;MARÇO
255175;PERIÓDICA;Pontes Rolantes - Mecânica;Ponte 28;2026-03-02;Executada;AC2-PR28-INSP-42;MARÇO
255176;PERIÓDICA;Pontes Rolantes - Mecânica;Ponte 28;2026-03-18;Executada;AC2-PR28-INSP-42;MARÇO
255177;PERIÓDICA;Pontes Rolantes - Mecânica;Ponte 28;2026-03-02;Executada;AC2-PR28-INSP-43;MARÇO
255178;PERIÓDICA;Pontes Rolantes - Mecânica;Ponte 28;2026-03-18;Executada;AC2-PR28-INSP-43;MARÇO
255179;PERIÓDICA;Pontes Rolantes - Mecânica;Ponte 28;2026-03-02;Executada;AC2-PR28-INSP-44;MARÇO
255180;PERIÓDICA;Pontes Rolantes - Mecânica;Ponte 28;2026-03-18;Executada;AC2-PR28-INSP-44;MARÇO
255181;PERIÓDICA;Pontes Rolantes - Lubrificação;Ponte 28;2026-03-07;Executada;AC2-PR28-LUBR-35;MARÇO
255182;PERIÓDICA;Pontes Rolantes - Lubrificação;Ponte 28;2026-03-07;Executada;AC2-PR28-LUBR-36;MARÇO
255183;PERIÓDICA;Pontes Rolantes - Lubrificação;Ponte 28;2026-03-07;Executada;AC2-PR28-LUBR-37;MARÇO
255184;PERIÓDICA;Pontes Rolantes - Lubrificação;Ponte Rolante;2026-03-02;Executada;AC2-REDUT-ELEV2;MARÇO
255185;PERIÓDICA;Pontes Rolantes - Lubrificação;Ponte Rolante;2026-03-28;Executada;AC2-REDUT-ELEV1;MARÇO
255186;PERIÓDICA;Pontes Rolantes - Lubrificação;Ponte 23;2026-03-02;Executada;AC2-PR23-LUBR-12;MARÇO
255187;PERIÓDICA;Pontes Rolantes - Lubrificação;Ponte 23;2026-03-02;Executada;AC2-PR23-LUBR-13;MARÇO
255188;PERIÓDICA;Pontes Rolantes - Lubrificação;Ponte 24;2026-03-02;Executada;AC2-PR24-LUBR-17;MARÇO
255189;PERIÓDICA;Pontes Rolantes - Lubrificação;Ponte 24;2026-03-02;Executada;AC2-PR24-LUBR-18;MARÇO
255190;PERIÓDICA;Refrigeração;Refrigeração;2026-03-02;Executada;AC2-P21-RFG-AR1;MARÇO
255191;PERIÓDICA;Refrigeração;Refrigeração;2026-03-02;Executada;AC2-P21-RFG-AR2;MARÇO
255192;PERIÓDICA;Refrigeração;Refrigeração;2026-03-05;Executada;AC2-P22-RFG-AR3;MARÇO
255193;PERIÓDICA;Refrigeração;Refrigeração;2026-03-05;Executada;AC2-P22-RFG-AR4;MARÇO
255194;PERIÓDICA;Refrigeração;Refrigeração;2026-03-02;Executada;AC2-P23-RFG-AR5;MARÇO
255195;PERIÓDICA;Refrigeração;Refrigeração;2026-03-18;Executada;AC2-P23-RFG-AR5;MARÇO
255196;PERIÓDICA;Refrigeração;Refrigeração;2026-03-02;Executada;AC2-P23-RFG-AR6;MARÇO
255197;PERIÓDICA;Refrigeração;Refrigeração;2026-03-18;Executada;AC2-P23-RFG-AR6;MARÇO
255198;PERIÓDICA;Refrigeração;Refrigeração;2026-03-02;Executada;AC2-P23-RFG-AR7;MARÇO
255199;PERIÓDICA;Refrigeração;Refrigeração;2026-03-18;Executada;AC2-P23-RFG-AR7;MARÇO
255200;PERIÓDICA;Refrigeração;Refrigeração;2026-03-02;Executada;AC2-P24-RF-AR10;MARÇO
255201;PERIÓDICA;Refrigeração;Refrigeração;2026-03-18;Executada;AC2-P24-RF-AR10;MARÇO
255202;PERIÓDICA;Refrigeração;Refrigeração;2026-03-02;Executada;AC2-P24-RFG-AR8;MARÇO
255203;PERIÓDICA;Refrigeração;Refrigeração;2026-03-18;Executada;AC2-P24-RFG-AR8;MARÇO
255204;PERIÓDICA;Refrigeração;Refrigeração;2026-03-02;Executada;AC2-P24-RFG-AR9;MARÇO
255205;PERIÓDICA;Refrigeração;Refrigeração;2026-03-18;Executada;AC2-P24-RFG-AR9;MARÇO
255206;PERIÓDICA;Refrigeração;Refrigeração;2026-03-02;Executada;AC2-P25-RF-AR11;MARÇO
255207;PERIÓDICA;Refrigeração;Refrigeração;2026-03-18;Executada;AC2-P25-RF-AR11;MARÇO
255208;PERIÓDICA;Refrigeração;Refrigeração;2026-03-02;Executada;AC2-P25-RF-AR12;MARÇO
255209;PERIÓDICA;Refrigeração;Refrigeração;2026-03-18;Executada;AC2-P25-RF-AR12;MARÇO
255210;PERIÓDICA;Refrigeração;Refrigeração;2026-03-02;Executada;AC2-P26-RF-AR13;MARÇO
255211;PERIÓDICA;Refrigeração;Refrigeração;2026-03-18;Executada;AC2-P26-RF-AR13;MARÇO
255212;PERIÓDICA;Refrigeração;Refrigeração;2026-03-02;Executada;AC2-P26-RF-AR14;MARÇO
255213;PERIÓDICA;Refrigeração;Refrigeração;2026-03-18;Executada;AC2-P26-RF-AR14;MARÇO
255214;PERIÓDICA;Refrigeração;Refrigeração;2026-03-02;Executada;AC2-P27-RF-AR15;MARÇO
255215;PERIÓDICA;Refrigeração;Refrigeração;2026-03-18;Executada;AC2-P27-RF-AR15;MARÇO
255216;PERIÓDICA;Refrigeração;Refrigeração;2026-03-02;Executada;AC2-P27-RF-AR16;MARÇO
255217;PERIÓDICA;Refrigeração;Refrigeração;2026-03-18;Executada;AC2-P27-RF-AR16;MARÇO
255218;PERIÓDICA;Pontes Rolantes - Lubrificação;Ponte 21;2026-03-17;Executada;AC2-PR21-LUBR-00;MARÇO
255219;PERIÓDICA;Pontes Rolantes - Lubrificação;Ponte 21;2026-03-17;Executada;AC2-PR21-LUBR-01;MARÇO
255220;PERIÓDICA;Pontes Rolantes - Lubrificação;Ponte 22;2026-03-02;Executada;AC2-PR22-LUBR-05;MARÇO
255221;PERIÓDICA;Pontes Rolantes - Lubrificação;Ponte 22;2026-03-18;Executada;AC2-PR22-LUBR-05;MARÇO
255222;PERIÓDICA;Pontes Rolantes - Lubrificação;Ponte 22;2026-03-02;Executada;AC2-PR22-LUBR-06;MARÇO
255223;PERIÓDICA;Pontes Rolantes - Lubrificação;Ponte 22;2026-03-18;Executada;AC2-PR22-LUBR-06;MARÇO
255224;PERIÓDICA;Pontes Rolantes - Lubrificação;Ponte 23;2026-03-07;Não Executada;AC2-PR23-LUBR-10;MARÇO
255225;PERIÓDICA;Pontes Rolantes - Lubrificação;Ponte 23;2026-03-23;Não Executada;AC2-PR23-LUBR-10;MARÇO
255226;PERIÓDICA;Pontes Rolantes - Lubrificação;Ponte 23;2026-03-07;Não Executada;AC2-PR23-LUBR-11;MARÇO
255227;PERIÓDICA;Pontes Rolantes - Lubrificação;Ponte 23;2026-03-23;Não Executada;AC2-PR23-LUBR-11;MARÇO
255228;PERIÓDICA;Pontes Rolantes - Lubrificação;Ponte 24;2026-03-11;Não Executada;AC2-PR24-LUBR-15;MARÇO
255229;PERIÓDICA;Pontes Rolantes - Lubrificação;Ponte 24;2026-03-27;Não Executada;AC2-PR24-LUBR-15;MARÇO
255230;PERIÓDICA;Pontes Rolantes - Lubrificação;Ponte 24;2026-03-02;Não Executada;AC2-PR24-LUBR-16;MARÇO
255231;PERIÓDICA;Pontes Rolantes - Lubrificação;Ponte 24;2026-03-18;Não Executada;AC2-PR24-LUBR-16;MARÇO
255232;PERIÓDICA;Pontes Rolantes - Lubrificação;Ponte 25;2026-03-12;Executada;AC2-PR25-LUBR-20;MARÇO
255233;PERIÓDICA;Pontes Rolantes - Lubrificação;Ponte 25;2026-03-28;Executada;AC2-PR25-LUBR-20;MARÇO
255234;PERIÓDICA;Pontes Rolantes - Lubrificação;Ponte 25;2026-03-12;Executada;AC2-PR25-LUBR-21;MARÇO
255235;PERIÓDICA;Pontes Rolantes - Lubrificação;Ponte 25;2026-03-28;Executada;AC2-PR25-LUBR-21;MARÇO
255236;PERIÓDICA;Pontes Rolantes - Lubrificação;Ponte 26;2026-03-12;Executada;AC2-PR26-LUBR-25;MARÇO
255237;PERIÓDICA;Pontes Rolantes - Lubrificação;Ponte 26;2026-03-28;Executada;AC2-PR26-LUBR-25;MARÇO
255238;PERIÓDICA;Pontes Rolantes - Lubrificação;Ponte 26;2026-03-12;Executada;AC2-PR26-LUBR-26;MARÇO
255239;PERIÓDICA;Pontes Rolantes - Lubrificação;Ponte 26;2026-03-28;Executada;AC2-PR26-LUBR-26;MARÇO
255240;PERIÓDICA;Pontes Rolantes - Lubrificação;Ponte 27;2026-03-12;Executada;AC2-PR27-LUBR-30;MARÇO
255241;PERIÓDICA;Pontes Rolantes - Lubrificação;Ponte 27;2026-03-28;Executada;AC2-PR27-LUBR-30;MARÇO
255242;PERIÓDICA;Pontes Rolantes - Lubrificação;Ponte 27;2026-03-12;Executada;AC2-PR27-LUBR-31;MARÇO
255243;PERIÓDICA;Pontes Rolantes - Lubrificação;Ponte 27;2026-03-28;Executada;AC2-PR27-LUBR-31;MARÇO
255244;PERIÓDICA;Pontes Rolantes - Lubrificação;Ponte 26;2026-03-12;Executada;AC2-PR26-LUBR-38;MARÇO
255245;PERIÓDICA;Pontes Rolantes - Lubrificação;Ponte 26;2026-03-28;Executada;AC2-PR26-LUBR-38;MARÇO
255246;PERIÓDICA;Pontes Rolantes - Lubrificação;Ponte 26;2026-03-12;Executada;AC2-PR26-LUBR-39;MARÇO
255247;PERIÓDICA;Pontes Rolantes - Lubrificação;Ponte 26;2026-03-28;Executada;AC2-PR26-LUBR-39;MARÇO
255248;PERIÓDICA;Pontes Rolantes - Lubrificação;Garra 1;2026-03-07;Executada;AC2-PR-GAR-GAR1;MARÇO
255249;PERIÓDICA;Pontes Rolantes - Lubrificação;Garra 1;2026-03-23;Executada;AC2-PR-GAR-GAR1;MARÇO
260062;PERIÓDICA;Pontes Rolantes - Mecânica;Ponte 21;2026-04-02;Não Executada;AC2-PR21-INSP-01;ABRIL
260263;PERIÓDICA;Pontes Rolantes - Mecânica;Ponte 21;2026-04-02;Executada;AC2-PR21-REV-000;ABRIL
260264;PERIÓDICA;Pontes Rolantes - Mecânica;Ponte 21;2026-04-03;Executada;AC2-PR21-REV-001;ABRIL
260065;PERIÓDICA;Pontes Rolantes - Mecânica;Ponte 21;2026-04-18;Não Executada;AC2-PR21-INSP-02;ABRIL
260070;PERIÓDICA;Pontes Rolantes - Elétrica;Ponte 21;2026-04-02;Não Executada;AC2-PR21-INSP-45;ABRIL
260071;PERIÓDICA;Pontes Rolantes - Elétrica;Ponte 21;2026-04-18;Não Executada;AC2-PR21-INSP-45;ABRIL
260072;PERIÓDICA;Pontes Rolantes - Elétrica;Ponte 21;2026-04-02;Não Executada;AC2-PR21-INSP-46;ABRIL
260073;PERIÓDICA;Pontes Rolantes - Elétrica;Ponte 21;2026-04-18;Não Executada;AC2-PR21-INSP-46;ABRIL
260074;PERIÓDICA;Pontes Rolantes - Elétrica;Ponte 21;2026-04-02;Não Executada;AC2-PR21-INSP-47;ABRIL
260075;PERIÓDICA;Pontes Rolantes - Elétrica;Ponte 21;2026-04-18;Não Executada;AC2-PR21-INSP-47;ABRIL
260076;PERIÓDICA;Pontes Rolantes - Elétrica;Ponte 21;2026-04-02;Não Executada;AC2-PR21-INSP-48;ABRIL
260077;PERIÓDICA;Pontes Rolantes - Elétrica;Ponte 21;2026-04-18;Não Executada;AC2-PR21-INSP-48;ABRIL
260078;PERIÓDICA;Pontes Rolantes - Elétrica;Ponte 21;2026-04-02;Não Executada;AC2-PR21-INSP-49;ABRIL
260079;PERIÓDICA;Pontes Rolantes - Elétrica;Ponte 21;2026-04-18;Não Executada;AC2-PR21-INSP-49;ABRIL
260080;PERIÓDICA;Pontes Rolantes - Elétrica;Ponte 21;2026-04-02;Não Executada;AC2-PR21-INSP-50;ABRIL
260081;PERIÓDICA;Pontes Rolantes - Elétrica;Ponte 21;2026-04-18;Não Executada;AC2-PR21-INSP-50;ABRIL
260229;PERIÓDICA;Pontes Rolantes - Lubrificação;Ponte 21;2026-04-18;Não Executada;AC2-PR21-LUBR-00;ABRIL
260230;PERIÓDICA;Pontes Rolantes - Lubrificação;Ponte 21;2026-04-11;Não Executada;AC2-PR21-LUBR-01;ABRIL
260082;PERIÓDICA;Pontes Rolantes - Lubrificação;Ponte 21;2026-04-11;Não Executada;AC2-PR21-LUBR-04;ABRIL
260265;PERIÓDICA;Pontes Rolantes - Mecânica;Ponte 21;2026-04-06;Não Executada;AC2-PR21-REV-002;ABRIL
260262;PERIÓDICA;Pontes Rolantes - Mecânica;Ponte 21;2026-04-06;Não Executada;AC2-PR21-REV-003;ABRIL
260266;PERIÓDICA;Pontes Rolantes - Mecânica;Ponte 21;2026-04-02;Não Executada;AC2-PR21-REV-005;ABRIL
260267;PERIÓDICA;Pontes Rolantes - Mecânica;Ponte 21;2026-04-02;Não Executada;AC2-PR21-REV-006;ABRIL
260268;PERIÓDICA;Pontes Rolantes - Mecânica;Ponte 21;2026-04-02;Não Executada;AC2-PR21-REV-007;ABRIL
260269;PERIÓDICA;Pontes Rolantes - Elétrica;Ponte 21;2026-04-02;Não Executada;AC2-PR21-REV-041;ABRIL
260270;PERIÓDICA;Pontes Rolantes - Elétrica;Ponte 21;2026-04-02;Não Executada;AC2-PR21-REV-042;ABRIL
260271;PERIÓDICA;Pontes Rolantes - Elétrica;Ponte 21;2026-04-02;Não Executada;AC2-PR21-REV-043;ABRIL
260272;PERIÓDICA;Pontes Rolantes - Elétrica;Ponte 21;2026-04-02;Não Executada;AC2-PR21-REV-044;ABRIL
260273;PERIÓDICA;Pontes Rolantes - Elétrica;Ponte 21;2026-04-02;Não Executada;AC2-PR21-REV-045;ABRIL
260274;PERIÓDICA;Pontes Rolantes - Elétrica;Ponte 21;2026-04-02;Não Executada;AC2-PR21-REV-046;ABRIL
260083;PERIÓDICA;Pontes Rolantes - Mecânica;Ponte 22;2026-04-02;Não Executada;AC2-PR22-INSP-06;ABRIL
260293;PERIÓDICA;Pontes Rolantes - Mecânica;Ponte 24;2026-04-02;Executada;AC2-PR24-REV-030;ABRIL
260294;PERIÓDICA;Pontes Rolantes - Mecânica;Ponte 24;2026-04-02;Executada;AC2-PR24-REV-032;ABRIL
260295;PERIÓDICA;Pontes Rolantes - Mecânica;Ponte 24;2026-04-02;Executada;AC2-PR24-REV-035;ABRIL
260296;PERIÓDICA;Pontes Rolantes - Mecânica;Ponte 24;2026-04-02;Executada;AC2-PR24-REV-039;ABRIL
260046;PERIÓDICA;Pontes Rolantes - Mecânica;Ponte 21;2026-04-02;Executada;AC2-PR21-INSP-03;ABRIL
260047;PERIÓDICA;Pontes Rolantes - Mecânica;Ponte 21;2026-04-18;Executada;AC2-PR21-INSP-03;ABRIL
260086;PERIÓDICA;Pontes Rolantes - Mecânica;Ponte 22;2026-04-21;Não Executada;AC2-PR22-INSP-07;ABRIL
260049;PERIÓDICA;Pontes Rolantes - Lubrificação;Garra 2;2026-04-25;Executada;AC2-PR-GAR-GAR2;ABRIL
260050;PERIÓDICA;Pontes Rolantes - Lubrificação;Ponte 21;2026-04-18;Executada;AC2-PR21-LUBR-02;ABRIL
260051;PERIÓDICA;Pontes Rolantes - Lubrificação;Ponte 21;2026-04-18;Executada;AC2-PR21-LUBR-03;ABRIL
260052;PERIÓDICA;Pontes Rolantes - Lubrificação;Ponte 22;2026-04-02;Executada;AC2-PR22-LUBR-07;ABRIL
260053;PERIÓDICA;Pontes Rolantes - Lubrificação;Ponte 22;2026-04-02;Executada;AC2-PR22-LUBR-08;ABRIL
260054;PERIÓDICA;Pontes Rolantes - Lubrificação;Ponte 25;2026-04-02;Executada;AC2-PR25-LUBR-22;ABRIL
260055;PERIÓDICA;Pontes Rolantes - Lubrificação;Ponte 25;2026-04-02;Executada;AC2-PR25-LUBR-23;ABRIL
260056;PERIÓDICA;Pontes Rolantes - Lubrificação;Ponte 26;2026-04-02;Executada;AC2-PR26-LUBR-27;ABRIL
260057;PERIÓDICA;Pontes Rolantes - Lubrificação;Ponte 26;2026-04-02;Executada;AC2-PR26-LUBR-28;ABRIL
260058;PERIÓDICA;Pontes Rolantes - Lubrificação;Ponte 27;2026-04-02;Executada;AC2-PR27-LUBR-32;ABRIL
260059;PERIÓDICA;Pontes Rolantes - Lubrificação;Ponte 27;2026-04-02;Executada;AC2-PR27-LUBR-33;ABRIL
260060;PERIÓDICA;Pontes Rolantes - Mecânica;Ponte 21;2026-04-11;Executada;AC2-PR21-INSP-00;ABRIL
260061;PERIÓDICA;Pontes Rolantes - Mecânica;Ponte 21;2026-04-27;Executada;AC2-PR21-INSP-00;ABRIL
260095;PERIÓDICA;Pontes Rolantes - Elétrica;Ponte 22;2026-04-02;Não Executada;AC2-PR22-INSP-51;ABRIL
260063;PERIÓDICA;Pontes Rolantes - Mecânica;Ponte 21;2026-04-18;Executada;AC2-PR21-INSP-01;ABRIL
260064;PERIÓDICA;Pontes Rolantes - Mecânica;Ponte 21;2026-04-02;Executada;AC2-PR21-INSP-02;ABRIL
260096;PERIÓDICA;Pontes Rolantes - Elétrica;Ponte 22;2026-04-18;Não Executada;AC2-PR22-INSP-51;ABRIL
260066;PERIÓDICA;Pontes Rolantes - Mecânica;Ponte 21;2026-04-11;Executada;AC2-PR21-INSP-04;ABRIL
260067;PERIÓDICA;Pontes Rolantes - Mecânica;Ponte 21;2026-04-27;Executada;AC2-PR21-INSP-04;ABRIL
260068;PERIÓDICA;Pontes Rolantes - Mecânica;Ponte 21;2026-04-11;Executada;AC2-PR21-INSP-05;ABRIL
260069;PERIÓDICA;Pontes Rolantes - Mecânica;Ponte 21;2026-04-27;Executada;AC2-PR21-INSP-05;ABRIL
260097;PERIÓDICA;Pontes Rolantes - Elétrica;Ponte 22;2026-04-02;Não Executada;AC2-PR22-INSP-52;ABRIL
260098;PERIÓDICA;Pontes Rolantes - Elétrica;Ponte 22;2026-04-18;Não Executada;AC2-PR22-INSP-52;ABRIL
260099;PERIÓDICA;Pontes Rolantes - Elétrica;Ponte 22;2026-04-02;Não Executada;AC2-PR22-INSP-53;ABRIL
260100;PERIÓDICA;Pontes Rolantes - Elétrica;Ponte 22;2026-04-18;Não Executada;AC2-PR22-INSP-53;ABRIL
260101;PERIÓDICA;Pontes Rolantes - Elétrica;Ponte 22;2026-04-02;Não Executada;AC2-PR22-INSP-54;ABRIL
260102;PERIÓDICA;Pontes Rolantes - Elétrica;Ponte 22;2026-04-18;Não Executada;AC2-PR22-INSP-54;ABRIL
260103;PERIÓDICA;Pontes Rolantes - Elétrica;Ponte 22;2026-04-02;Não Executada;AC2-PR22-INSP-55;ABRIL
260104;PERIÓDICA;Pontes Rolantes - Elétrica;Ponte 22;2026-04-18;Não Executada;AC2-PR22-INSP-55;ABRIL
260105;PERIÓDICA;Pontes Rolantes - Elétrica;Ponte 22;2026-04-02;Não Executada;AC2-PR22-INSP-56;ABRIL
260106;PERIÓDICA;Pontes Rolantes - Elétrica;Ponte 22;2026-04-18;Não Executada;AC2-PR22-INSP-56;ABRIL
260233;PERIÓDICA;Pontes Rolantes - Lubrificação;Ponte 22;2026-04-18;Não Executada;AC2-PR22-LUBR-05;ABRIL
260235;PERIÓDICA;Pontes Rolantes - Lubrificação;Ponte 22;2026-04-18;Não Executada;AC2-PR22-LUBR-06;ABRIL
260275;PERIÓDICA;Pontes Rolantes - Mecânica;Ponte 22;2026-04-10;Não Executada;AC2-PR22-REV-009;ABRIL
260276;PERIÓDICA;Pontes Rolantes - Mecânica;Ponte 22;2026-04-02;Não Executada;AC2-PR22-REV-010;ABRIL
260084;PERIÓDICA;Pontes Rolantes - Mecânica;Ponte 22;2026-04-18;Executada;AC2-PR22-INSP-06;ABRIL
260085;PERIÓDICA;Pontes Rolantes - Mecânica;Ponte 22;2026-04-05;Executada;AC2-PR22-INSP-07;ABRIL
260277;PERIÓDICA;Pontes Rolantes - Mecânica;Ponte 22;2026-04-10;Não Executada;AC2-PR22-REV-011;ABRIL
260087;PERIÓDICA;Pontes Rolantes - Mecânica;Ponte 22;2026-04-02;Não Executada;AC2-PR22-INSP-08;ABRIL
260088;PERIÓDICA;Pontes Rolantes - Mecânica;Ponte 22;2026-04-18;Executada;AC2-PR22-INSP-08;ABRIL
260089;PERIÓDICA;Pontes Rolantes - Mecânica;Ponte 22;2026-04-05;Executada;AC2-PR22-INSP-09;ABRIL
260090;PERIÓDICA;Pontes Rolantes - Mecânica;Ponte 22;2026-04-21;Executada;AC2-PR22-INSP-09;ABRIL
260091;PERIÓDICA;Pontes Rolantes - Mecânica;Ponte 22;2026-04-05;Executada;AC2-PR22-INSP-10;ABRIL
260092;PERIÓDICA;Pontes Rolantes - Mecânica;Ponte 22;2026-04-21;Executada;AC2-PR22-INSP-10;ABRIL
260093;PERIÓDICA;Pontes Rolantes - Mecânica;Ponte 22;2026-04-06;Executada;AC2-PR22-INSP-11;ABRIL
260094;PERIÓDICA;Pontes Rolantes - Mecânica;Ponte 22;2026-04-22;Executada;AC2-PR22-INSP-11;ABRIL
260278;PERIÓDICA;Pontes Rolantes - Mecânica;Ponte 22;2026-04-10;Não Executada;AC2-PR22-REV-013;ABRIL
260279;PERIÓDICA;Pontes Rolantes - Mecânica;Ponte 22;2026-04-02;Não Executada;AC2-PR22-REV-014;ABRIL
260280;PERIÓDICA;Pontes Rolantes - Mecânica;Ponte 22;2026-04-10;Não Executada;AC2-PR22-REV-015;ABRIL
260281;PERIÓDICA;Pontes Rolantes - Mecânica;Ponte 22;2026-04-02;Não Executada;AC2-PR22-REV-016;ABRIL
260282;PERIÓDICA;Pontes Rolantes - Mecânica;Ponte 22;2026-04-02;Não Executada;AC2-PR22-REV-017;ABRIL
260283;PERIÓDICA;Pontes Rolantes - Elétrica;Ponte 22;2026-04-02;Não Executada;AC2-PR22-REV-047;ABRIL
260284;PERIÓDICA;Pontes Rolantes - Elétrica;Ponte 22;2026-04-02;Não Executada;AC2-PR22-REV-048;ABRIL
260285;PERIÓDICA;Pontes Rolantes - Elétrica;Ponte 22;2026-04-02;Não Executada;AC2-PR22-REV-049;ABRIL
260286;PERIÓDICA;Pontes Rolantes - Elétrica;Ponte 22;2026-04-02;Não Executada;AC2-PR22-REV-050;ABRIL
260287;PERIÓDICA;Pontes Rolantes - Elétrica;Ponte 22;2026-04-02;Não Executada;AC2-PR22-REV-051;ABRIL
260288;PERIÓDICA;Pontes Rolantes - Elétrica;Ponte 22;2026-04-02;Não Executada;AC2-PR22-REV-052;ABRIL
260114;PERIÓDICA;Pontes Rolantes - Mecânica;Ponte 23;2026-04-02;Executada;AC2-PR23-INSP-15;ABRIL
260107;PERIÓDICA;Pontes Rolantes - Lubrificação;Ponte 22;2026-04-06;Executada;AC2-PR22-LUBR-09;ABRIL
260108;PERIÓDICA;Pontes Rolantes - Mecânica;Ponte 23;2026-04-08;Executada;AC2-PR23-INSP-12;ABRIL
260109;PERIÓDICA;Pontes Rolantes - Mecânica;Ponte 23;2026-04-24;Executada;AC2-PR23-INSP-12;ABRIL
260110;PERIÓDICA;Pontes Rolantes - Mecânica;Ponte 23;2026-04-09;Executada;AC2-PR23-INSP-13;ABRIL
260111;PERIÓDICA;Pontes Rolantes - Mecânica;Ponte 23;2026-04-25;Executada;AC2-PR23-INSP-13;ABRIL
260112;PERIÓDICA;Pontes Rolantes - Mecânica;Ponte 23;2026-04-02;Executada;AC2-PR23-INSP-14;ABRIL
260113;PERIÓDICA;Pontes Rolantes - Mecânica;Ponte 23;2026-04-18;Executada;AC2-PR23-INSP-14;ABRIL
260120;PERIÓDICA;Pontes Rolantes - Elétrica;Ponte 23;2026-04-02;Não Executada;AC2-PR23-INSP-57;ABRIL
260115;PERIÓDICA;Pontes Rolantes - Mecânica;Ponte 23;2026-04-18;Executada;AC2-PR23-INSP-15;ABRIL
260116;PERIÓDICA;Pontes Rolantes - Mecânica;Ponte 23;2026-04-03;Executada;AC2-PR23-INSP-16;ABRIL
260117;PERIÓDICA;Pontes Rolantes - Mecânica;Ponte 23;2026-04-19;Executada;AC2-PR23-INSP-16;ABRIL
260118;PERIÓDICA;Pontes Rolantes - Mecânica;Ponte 23;2026-04-02;Executada;AC2-PR23-INSP-17;ABRIL
260119;PERIÓDICA;Pontes Rolantes - Mecânica;Ponte 23;2026-04-18;Executada;AC2-PR23-INSP-17;ABRIL
260121;PERIÓDICA;Pontes Rolantes - Elétrica;Ponte 23;2026-04-18;Não Executada;AC2-PR23-INSP-57;ABRIL
260122;PERIÓDICA;Pontes Rolantes - Elétrica;Ponte 23;2026-04-02;Não Executada;AC2-PR23-INSP-58;ABRIL
260123;PERIÓDICA;Pontes Rolantes - Elétrica;Ponte 23;2026-04-18;Não Executada;AC2-PR23-INSP-58;ABRIL
260124;PERIÓDICA;Pontes Rolantes - Elétrica;Ponte 23;2026-04-02;Não Executada;AC2-PR23-INSP-59;ABRIL
260125;PERIÓDICA;Pontes Rolantes - Elétrica;Ponte 23;2026-04-18;Não Executada;AC2-PR23-INSP-59;ABRIL
260126;PERIÓDICA;Pontes Rolantes - Elétrica;Ponte 23;2026-04-02;Não Executada;AC2-PR23-INSP-60;ABRIL
260127;PERIÓDICA;Pontes Rolantes - Elétrica;Ponte 23;2026-04-18;Não Executada;AC2-PR23-INSP-60;ABRIL
260128;PERIÓDICA;Pontes Rolantes - Elétrica;Ponte 23;2026-04-02;Não Executada;AC2-PR23-INSP-61;ABRIL
260129;PERIÓDICA;Pontes Rolantes - Elétrica;Ponte 23;2026-04-18;Não Executada;AC2-PR23-INSP-61;ABRIL
260289;PERIÓDICA;Pontes Rolantes - Mecânica;Ponte 23;2026-04-16;Não Executada;AC2-PR23-REV-018;ABRIL
260130;PERIÓDICA;Pontes Rolantes - Lubrificação;Ponte 23;2026-04-23;Executada;AC2-PR23-LUBR-14;ABRIL
260131;PERIÓDICA;Pontes Rolantes - Mecânica;Ponte 24;2026-04-08;Executada;AC2-PR24-INSP-18;ABRIL
260132;PERIÓDICA;Pontes Rolantes - Mecânica;Ponte 24;2026-04-24;Executada;AC2-PR24-INSP-18;ABRIL
260133;PERIÓDICA;Pontes Rolantes - Mecânica;Ponte 24;2026-04-02;Executada;AC2-PR24-INSP-19;ABRIL
260134;PERIÓDICA;Pontes Rolantes - Mecânica;Ponte 24;2026-04-18;Executada;AC2-PR24-INSP-19;ABRIL
260135;PERIÓDICA;Pontes Rolantes - Mecânica;Ponte 24;2026-04-02;Executada;AC2-PR24-INSP-20;ABRIL
260136;PERIÓDICA;Pontes Rolantes - Mecânica;Ponte 24;2026-04-18;Executada;AC2-PR24-INSP-20;ABRIL
260137;PERIÓDICA;Pontes Rolantes - Mecânica;Ponte 24;2026-04-02;Executada;AC2-PR24-INSP-21;ABRIL
260138;PERIÓDICA;Pontes Rolantes - Mecânica;Ponte 24;2026-04-18;Executada;AC2-PR24-INSP-21;ABRIL
260139;PERIÓDICA;Pontes Rolantes - Mecânica;Ponte 24;2026-04-02;Executada;AC2-PR24-INSP-22;ABRIL
260140;PERIÓDICA;Pontes Rolantes - Mecânica;Ponte 24;2026-04-18;Executada;AC2-PR24-INSP-22;ABRIL
260141;PERIÓDICA;Pontes Rolantes - Mecânica;Ponte 24;2026-04-02;Executada;AC2-PR24-INSP-23;ABRIL
260142;PERIÓDICA;Pontes Rolantes - Mecânica;Ponte 24;2026-04-18;Executada;AC2-PR24-INSP-23;ABRIL
260290;PERIÓDICA;Pontes Rolantes - Mecânica;Ponte 23;2026-04-02;Não Executada;AC2-PR23-REV-021;ABRIL
260291;PERIÓDICA;Pontes Rolantes - Mecânica;Ponte 23;2026-04-02;Não Executada;AC2-PR23-REV-024;ABRIL
260292;PERIÓDICA;Pontes Rolantes - Mecânica;Ponte 23;2026-04-02;Não Executada;AC2-PR23-REV-028;ABRIL
260143;PERIÓDICA;Pontes Rolantes - Elétrica;Ponte 24;2026-04-02;Não Executada;AC2-PR24-INSP-62;ABRIL
260144;PERIÓDICA;Pontes Rolantes - Elétrica;Ponte 24;2026-04-18;Não Executada;AC2-PR24-INSP-62;ABRIL
260145;PERIÓDICA;Pontes Rolantes - Elétrica;Ponte 24;2026-04-02;Não Executada;AC2-PR24-INSP-63;ABRIL
260146;PERIÓDICA;Pontes Rolantes - Elétrica;Ponte 24;2026-04-18;Não Executada;AC2-PR24-INSP-63;ABRIL
260147;PERIÓDICA;Pontes Rolantes - Elétrica;Ponte 24;2026-04-02;Não Executada;AC2-PR24-INSP-64;ABRIL
260148;PERIÓDICA;Pontes Rolantes - Elétrica;Ponte 24;2026-04-18;Não Executada;AC2-PR24-INSP-64;ABRIL
260149;PERIÓDICA;Pontes Rolantes - Elétrica;Ponte 24;2026-04-02;Não Executada;AC2-PR24-INSP-65;ABRIL
260153;PERIÓDICA;Pontes Rolantes - Lubrificação;Ponte 24;2026-04-30;Executada;AC2-PR24-LUBR-41;ABRIL
260150;PERIÓDICA;Pontes Rolantes - Elétrica;Ponte 24;2026-04-18;Não Executada;AC2-PR24-INSP-65;ABRIL
260155;PERIÓDICA;Pontes Rolantes - Mecânica;Ponte 25;2026-04-18;Executada;AC2-PR25-INSP-24;ABRIL
260151;PERIÓDICA;Pontes Rolantes - Elétrica;Ponte 24;2026-04-02;Não Executada;AC2-PR24-INSP-66;ABRIL
260157;PERIÓDICA;Pontes Rolantes - Mecânica;Ponte 25;2026-04-18;Executada;AC2-PR25-INSP-25;ABRIL
260152;PERIÓDICA;Pontes Rolantes - Elétrica;Ponte 24;2026-04-18;Não Executada;AC2-PR24-INSP-66;ABRIL
260159;PERIÓDICA;Pontes Rolantes - Mecânica;Ponte 25;2026-04-18;Executada;AC2-PR25-INSP-26;ABRIL
260154;PERIÓDICA;Pontes Rolantes - Mecânica;Ponte 25;2026-04-02;Não Executada;AC2-PR25-INSP-24;ABRIL
260161;PERIÓDICA;Pontes Rolantes - Mecânica;Ponte 25;2026-04-18;Executada;AC2-PR25-INSP-27;ABRIL
260156;PERIÓDICA;Pontes Rolantes - Mecânica;Ponte 25;2026-04-02;Não Executada;AC2-PR25-INSP-25;ABRIL
260163;PERIÓDICA;Pontes Rolantes - Mecânica;Ponte 25;2026-04-18;Executada;AC2-PR25-INSP-28;ABRIL
260164;PERIÓDICA;Pontes Rolantes - Lubrificação;Ponte 25;2026-04-07;Executada;AC2-PR25-LUBR-24;ABRIL
260165;PERIÓDICA;Pontes Rolantes - Mecânica;Ponte 26;2026-04-12;Executada;AC2-PR26-INSP-29;ABRIL
260166;PERIÓDICA;Pontes Rolantes - Mecânica;Ponte 26;2026-04-28;Executada;AC2-PR26-INSP-29;ABRIL
260167;PERIÓDICA;Pontes Rolantes - Mecânica;Ponte 26;2026-04-13;Executada;AC2-PR26-INSP-30;ABRIL
260168;PERIÓDICA;Pontes Rolantes - Mecânica;Ponte 26;2026-04-29;Executada;AC2-PR26-INSP-30;ABRIL
260169;PERIÓDICA;Pontes Rolantes - Mecânica;Ponte 26;2026-04-13;Executada;AC2-PR26-INSP-31;ABRIL
260170;PERIÓDICA;Pontes Rolantes - Mecânica;Ponte 26;2026-04-29;Executada;AC2-PR26-INSP-31;ABRIL
260171;PERIÓDICA;Pontes Rolantes - Mecânica;Ponte 26;2026-04-13;Executada;AC2-PR26-INSP-33;ABRIL
260172;PERIÓDICA;Pontes Rolantes - Mecânica;Ponte 26;2026-04-29;Executada;AC2-PR26-INSP-33;ABRIL
260173;PERIÓDICA;Pontes Rolantes - Mecânica;Ponte 26;2026-04-06;Executada;AC2-PR26-INSP-34;ABRIL
260174;PERIÓDICA;Pontes Rolantes - Mecânica;Ponte 26;2026-04-22;Executada;AC2-PR26-INSP-34;ABRIL
260175;PERIÓDICA;Pontes Rolantes - Mecânica;Ponte 26;2026-04-11;Executada;AC2-PR26-INSP-35;ABRIL
260176;PERIÓDICA;Pontes Rolantes - Mecânica;Ponte 26;2026-04-27;Executada;AC2-PR26-INSP-35;ABRIL
260177;PERIÓDICA;Pontes Rolantes - Lubrificação;Ponte 26;2026-04-02;Executada;AC2-PR26-LUBR-29;ABRIL
260178;PERIÓDICA;Pontes Rolantes - Mecânica;Ponte 27;2026-04-02;Não Executada;AC2-PR27-INSP-36;ABRIL
260158;PERIÓDICA;Pontes Rolantes - Mecânica;Ponte 25;2026-04-02;Não Executada;AC2-PR25-INSP-26;ABRIL
260180;PERIÓDICA;Pontes Rolantes - Mecânica;Ponte 27;2026-04-02;Executada;AC2-PR27-INSP-37;ABRIL
260181;PERIÓDICA;Pontes Rolantes - Mecânica;Ponte 27;2026-04-18;Executada;AC2-PR27-INSP-37;ABRIL
260182;PERIÓDICA;Pontes Rolantes - Mecânica;Ponte 27;2026-04-02;Não Executada;AC2-PR27-INSP-38;ABRIL
260183;PERIÓDICA;Pontes Rolantes - Mecânica;Ponte 27;2026-04-18;Executada;AC2-PR27-INSP-38;ABRIL
260184;PERIÓDICA;Pontes Rolantes - Mecânica;Ponte 27;2026-04-02;Executada;AC2-PR27-INSP-39;ABRIL
260185;PERIÓDICA;Pontes Rolantes - Mecânica;Ponte 27;2026-04-18;Executada;AC2-PR27-INSP-39;ABRIL
260186;PERIÓDICA;Pontes Rolantes - Mecânica;Ponte 27;2026-04-02;Executada;AC2-PR27-INSP-40;ABRIL
260187;PERIÓDICA;Pontes Rolantes - Mecânica;Ponte 27;2026-04-18;Executada;AC2-PR27-INSP-40;ABRIL
260188;PERIÓDICA;Pontes Rolantes - Mecânica;Ponte 27;2026-04-02;Não Executada;AC2-PR27-INSP-41;ABRIL
260189;PERIÓDICA;Pontes Rolantes - Mecânica;Ponte 27;2026-04-18;Executada;AC2-PR27-INSP-41;ABRIL
260190;PERIÓDICA;Pontes Rolantes - Lubrificação;Ponte 27;2026-04-02;Executada;AC2-PR27-LUBR-34;ABRIL
260191;PERIÓDICA;Pontes Rolantes - Mecânica;Ponte 28;2026-04-04;Executada;AC2-PR28-INSP-42;ABRIL
260192;PERIÓDICA;Pontes Rolantes - Mecânica;Ponte 28;2026-04-04;Executada;AC2-PR28-INSP-43;ABRIL
260193;PERIÓDICA;Pontes Rolantes - Mecânica;Ponte 28;2026-04-04;Executada;AC2-PR28-INSP-44;ABRIL
260194;PERIÓDICA;Pontes Rolantes - Lubrificação;Ponte Rolante;2026-04-02;Executada;AC2-REDUT-ELEV2;ABRIL
260195;PERIÓDICA;Pontes Rolantes - Lubrificação;Ponte Rolante;2026-04-18;Executada;AC2-REDUT-ELEV1;ABRIL
260196;PERIÓDICA;Pontes Rolantes - Lubrificação;Ponte 23;2026-04-23;Executada;AC2-PR23-LUBR-12;ABRIL
260197;PERIÓDICA;Pontes Rolantes - Lubrificação;Ponte 23;2026-04-23;Executada;AC2-PR23-LUBR-13;ABRIL
260198;PERIÓDICA;Pontes Rolantes - Lubrificação;Ponte 24;2026-04-30;Executada;AC2-PR24-LUBR-17;ABRIL
260199;PERIÓDICA;Pontes Rolantes - Lubrificação;Ponte 24;2026-04-30;Executada;AC2-PR24-LUBR-18;ABRIL
260200;PERIÓDICA;Refrigeração;Refrigeração;2026-04-11;Executada;AC2-P21-RFG-AR1;ABRIL
260201;PERIÓDICA;Refrigeração;Refrigeração;2026-04-11;Executada;AC2-P21-RFG-AR2;ABRIL
260202;PERIÓDICA;Refrigeração;Refrigeração;2026-04-11;Executada;AC2-P22-RFG-AR3;ABRIL
260203;PERIÓDICA;Refrigeração;Refrigeração;2026-04-11;Executada;AC2-P22-RFG-AR4;ABRIL
260204;PERIÓDICA;Refrigeração;Refrigeração;2026-04-08;Executada;AC2-P23-RFG-AR5;ABRIL
260205;PERIÓDICA;Refrigeração;Refrigeração;2026-04-24;Executada;AC2-P23-RFG-AR5;ABRIL
260206;PERIÓDICA;Refrigeração;Refrigeração;2026-04-08;Executada;AC2-P23-RFG-AR6;ABRIL
260207;PERIÓDICA;Refrigeração;Refrigeração;2026-04-24;Executada;AC2-P23-RFG-AR6;ABRIL
260208;PERIÓDICA;Refrigeração;Refrigeração;2026-04-08;Executada;AC2-P23-RFG-AR7;ABRIL
260209;PERIÓDICA;Refrigeração;Refrigeração;2026-04-24;Executada;AC2-P23-RFG-AR7;ABRIL
260210;PERIÓDICA;Refrigeração;Refrigeração;2026-04-02;Executada;AC2-P24-RF-AR10;ABRIL
260211;PERIÓDICA;Refrigeração;Refrigeração;2026-04-18;Executada;AC2-P24-RF-AR10;ABRIL
260212;PERIÓDICA;Refrigeração;Refrigeração;2026-04-02;Executada;AC2-P24-RFG-AR8;ABRIL
260213;PERIÓDICA;Refrigeração;Refrigeração;2026-04-18;Executada;AC2-P24-RFG-AR8;ABRIL
260214;PERIÓDICA;Refrigeração;Refrigeração;2026-04-02;Executada;AC2-P24-RFG-AR9;ABRIL
260215;PERIÓDICA;Refrigeração;Refrigeração;2026-04-18;Executada;AC2-P24-RFG-AR9;ABRIL
260216;PERIÓDICA;Refrigeração;Refrigeração;2026-04-04;Executada;AC2-P25-RF-AR11;ABRIL
260217;PERIÓDICA;Refrigeração;Refrigeração;2026-04-20;Executada;AC2-P25-RF-AR11;ABRIL
260218;PERIÓDICA;Refrigeração;Refrigeração;2026-04-04;Executada;AC2-P25-RF-AR12;ABRIL
260219;PERIÓDICA;Refrigeração;Refrigeração;2026-04-20;Executada;AC2-P25-RF-AR12;ABRIL
260220;PERIÓDICA;Refrigeração;Refrigeração;2026-04-02;Executada;AC2-P26-RF-AR13;ABRIL
260221;PERIÓDICA;Refrigeração;Refrigeração;2026-04-18;Executada;AC2-P26-RF-AR13;ABRIL
260222;PERIÓDICA;Refrigeração;Refrigeração;2026-04-02;Executada;AC2-P26-RF-AR14;ABRIL
260223;PERIÓDICA;Refrigeração;Refrigeração;2026-04-18;Não Executada;AC2-P26-RF-AR14;ABRIL
260224;PERIÓDICA;Refrigeração;Refrigeração;2026-04-12;Executada;AC2-P27-RF-AR15;ABRIL
260225;PERIÓDICA;Refrigeração;Refrigeração;2026-04-28;Executada;AC2-P27-RF-AR15;ABRIL
260226;PERIÓDICA;Refrigeração;Refrigeração;2026-04-12;Executada;AC2-P27-RF-AR16;ABRIL
260227;PERIÓDICA;Refrigeração;Refrigeração;2026-04-28;Executada;AC2-P27-RF-AR16;ABRIL
260228;PERIÓDICA;Pontes Rolantes - Lubrificação;Ponte 21;2026-04-02;Executada;AC2-PR21-LUBR-00;ABRIL
260160;PERIÓDICA;Pontes Rolantes - Mecânica;Ponte 25;2026-04-02;Não Executada;AC2-PR25-INSP-27;ABRIL
260162;PERIÓDICA;Pontes Rolantes - Mecânica;Ponte 25;2026-04-02;Não Executada;AC2-PR25-INSP-28;ABRIL
260231;PERIÓDICA;Pontes Rolantes - Lubrificação;Ponte 21;2026-04-27;Executada;AC2-PR21-LUBR-01;ABRIL
260232;PERIÓDICA;Pontes Rolantes - Lubrificação;Ponte 22;2026-04-02;Executada;AC2-PR22-LUBR-05;ABRIL
260244;PERIÓDICA;Pontes Rolantes - Lubrificação;Ponte 25;2026-04-02;Não Executada;AC2-PR25-LUBR-20;ABRIL
260234;PERIÓDICA;Pontes Rolantes - Lubrificação;Ponte 22;2026-04-02;Executada;AC2-PR22-LUBR-06;ABRIL
260246;PERIÓDICA;Pontes Rolantes - Lubrificação;Ponte 25;2026-04-02;Não Executada;AC2-PR25-LUBR-21;ABRIL
260236;PERIÓDICA;Pontes Rolantes - Lubrificação;Ponte 23;2026-04-02;Executada;AC2-PR23-LUBR-10;ABRIL
260237;PERIÓDICA;Pontes Rolantes - Lubrificação;Ponte 23;2026-04-18;Executada;AC2-PR23-LUBR-10;ABRIL
260238;PERIÓDICA;Pontes Rolantes - Lubrificação;Ponte 23;2026-04-02;Executada;AC2-PR23-LUBR-11;ABRIL
260239;PERIÓDICA;Pontes Rolantes - Lubrificação;Ponte 23;2026-04-18;Executada;AC2-PR23-LUBR-11;ABRIL
260240;PERIÓDICA;Pontes Rolantes - Lubrificação;Ponte 24;2026-04-02;Executada;AC2-PR24-LUBR-15;ABRIL
260241;PERIÓDICA;Pontes Rolantes - Lubrificação;Ponte 24;2026-04-18;Executada;AC2-PR24-LUBR-15;ABRIL
260242;PERIÓDICA;Pontes Rolantes - Lubrificação;Ponte 24;2026-04-02;Não Executada;AC2-PR24-LUBR-16;ABRIL
260243;PERIÓDICA;Pontes Rolantes - Lubrificação;Ponte 24;2026-04-18;Executada;AC2-PR24-LUBR-16;ABRIL
260259;PERIÓDICA;Pontes Rolantes - Lubrificação;Ponte 26;2026-04-18;Não Executada;AC2-PR26-LUBR-39;ABRIL
260245;PERIÓDICA;Pontes Rolantes - Lubrificação;Ponte 25;2026-04-18;Executada;AC2-PR25-LUBR-20;ABRIL
260179;PERIÓDICA;Pontes Rolantes - Mecânica;Ponte 27;2026-04-18;Não Executada;AC2-PR27-INSP-36;ABRIL
260248;PERIÓDICA;Pontes Rolantes - Lubrificação;Ponte 26;2026-04-05;Executada;AC2-PR26-LUBR-25;ABRIL
260249;PERIÓDICA;Pontes Rolantes - Lubrificação;Ponte 26;2026-04-21;Executada;AC2-PR26-LUBR-25;ABRIL
260250;PERIÓDICA;Pontes Rolantes - Lubrificação;Ponte 26;2026-04-02;Executada;AC2-PR26-LUBR-26;ABRIL
260251;PERIÓDICA;Pontes Rolantes - Lubrificação;Ponte 26;2026-04-18;Executada;AC2-PR26-LUBR-26;ABRIL
260252;PERIÓDICA;Pontes Rolantes - Lubrificação;Ponte 27;2026-04-02;Executada;AC2-PR27-LUBR-30;ABRIL
260253;PERIÓDICA;Pontes Rolantes - Lubrificação;Ponte 27;2026-04-18;Executada;AC2-PR27-LUBR-30;ABRIL
260254;PERIÓDICA;Pontes Rolantes - Lubrificação;Ponte 27;2026-04-02;Executada;AC2-PR27-LUBR-31;ABRIL
260255;PERIÓDICA;Pontes Rolantes - Lubrificação;Ponte 27;2026-04-18;Executada;AC2-PR27-LUBR-31;ABRIL
260256;PERIÓDICA;Pontes Rolantes - Lubrificação;Ponte 26;2026-04-02;Executada;AC2-PR26-LUBR-38;ABRIL
260257;PERIÓDICA;Pontes Rolantes - Lubrificação;Ponte 26;2026-04-18;Executada;AC2-PR26-LUBR-38;ABRIL
260258;PERIÓDICA;Pontes Rolantes - Lubrificação;Ponte 26;2026-04-02;Executada;AC2-PR26-LUBR-39;ABRIL
260261;PERIÓDICA;Pontes Rolantes - Lubrificação;Garra 1;2026-04-26;Não Executada;AC2-PR-GAR-GAR1;ABRIL
260260;PERIÓDICA;Pontes Rolantes - Lubrificação;Garra 1;2026-04-10;Executada;AC2-PR-GAR-GAR1;ABRIL
260048;PERIÓDICA;Pontes Rolantes - Lubrificação;Garra 2;2026-04-09;Não Executada;AC2-PR-GAR-GAR2;ABRIL
264861;PERIÓDICA;Pontes Rolantes - Mecânica;Ponte 21;2026-05-01;Executada;AC2-PR21-INSP-03;MAIO
264862;PERIÓDICA;Pontes Rolantes - Mecânica;Ponte 21;2026-05-17;Executada;AC2-PR21-INSP-03;MAIO
264863;PERIÓDICA;Pontes Rolantes - Lubrificação;Garra 2;2026-05-02;Não Executada;AC2-PR-GAR-GAR2;MAIO
264864;PERIÓDICA;Pontes Rolantes - Lubrificação;Garra 2;2026-05-18;Executada;AC2-PR-GAR-GAR2;MAIO
264865;PERIÓDICA;Pontes Rolantes - Lubrificação;Ponte 21;2026-05-16;Executada;AC2-PR21-LUBR-02;MAIO
264866;PERIÓDICA;Pontes Rolantes - Lubrificação;Ponte 21;2026-05-16;Não Executada;AC2-PR21-LUBR-03;MAIO
264867;PERIÓDICA;Pontes Rolantes - Lubrificação;Ponte 22;2026-05-08;Executada;AC2-PR22-LUBR-07;MAIO
264868;PERIÓDICA;Pontes Rolantes - Lubrificação;Ponte 22;2026-05-08;Executada;AC2-PR22-LUBR-08;MAIO
264869;PERIÓDICA;Pontes Rolantes - Lubrificação;Ponte 25;2026-05-15;Executada;AC2-PR25-LUBR-22;MAIO
264870;PERIÓDICA;Pontes Rolantes - Lubrificação;Ponte 25;2026-05-15;Executada;AC2-PR25-LUBR-23;MAIO
264871;PERIÓDICA;Pontes Rolantes - Lubrificação;Ponte 26;2026-05-10;Executada;AC2-PR26-LUBR-27;MAIO
264872;PERIÓDICA;Pontes Rolantes - Lubrificação;Ponte 26;2026-05-10;Executada;AC2-PR26-LUBR-28;MAIO
264873;PERIÓDICA;Pontes Rolantes - Lubrificação;Ponte 27;2026-05-01;Executada;AC2-PR27-LUBR-32;MAIO
264874;PERIÓDICA;Pontes Rolantes - Lubrificação;Ponte 27;2026-05-01;Executada;AC2-PR27-LUBR-33;MAIO
264875;PERIÓDICA;Pontes Rolantes - Mecânica;Ponte 21;2026-05-01;Executada;AC2-PR21-INSP-00;MAIO
264876;PERIÓDICA;Pontes Rolantes - Mecânica;Ponte 21;2026-05-17;Executada;AC2-PR21-INSP-00;MAIO
264877;PERIÓDICA;Pontes Rolantes - Mecânica;Ponte 21;2026-05-01;Executada;AC2-PR21-INSP-01;MAIO
264878;PERIÓDICA;Pontes Rolantes - Mecânica;Ponte 21;2026-05-17;Executada;AC2-PR21-INSP-01;MAIO
264879;PERIÓDICA;Pontes Rolantes - Mecânica;Ponte 21;2026-05-01;Executada;AC2-PR21-INSP-02;MAIO
264880;PERIÓDICA;Pontes Rolantes - Mecânica;Ponte 21;2026-05-17;Executada;AC2-PR21-INSP-02;MAIO
264881;PERIÓDICA;Pontes Rolantes - Mecânica;Ponte 21;2026-05-01;Executada;AC2-PR21-INSP-04;MAIO
264882;PERIÓDICA;Pontes Rolantes - Mecânica;Ponte 21;2026-05-17;Executada;AC2-PR21-INSP-04;MAIO
264883;PERIÓDICA;Pontes Rolantes - Mecânica;Ponte 21;2026-05-01;Não Executada;AC2-PR21-INSP-05;MAIO
264884;PERIÓDICA;Pontes Rolantes - Mecânica;Ponte 21;2026-05-17;Executada;AC2-PR21-INSP-05;MAIO
264886;PERIÓDICA;Pontes Rolantes - Elétrica;Ponte 21;2026-05-17;Executada;AC2-PR21-INSP-45;MAIO
264888;PERIÓDICA;Pontes Rolantes - Elétrica;Ponte 21;2026-05-17;Executada;AC2-PR21-INSP-46;MAIO
264890;PERIÓDICA;Pontes Rolantes - Elétrica;Ponte 21;2026-05-17;Executada;AC2-PR21-INSP-47;MAIO
264892;PERIÓDICA;Pontes Rolantes - Elétrica;Ponte 21;2026-05-17;Executada;AC2-PR21-INSP-48;MAIO
264894;PERIÓDICA;Pontes Rolantes - Elétrica;Ponte 21;2026-05-17;Executada;AC2-PR21-INSP-49;MAIO
264896;PERIÓDICA;Pontes Rolantes - Elétrica;Ponte 21;2026-05-17;Executada;AC2-PR21-INSP-50;MAIO
264897;PERIÓDICA;Pontes Rolantes - Lubrificação;Ponte 21;2026-05-01;Executada;AC2-PR21-LUBR-04;MAIO
264898;PERIÓDICA;Pontes Rolantes - Mecânica;Ponte 22;2026-05-01;Não Executada;AC2-PR22-INSP-06;MAIO
264899;PERIÓDICA;Pontes Rolantes - Mecânica;Ponte 22;2026-05-17;Não Executada;AC2-PR22-INSP-06;MAIO
264900;PERIÓDICA;Pontes Rolantes - Mecânica;Ponte 22;2026-05-01;Não Executada;AC2-PR22-INSP-07;MAIO
264901;PERIÓDICA;Pontes Rolantes - Mecânica;Ponte 22;2026-05-17;Não Executada;AC2-PR22-INSP-07;MAIO
264902;PERIÓDICA;Pontes Rolantes - Mecânica;Ponte 22;2026-05-01;Não Executada;AC2-PR22-INSP-08;MAIO
264903;PERIÓDICA;Pontes Rolantes - Mecânica;Ponte 22;2026-05-17;Executada;AC2-PR22-INSP-08;MAIO
264904;PERIÓDICA;Pontes Rolantes - Mecânica;Ponte 22;2026-05-01;Não Executada;AC2-PR22-INSP-09;MAIO
264905;PERIÓDICA;Pontes Rolantes - Mecânica;Ponte 22;2026-05-17;Executada;AC2-PR22-INSP-09;MAIO
264906;PERIÓDICA;Pontes Rolantes - Mecânica;Ponte 22;2026-05-01;Não Executada;AC2-PR22-INSP-10;MAIO
264907;PERIÓDICA;Pontes Rolantes - Mecânica;Ponte 22;2026-05-17;Não Executada;AC2-PR22-INSP-10;MAIO
264908;PERIÓDICA;Pontes Rolantes - Mecânica;Ponte 22;2026-05-01;Não Executada;AC2-PR22-INSP-11;MAIO
264909;PERIÓDICA;Pontes Rolantes - Mecânica;Ponte 22;2026-05-17;Não Executada;AC2-PR22-INSP-11;MAIO
264911;PERIÓDICA;Pontes Rolantes - Elétrica;Ponte 22;2026-05-17;Executada;AC2-PR22-INSP-51;MAIO
264913;PERIÓDICA;Pontes Rolantes - Elétrica;Ponte 22;2026-05-17;Executada;AC2-PR22-INSP-52;MAIO
264915;PERIÓDICA;Pontes Rolantes - Elétrica;Ponte 22;2026-05-17;Executada;AC2-PR22-INSP-53;MAIO
264917;PERIÓDICA;Pontes Rolantes - Elétrica;Ponte 22;2026-05-17;Executada;AC2-PR22-INSP-54;MAIO
264919;PERIÓDICA;Pontes Rolantes - Elétrica;Ponte 22;2026-05-17;Executada;AC2-PR22-INSP-55;MAIO
264921;PERIÓDICA;Pontes Rolantes - Elétrica;Ponte 22;2026-05-17;Executada;AC2-PR22-INSP-56;MAIO
264922;PERIÓDICA;Pontes Rolantes - Lubrificação;Ponte 22;2026-05-08;Executada;AC2-PR22-LUBR-09;MAIO
264923;PERIÓDICA;Pontes Rolantes - Mecânica;Ponte 23;2026-05-10;Executada;AC2-PR23-INSP-12;MAIO
264924;PERIÓDICA;Pontes Rolantes - Mecânica;Ponte 23;2026-05-26;Executada;AC2-PR23-INSP-12;MAIO
264925;PERIÓDICA;Pontes Rolantes - Mecânica;Ponte 23;2026-05-10;Executada;AC2-PR23-INSP-13;MAIO
264926;PERIÓDICA;Pontes Rolantes - Mecânica;Ponte 23;2026-05-26;Executada;AC2-PR23-INSP-13;MAIO
264927;PERIÓDICA;Pontes Rolantes - Mecânica;Ponte 23;2026-05-10;Executada;AC2-PR23-INSP-14;MAIO
264928;PERIÓDICA;Pontes Rolantes - Mecânica;Ponte 23;2026-05-26;Executada;AC2-PR23-INSP-14;MAIO
264929;PERIÓDICA;Pontes Rolantes - Mecânica;Ponte 23;2026-05-01;Executada;AC2-PR23-INSP-15;MAIO
264930;PERIÓDICA;Pontes Rolantes - Mecânica;Ponte 23;2026-05-17;Executada;AC2-PR23-INSP-15;MAIO
264931;PERIÓDICA;Pontes Rolantes - Mecânica;Ponte 23;2026-05-10;Executada;AC2-PR23-INSP-16;MAIO
264932;PERIÓDICA;Pontes Rolantes - Mecânica;Ponte 23;2026-05-26;Executada;AC2-PR23-INSP-16;MAIO
264933;PERIÓDICA;Pontes Rolantes - Mecânica;Ponte 23;2026-05-10;Executada;AC2-PR23-INSP-17;MAIO
264934;PERIÓDICA;Pontes Rolantes - Mecânica;Ponte 23;2026-05-26;Executada;AC2-PR23-INSP-17;MAIO
264936;PERIÓDICA;Pontes Rolantes - Elétrica;Ponte 23;2026-05-17;Executada;AC2-PR23-INSP-57;MAIO
264938;PERIÓDICA;Pontes Rolantes - Elétrica;Ponte 23;2026-05-17;Executada;AC2-PR23-INSP-58;MAIO
264940;PERIÓDICA;Pontes Rolantes - Elétrica;Ponte 23;2026-05-17;Executada;AC2-PR23-INSP-59;MAIO
264942;PERIÓDICA;Pontes Rolantes - Elétrica;Ponte 23;2026-05-17;Executada;AC2-PR23-INSP-60;MAIO
264944;PERIÓDICA;Pontes Rolantes - Elétrica;Ponte 23;2026-05-17;Executada;AC2-PR23-INSP-61;MAIO
264945;PERIÓDICA;Pontes Rolantes - Lubrificação;Ponte 23;2026-05-13;Executada;AC2-PR23-LUBR-14;MAIO
264946;PERIÓDICA;Pontes Rolantes - Mecânica;Ponte 24;2026-05-16;Executada;AC2-PR24-INSP-18;MAIO
264947;PERIÓDICA;Pontes Rolantes - Mecânica;Ponte 24;2026-05-16;Executada;AC2-PR24-INSP-19;MAIO
264948;PERIÓDICA;Pontes Rolantes - Mecânica;Ponte 24;2026-05-16;Executada;AC2-PR24-INSP-20;MAIO
264949;PERIÓDICA;Pontes Rolantes - Mecânica;Ponte 24;2026-05-16;Executada;AC2-PR24-INSP-21;MAIO
264950;PERIÓDICA;Pontes Rolantes - Mecânica;Ponte 24;2026-05-03;Não Executada;AC2-PR24-INSP-22;MAIO
264951;PERIÓDICA;Pontes Rolantes - Mecânica;Ponte 24;2026-05-19;Executada;AC2-PR24-INSP-22;MAIO
264952;PERIÓDICA;Pontes Rolantes - Mecânica;Ponte 24;2026-05-16;Executada;AC2-PR24-INSP-23;MAIO
264954;PERIÓDICA;Pontes Rolantes - Elétrica;Ponte 24;2026-05-17;Executada;AC2-PR24-INSP-62;MAIO
264956;PERIÓDICA;Pontes Rolantes - Elétrica;Ponte 24;2026-05-17;Executada;AC2-PR24-INSP-63;MAIO
264958;PERIÓDICA;Pontes Rolantes - Elétrica;Ponte 24;2026-05-17;Executada;AC2-PR24-INSP-64;MAIO
264960;PERIÓDICA;Pontes Rolantes - Elétrica;Ponte 24;2026-05-17;Executada;AC2-PR24-INSP-65;MAIO
264962;PERIÓDICA;Pontes Rolantes - Elétrica;Ponte 24;2026-05-17;Executada;AC2-PR24-INSP-66;MAIO
264963;PERIÓDICA;Pontes Rolantes - Lubrificação;Ponte 24;2026-05-13;Executada;AC2-PR24-LUBR-41;MAIO
264964;PERIÓDICA;Pontes Rolantes - Mecânica;Ponte 25;2026-05-01;Executada;AC2-PR25-INSP-24;MAIO
264965;PERIÓDICA;Pontes Rolantes - Mecânica;Ponte 25;2026-05-17;Executada;AC2-PR25-INSP-24;MAIO
264966;PERIÓDICA;Pontes Rolantes - Mecânica;Ponte 25;2026-05-01;Não Executada;AC2-PR25-INSP-25;MAIO
264967;PERIÓDICA;Pontes Rolantes - Mecânica;Ponte 25;2026-05-17;Executada;AC2-PR25-INSP-25;MAIO
264968;PERIÓDICA;Pontes Rolantes - Mecânica;Ponte 25;2026-05-01;Executada;AC2-PR25-INSP-26;MAIO
264969;PERIÓDICA;Pontes Rolantes - Mecânica;Ponte 25;2026-05-17;Executada;AC2-PR25-INSP-26;MAIO
264970;PERIÓDICA;Pontes Rolantes - Mecânica;Ponte 25;2026-05-01;Não Executada;AC2-PR25-INSP-27;MAIO
264971;PERIÓDICA;Pontes Rolantes - Mecânica;Ponte 25;2026-05-17;Executada;AC2-PR25-INSP-27;MAIO
264972;PERIÓDICA;Pontes Rolantes - Mecânica;Ponte 25;2026-05-01;Executada;AC2-PR25-INSP-28;MAIO
264973;PERIÓDICA;Pontes Rolantes - Mecânica;Ponte 25;2026-05-17;Executada;AC2-PR25-INSP-28;MAIO
264975;PERIÓDICA;Pontes Rolantes - Elétrica;Ponte 25;2026-05-17;Executada;AC2-PR25-INSP-67;MAIO
264977;PERIÓDICA;Pontes Rolantes - Elétrica;Ponte 25;2026-05-17;Executada;AC2-PR25-INSP-68;MAIO
264979;PERIÓDICA;Pontes Rolantes - Elétrica;Ponte 25;2026-05-17;Executada;AC2-PR25-INSP-69;MAIO
264981;PERIÓDICA;Pontes Rolantes - Elétrica;Ponte 25;2026-05-17;Executada;AC2-PR25-INSP-70;MAIO
264983;PERIÓDICA;Pontes Rolantes - Elétrica;Ponte 25;2026-05-17;Executada;AC2-PR25-INSP-71;MAIO
264984;PERIÓDICA;Pontes Rolantes - Lubrificação;Ponte 25;2026-05-15;Executada;AC2-PR25-LUBR-24;MAIO
264985;PERIÓDICA;Pontes Rolantes - Mecânica;Ponte 26;2026-05-01;Executada;AC2-PR26-INSP-29;MAIO
264986;PERIÓDICA;Pontes Rolantes - Mecânica;Ponte 26;2026-05-17;Executada;AC2-PR26-INSP-29;MAIO
264987;PERIÓDICA;Pontes Rolantes - Mecânica;Ponte 26;2026-05-01;Não Executada;AC2-PR26-INSP-30;MAIO
264988;PERIÓDICA;Pontes Rolantes - Mecânica;Ponte 26;2026-05-17;Executada;AC2-PR26-INSP-30;MAIO
264989;PERIÓDICA;Pontes Rolantes - Mecânica;Ponte 26;2026-05-16;Executada;AC2-PR26-INSP-31;MAIO
264990;PERIÓDICA;Pontes Rolantes - Mecânica;Ponte 26;2026-05-01;Não Executada;AC2-PR26-INSP-33;MAIO
264991;PERIÓDICA;Pontes Rolantes - Mecânica;Ponte 26;2026-05-17;Executada;AC2-PR26-INSP-33;MAIO
264992;PERIÓDICA;Pontes Rolantes - Mecânica;Ponte 26;2026-05-01;Não Executada;AC2-PR26-INSP-34;MAIO
264993;PERIÓDICA;Pontes Rolantes - Mecânica;Ponte 26;2026-05-17;Executada;AC2-PR26-INSP-34;MAIO
264994;PERIÓDICA;Pontes Rolantes - Mecânica;Ponte 26;2026-05-01;Não Executada;AC2-PR26-INSP-35;MAIO
264995;PERIÓDICA;Pontes Rolantes - Mecânica;Ponte 26;2026-05-17;Executada;AC2-PR26-INSP-35;MAIO
264997;PERIÓDICA;Pontes Rolantes - Elétrica;Ponte 26;2026-05-17;Executada;AC2-PR26-INSP-72;MAIO
264999;PERIÓDICA;Pontes Rolantes - Elétrica;Ponte 26;2026-05-17;Executada;AC2-PR26-INSP-73;MAIO
265001;PERIÓDICA;Pontes Rolantes - Elétrica;Ponte 26;2026-05-17;Executada;AC2-PR26-INSP-74;MAIO
265003;PERIÓDICA;Pontes Rolantes - Elétrica;Ponte 26;2026-05-17;Executada;AC2-PR26-INSP-75;MAIO
265005;PERIÓDICA;Pontes Rolantes - Elétrica;Ponte 26;2026-05-17;Executada;AC2-PR26-INSP-76;MAIO
265007;PERIÓDICA;Pontes Rolantes - Elétrica;Ponte 26;2026-05-17;Executada;AC2-PR26-INSP-77;MAIO
265008;PERIÓDICA;Pontes Rolantes - Lubrificação;Ponte 26;2026-05-10;Executada;AC2-PR26-LUBR-29;MAIO
265009;PERIÓDICA;Pontes Rolantes - Mecânica;Ponte 27;2026-05-01;Não Executada;AC2-PR27-INSP-36;MAIO
265010;PERIÓDICA;Pontes Rolantes - Mecânica;Ponte 27;2026-05-17;Executada;AC2-PR27-INSP-36;MAIO
265011;PERIÓDICA;Pontes Rolantes - Mecânica;Ponte 27;2026-05-01;Não Executada;AC2-PR27-INSP-37;MAIO
265012;PERIÓDICA;Pontes Rolantes - Mecânica;Ponte 27;2026-05-17;Executada;AC2-PR27-INSP-37;MAIO
265013;PERIÓDICA;Pontes Rolantes - Mecânica;Ponte 27;2026-05-01;Não Executada;AC2-PR27-INSP-38;MAIO
265014;PERIÓDICA;Pontes Rolantes - Mecânica;Ponte 27;2026-05-17;Executada;AC2-PR27-INSP-38;MAIO
265015;PERIÓDICA;Pontes Rolantes - Mecânica;Ponte 27;2026-05-01;Não Executada;AC2-PR27-INSP-39;MAIO
265016;PERIÓDICA;Pontes Rolantes - Mecânica;Ponte 27;2026-05-17;Executada;AC2-PR27-INSP-39;MAIO
265017;PERIÓDICA;Pontes Rolantes - Mecânica;Ponte 27;2026-05-01;Não Executada;AC2-PR27-INSP-40;MAIO
265018;PERIÓDICA;Pontes Rolantes - Mecânica;Ponte 27;2026-05-17;Executada;AC2-PR27-INSP-40;MAIO
265019;PERIÓDICA;Pontes Rolantes - Mecânica;Ponte 27;2026-05-01;Não Executada;AC2-PR27-INSP-41;MAIO
265020;PERIÓDICA;Pontes Rolantes - Mecânica;Ponte 27;2026-05-17;Executada;AC2-PR27-INSP-41;MAIO
265022;PERIÓDICA;Pontes Rolantes - Elétrica;Ponte 27;2026-05-17;Executada;AC2-PR27-INSP-78;MAIO
265024;PERIÓDICA;Pontes Rolantes - Elétrica;Ponte 27;2026-05-17;Executada;AC2-PR27-INSP-79;MAIO
265026;PERIÓDICA;Pontes Rolantes - Elétrica;Ponte 27;2026-05-17;Executada;AC2-PR27-INSP-80;MAIO
265028;PERIÓDICA;Pontes Rolantes - Elétrica;Ponte 27;2026-05-17;Executada;AC2-PR27-INSP-81;MAIO
265030;PERIÓDICA;Pontes Rolantes - Elétrica;Ponte 27;2026-05-17;Executada;AC2-PR27-INSP-82;MAIO
265032;PERIÓDICA;Pontes Rolantes - Elétrica;Ponte 27;2026-05-17;Executada;AC2-PR27-INSP-83;MAIO
265033;PERIÓDICA;Pontes Rolantes - Lubrificação;Ponte 27;2026-05-15;Não Executada;AC2-PR27-LUBR-34;MAIO
265034;PERIÓDICA;Pontes Rolantes - Mecânica;Ponte 28;2026-05-14;Não Executada;AC2-PR28-INSP-42;MAIO
265035;PERIÓDICA;Pontes Rolantes - Mecânica;Ponte 28;2026-05-14;Executada;AC2-PR28-INSP-43;MAIO
265036;PERIÓDICA;Pontes Rolantes - Mecânica;Ponte 28;2026-05-14;Não Executada;AC2-PR28-INSP-44;MAIO
265037;PERIÓDICA;Pontes Rolantes - Lubrificação;Ponte 28;2026-05-31;Executada;AC2-PR28-LUBR-35;MAIO
265038;PERIÓDICA;Pontes Rolantes - Lubrificação;Ponte 28;2026-05-31;Executada;AC2-PR28-LUBR-36;MAIO
265039;PERIÓDICA;Pontes Rolantes - Lubrificação;Ponte 28;2026-05-31;Executada;AC2-PR28-LUBR-37;MAIO
265040;PERIÓDICA;Pontes Rolantes - Lubrificação;Ponte Rolante;2026-05-08;Executada;AC2-REDUT-ELEV2;MAIO
265041;PERIÓDICA;Pontes Rolantes - Lubrificação;Ponte Rolante;2026-05-16;Executada;AC2-REDUT-ELEV1;MAIO
265042;PERIÓDICA;Pontes Rolantes - Lubrificação;Ponte 23;2026-05-13;Executada;AC2-PR23-LUBR-12;MAIO
265043;PERIÓDICA;Pontes Rolantes - Lubrificação;Ponte 23;2026-05-13;Executada;AC2-PR23-LUBR-13;MAIO
265044;PERIÓDICA;Pontes Rolantes - Lubrificação;Ponte 24;2026-05-20;Executada;AC2-PR24-LUBR-17;MAIO
265045;PERIÓDICA;Pontes Rolantes - Lubrificação;Ponte 24;2026-05-20;Executada;AC2-PR24-LUBR-18;MAIO
265046;PERIÓDICA;Refrigeração;Refrigeração;2026-05-16;Executada;AC2-P21-RFG-AR1;MAIO
265047;PERIÓDICA;Refrigeração;Refrigeração;2026-05-16;Executada;AC2-P21-RFG-AR2;MAIO
265048;PERIÓDICA;Refrigeração;Refrigeração;2026-05-08;Executada;AC2-P22-RFG-AR3;MAIO
265049;PERIÓDICA;Refrigeração;Refrigeração;2026-05-08;Executada;AC2-P22-RFG-AR4;MAIO
265050;PERIÓDICA;Refrigeração;Refrigeração;2026-05-01;Executada;AC2-P23-RFG-AR5;MAIO
265051;PERIÓDICA;Refrigeração;Refrigeração;2026-05-17;Executada;AC2-P23-RFG-AR5;MAIO
265052;PERIÓDICA;Refrigeração;Refrigeração;2026-05-01;Executada;AC2-P23-RFG-AR6;MAIO
265053;PERIÓDICA;Refrigeração;Refrigeração;2026-05-17;Executada;AC2-P23-RFG-AR6;MAIO
265054;PERIÓDICA;Refrigeração;Refrigeração;2026-05-01;Executada;AC2-P23-RFG-AR7;MAIO
265055;PERIÓDICA;Refrigeração;Refrigeração;2026-05-17;Executada;AC2-P23-RFG-AR7;MAIO
265056;PERIÓDICA;Refrigeração;Refrigeração;2026-05-01;Executada;AC2-P24-RF-AR10;MAIO
265057;PERIÓDICA;Refrigeração;Refrigeração;2026-05-17;Executada;AC2-P24-RF-AR10;MAIO
265058;PERIÓDICA;Refrigeração;Refrigeração;2026-05-01;Executada;AC2-P24-RFG-AR8;MAIO
265059;PERIÓDICA;Refrigeração;Refrigeração;2026-05-17;Executada;AC2-P24-RFG-AR8;MAIO
265060;PERIÓDICA;Refrigeração;Refrigeração;2026-05-01;Executada;AC2-P24-RFG-AR9;MAIO
265061;PERIÓDICA;Refrigeração;Refrigeração;2026-05-17;Executada;AC2-P24-RFG-AR9;MAIO
265062;PERIÓDICA;Refrigeração;Refrigeração;2026-05-01;Executada;AC2-P25-RF-AR11;MAIO
265063;PERIÓDICA;Refrigeração;Refrigeração;2026-05-17;Executada;AC2-P25-RF-AR11;MAIO
265064;PERIÓDICA;Refrigeração;Refrigeração;2026-05-01;Executada;AC2-P25-RF-AR12;MAIO
265065;PERIÓDICA;Refrigeração;Refrigeração;2026-05-17;Executada;AC2-P25-RF-AR12;MAIO
265066;PERIÓDICA;Refrigeração;Refrigeração;2026-05-08;Não Executada;AC2-P26-RF-AR13;MAIO
265067;PERIÓDICA;Refrigeração;Refrigeração;2026-05-24;Não Executada;AC2-P26-RF-AR13;MAIO
265068;PERIÓDICA;Refrigeração;Refrigeração;2026-05-01;Não Executada;AC2-P26-RF-AR14;MAIO
265069;PERIÓDICA;Refrigeração;Refrigeração;2026-05-17;Não Executada;AC2-P26-RF-AR14;MAIO
265070;PERIÓDICA;Refrigeração;Refrigeração;2026-05-16;Não Executada;AC2-P27-RF-AR15;MAIO
265071;PERIÓDICA;Refrigeração;Refrigeração;2026-05-16;Não Executada;AC2-P27-RF-AR16;MAIO
265072;PERIÓDICA;Pontes Rolantes - Lubrificação;Ponte 21;2026-05-02;Executada;AC2-PR21-LUBR-00;MAIO
265073;PERIÓDICA;Pontes Rolantes - Lubrificação;Ponte 21;2026-05-18;Executada;AC2-PR21-LUBR-00;MAIO
265074;PERIÓDICA;Pontes Rolantes - Lubrificação;Ponte 21;2026-05-02;Executada;AC2-PR21-LUBR-01;MAIO
265075;PERIÓDICA;Pontes Rolantes - Lubrificação;Ponte 21;2026-05-18;Executada;AC2-PR21-LUBR-01;MAIO
265076;PERIÓDICA;Pontes Rolantes - Lubrificação;Ponte 22;2026-05-01;Não Executada;AC2-PR22-LUBR-05;MAIO
265077;PERIÓDICA;Pontes Rolantes - Lubrificação;Ponte 22;2026-05-17;Executada;AC2-PR22-LUBR-05;MAIO
265078;PERIÓDICA;Pontes Rolantes - Lubrificação;Ponte 22;2026-05-01;Não Executada;AC2-PR22-LUBR-06;MAIO
265079;PERIÓDICA;Pontes Rolantes - Lubrificação;Ponte 22;2026-05-17;Executada;AC2-PR22-LUBR-06;MAIO
265080;PERIÓDICA;Pontes Rolantes - Lubrificação;Ponte 23;2026-05-01;Executada;AC2-PR23-LUBR-10;MAIO
265081;PERIÓDICA;Pontes Rolantes - Lubrificação;Ponte 23;2026-05-17;Executada;AC2-PR23-LUBR-10;MAIO
265082;PERIÓDICA;Pontes Rolantes - Lubrificação;Ponte 23;2026-05-01;Executada;AC2-PR23-LUBR-11;MAIO
265083;PERIÓDICA;Pontes Rolantes - Lubrificação;Ponte 23;2026-05-17;Executada;AC2-PR23-LUBR-11;MAIO
265084;PERIÓDICA;Pontes Rolantes - Lubrificação;Ponte 24;2026-05-06;Não Executada;AC2-PR24-LUBR-15;MAIO
265085;PERIÓDICA;Pontes Rolantes - Lubrificação;Ponte 24;2026-05-22;Executada;AC2-PR24-LUBR-15;MAIO
265086;PERIÓDICA;Pontes Rolantes - Lubrificação;Ponte 24;2026-05-06;Não Executada;AC2-PR24-LUBR-16;MAIO
265087;PERIÓDICA;Pontes Rolantes - Lubrificação;Ponte 24;2026-05-22;Não Executada;AC2-PR24-LUBR-16;MAIO
265088;PERIÓDICA;Pontes Rolantes - Lubrificação;Ponte 25;2026-05-01;Não Executada;AC2-PR25-LUBR-20;MAIO
265089;PERIÓDICA;Pontes Rolantes - Lubrificação;Ponte 25;2026-05-17;Executada;AC2-PR25-LUBR-20;MAIO
265090;PERIÓDICA;Pontes Rolantes - Lubrificação;Ponte 25;2026-05-01;Não Executada;AC2-PR25-LUBR-21;MAIO
265091;PERIÓDICA;Pontes Rolantes - Lubrificação;Ponte 25;2026-05-17;Executada;AC2-PR25-LUBR-21;MAIO
265092;PERIÓDICA;Pontes Rolantes - Lubrificação;Ponte 26;2026-05-01;Executada;AC2-PR26-LUBR-25;MAIO
265093;PERIÓDICA;Pontes Rolantes - Lubrificação;Ponte 26;2026-05-17;Executada;AC2-PR26-LUBR-25;MAIO
265094;PERIÓDICA;Pontes Rolantes - Lubrificação;Ponte 26;2026-05-01;Não Executada;AC2-PR26-LUBR-26;MAIO
265095;PERIÓDICA;Pontes Rolantes - Lubrificação;Ponte 26;2026-05-17;Executada;AC2-PR26-LUBR-26;MAIO
265096;PERIÓDICA;Pontes Rolantes - Lubrificação;Ponte 27;2026-05-03;Não Executada;AC2-PR27-LUBR-30;MAIO
265097;PERIÓDICA;Pontes Rolantes - Lubrificação;Ponte 27;2026-05-19;Não Executada;AC2-PR27-LUBR-30;MAIO
265098;PERIÓDICA;Pontes Rolantes - Lubrificação;Ponte 27;2026-05-03;Não Executada;AC2-PR27-LUBR-31;MAIO
265099;PERIÓDICA;Pontes Rolantes - Lubrificação;Ponte 27;2026-05-19;Não Executada;AC2-PR27-LUBR-31;MAIO
265100;PERIÓDICA;Pontes Rolantes - Lubrificação;Ponte 26;2026-05-01;Executada;AC2-PR26-LUBR-38;MAIO
265101;PERIÓDICA;Pontes Rolantes - Lubrificação;Ponte 26;2026-05-17;Executada;AC2-PR26-LUBR-38;MAIO
265102;PERIÓDICA;Pontes Rolantes - Lubrificação;Ponte 26;2026-05-01;Não Executada;AC2-PR26-LUBR-39;MAIO
265103;PERIÓDICA;Pontes Rolantes - Lubrificação;Ponte 26;2026-05-17;Não Executada;AC2-PR26-LUBR-39;MAIO
265104;PERIÓDICA;Pontes Rolantes - Lubrificação;Garra 1;2026-05-01;Não Executada;AC2-PR-GAR-GAR1;MAIO
265105;PERIÓDICA;Pontes Rolantes - Lubrificação;Garra 1;2026-05-17;Executada;AC2-PR-GAR-GAR1;MAIO
265106;PERIÓDICA;Pontes Rolantes - Mecânica;Ponte 21;2026-05-01;Não Executada;AC2-PR21-REV-003;MAIO
265107;PERIÓDICA;Pontes Rolantes - Mecânica;Ponte 21;2026-05-16;Executada;AC2-PR21-REV-000;MAIO
265108;PERIÓDICA;Pontes Rolantes - Mecânica;Ponte 21;2026-05-16;Executada;AC2-PR21-REV-001;MAIO
265109;PERIÓDICA;Pontes Rolantes - Mecânica;Ponte 21;2026-05-01;Executada;AC2-PR21-REV-002;MAIO
265110;PERIÓDICA;Pontes Rolantes - Mecânica;Ponte 21;2026-05-01;Não Executada;AC2-PR21-REV-005;MAIO
265111;PERIÓDICA;Pontes Rolantes - Mecânica;Ponte 21;2026-05-01;Não Executada;AC2-PR21-REV-006;MAIO
265112;PERIÓDICA;Pontes Rolantes - Mecânica;Ponte 21;2026-05-01;Não Executada;AC2-PR21-REV-007;MAIO
265115;PERIÓDICA;Pontes Rolantes - Elétrica;Ponte 21;2026-05-01;Não Executada;AC2-PR21-REV-043;MAIO
265119;PERIÓDICA;Pontes Rolantes - Mecânica;Ponte 22;2026-05-01;Não Executada;AC2-PR22-REV-009;MAIO
265120;PERIÓDICA;Pontes Rolantes - Mecânica;Ponte 22;2026-05-01;Não Executada;AC2-PR22-REV-010;MAIO
265121;PERIÓDICA;Pontes Rolantes - Mecânica;Ponte 22;2026-05-01;Não Executada;AC2-PR22-REV-011;MAIO
265122;PERIÓDICA;Pontes Rolantes - Mecânica;Ponte 22;2026-05-01;Não Executada;AC2-PR22-REV-013;MAIO
265123;PERIÓDICA;Pontes Rolantes - Mecânica;Ponte 22;2026-05-01;Não Executada;AC2-PR22-REV-014;MAIO
265124;PERIÓDICA;Pontes Rolantes - Mecânica;Ponte 22;2026-05-01;Não Executada;AC2-PR22-REV-015;MAIO
265125;PERIÓDICA;Pontes Rolantes - Mecânica;Ponte 22;2026-05-01;Não Executada;AC2-PR22-REV-016;MAIO
265126;PERIÓDICA;Pontes Rolantes - Mecânica;Ponte 22;2026-05-01;Não Executada;AC2-PR22-REV-017;MAIO
265133;PERIÓDICA;Pontes Rolantes - Mecânica;Ponte 23;2026-05-01;Executada;AC2-PR23-REV-018;MAIO
265134;PERIÓDICA;Pontes Rolantes - Mecânica;Ponte 23;2026-05-01;Não Executada;AC2-PR23-REV-020;MAIO
265135;PERIÓDICA;Pontes Rolantes - Mecânica;Ponte 23;2026-05-01;Não Executada;AC2-PR23-REV-021;MAIO
265136;PERIÓDICA;Pontes Rolantes - Mecânica;Ponte 23;2026-05-01;Não Executada;AC2-PR23-REV-022;MAIO
265137;PERIÓDICA;Pontes Rolantes - Mecânica;Ponte 23;2026-05-01;Não Executada;AC2-PR23-REV-024;MAIO
265138;PERIÓDICA;Pontes Rolantes - Mecânica;Ponte 23;2026-05-01;Não Executada;AC2-PR23-REV-028;MAIO
265140;PERIÓDICA;Pontes Rolantes - Elétrica;Ponte 23;2026-05-17;Executada;AC2-PR23-REV-053;MAIO
265142;PERIÓDICA;Pontes Rolantes - Elétrica;Ponte 23;2026-05-17;Executada;AC2-PR23-REV-054;MAIO
265144;PERIÓDICA;Pontes Rolantes - Elétrica;Ponte 23;2026-05-17;Executada;AC2-PR23-REV-055;MAIO
265145;PERIÓDICA;Pontes Rolantes - Elétrica;Ponte 23;2026-05-01;Não Executada;AC2-PR23-REV-056;MAIO
265146;PERIÓDICA;Pontes Rolantes - Elétrica;Ponte 23;2026-05-17;Executada;AC2-PR23-REV-056;MAIO
265148;PERIÓDICA;Pontes Rolantes - Elétrica;Ponte 23;2026-05-17;Executada;AC2-PR23-REV-057;MAIO
265149;PERIÓDICA;Pontes Rolantes - Mecânica;Ponte 24;2026-05-06;Não Executada;AC2-PR24-REV-030;MAIO
265150;PERIÓDICA;Pontes Rolantes - Mecânica;Ponte 24;2026-05-06;Não Executada;AC2-PR24-REV-032;MAIO
265151;PERIÓDICA;Pontes Rolantes - Mecânica;Ponte 24;2026-05-06;Não Executada;AC2-PR24-REV-035;MAIO
265152;PERIÓDICA;Pontes Rolantes - Mecânica;Ponte 24;2026-05-01;Não Executada;AC2-PR24-REV-036;MAIO
265153;PERIÓDICA;Pontes Rolantes - Mecânica;Ponte 24;2026-05-01;Não Executada;AC2-PR24-REV-037;MAIO
265154;PERIÓDICA;Pontes Rolantes - Mecânica;Ponte 24;2026-05-01;Não Executada;AC2-PR24-REV-038;MAIO
265155;PERIÓDICA;Pontes Rolantes - Mecânica;Ponte 24;2026-05-06;Não Executada;AC2-PR24-REV-039;MAIO
265157;PERIÓDICA;Pontes Rolantes - Elétrica;Ponte 24;2026-05-17;Executada;AC2-PR24-REV-058;MAIO
265159;PERIÓDICA;Pontes Rolantes - Elétrica;Ponte 24;2026-05-17;Executada;AC2-PR24-REV-059;MAIO
265161;PERIÓDICA;Pontes Rolantes - Elétrica;Ponte 24;2026-05-17;Executada;AC2-PR24-REV-060;MAIO
265163;PERIÓDICA;Pontes Rolantes - Elétrica;Ponte 24;2026-05-17;Executada;AC2-PR24-REV-061;MAIO
265165;PERIÓDICA;Pontes Rolantes - Elétrica;Ponte 24;2026-05-17;Executada;AC2-PR24-REV-062;MAIO
265166;PERIÓDICA;Pontes Rolantes - Mecânica;Ponte 25;2026-05-01;Não Executada;AC2-PR25-REV-063;MAIO
265167;PERIÓDICA;Pontes Rolantes - Mecânica;Ponte 25;2026-05-01;Não Executada;AC2-PR25-REV-064;MAIO
265168;PERIÓDICA;Pontes Rolantes - Mecânica;Ponte 25;2026-05-01;Não Executada;AC2-PR25-REV-065;MAIO
265169;PERIÓDICA;Pontes Rolantes - Mecânica;Ponte 25;2026-05-01;Não Executada;AC2-PR25-REV-066;MAIO
265170;PERIÓDICA;Pontes Rolantes - Mecânica;Ponte 25;2026-05-01;Não Executada;AC2-PR25-REV-067;MAIO
265171;PERIÓDICA;Pontes Rolantes - Mecânica;Ponte 25;2026-05-01;Não Executada;AC2-PR25-REV-068;MAIO
265172;PERIÓDICA;Pontes Rolantes - Mecânica;Ponte 25;2026-05-01;Não Executada;AC2-PR25-REV-069;MAIO
265173;PERIÓDICA;Pontes Rolantes - Mecânica;Ponte 25;2026-05-01;Não Executada;AC2-PR25-REV-070;MAIO
265179;PERIÓDICA;Pontes Rolantes - Mecânica;Ponte 26;2026-05-01;Não Executada;AC2-PR26-REV-071;MAIO
265180;PERIÓDICA;Pontes Rolantes - Mecânica;Ponte 26;2026-05-01;Não Executada;AC2-PR26-REV-072;MAIO
265181;PERIÓDICA;Pontes Rolantes - Mecânica;Ponte 26;2026-05-01;Não Executada;AC2-PR26-REV-073;MAIO
265182;PERIÓDICA;Pontes Rolantes - Mecânica;Ponte 26;2026-05-01;Não Executada;AC2-PR26-REV-074;MAIO
265183;PERIÓDICA;Pontes Rolantes - Mecânica;Ponte 26;2026-05-01;Não Executada;AC2-PR26-REV-075;MAIO
265184;PERIÓDICA;Pontes Rolantes - Mecânica;Ponte 26;2026-05-01;Não Executada;AC2-PR26-REV-076;MAIO
265185;PERIÓDICA;Pontes Rolantes - Mecânica;Ponte 26;2026-05-01;Não Executada;AC2-PR26-REV-077;MAIO
265186;PERIÓDICA;Pontes Rolantes - Mecânica;Ponte 26;2026-05-01;Não Executada;AC2-PR26-REV-078;MAIO
265193;PERIÓDICA;Pontes Rolantes - Mecânica;Ponte 26;2026-05-01;Não Executada;AC2-PR26-REV-112;MAIO
265194;PERIÓDICA;Pontes Rolantes - Mecânica;Ponte 27;2026-05-01;Não Executada;AC2-PR27-REV-079;MAIO
265195;PERIÓDICA;Pontes Rolantes - Mecânica;Ponte 27;2026-05-01;Não Executada;AC2-PR27-REV-080;MAIO
265196;PERIÓDICA;Pontes Rolantes - Mecânica;Ponte 27;2026-05-01;Não Executada;AC2-PR27-REV-081;MAIO
265197;PERIÓDICA;Pontes Rolantes - Mecânica;Ponte 27;2026-05-01;Não Executada;AC2-PR27-REV-082;MAIO
265198;PERIÓDICA;Pontes Rolantes - Mecânica;Ponte 27;2026-05-01;Não Executada;AC2-PR27-REV-083;MAIO
265199;PERIÓDICA;Pontes Rolantes - Mecânica;Ponte 27;2026-05-01;Não Executada;AC2-PR27-REV-084;MAIO
265200;PERIÓDICA;Pontes Rolantes - Mecânica;Ponte 27;2026-05-01;Não Executada;AC2-PR27-REV-085;MAIO
265201;PERIÓDICA;Pontes Rolantes - Mecânica;Ponte 27;2026-05-01;Executada;AC2-PR27-REV-086;MAIO
265208;PERIÓDICA;Pontes Rolantes - Mecânica;Ponte 27;2026-05-01;Não Executada;AC2-PR27-REV-113;MAIO
265209;PERIÓDICA;Pontes Rolantes - Mecânica;Ponte 28;2026-05-01;Não Executada;AC2-PR28-REV-087;MAIO
265210;PERIÓDICA;Pontes Rolantes - Mecânica;Ponte 28;2026-05-01;Não Executada;AC2-PR28-REV-088;MAIO
265211;PERIÓDICA;Pontes Rolantes - Mecânica;Ponte 28;2026-05-01;Não Executada;AC2-PR28-REV-089;MAIO
265212;PERIÓDICA;Pontes Rolantes - Mecânica;Ponte 28;2026-05-01;Não Executada;AC2-PR28-REV-090;MAIO
267924;PERIÓDICA;Pontes Rolantes - Lubrificação;Ponte Rolante;2026-06-01;Não Executada;AC2-MOTO-ELEV2;JUNHO
267925;PERIÓDICA;Refrigeração;Refrigeração;2026-06-27;Executada;AC2-P21-RFG-AR1;JUNHO
267926;PERIÓDICA;Refrigeração;Refrigeração;2026-06-27;Executada;AC2-P21-RFG-AR2;JUNHO
267927;PERIÓDICA;Refrigeração;Refrigeração;2026-06-20;Executada;AC2-P22-RFG-AR3;JUNHO
267928;PERIÓDICA;Refrigeração;Refrigeração;2026-06-20;Executada;AC2-P22-RFG-AR4;JUNHO
267929;PERIÓDICA;Refrigeração;Refrigeração;2026-06-10;Executada;AC2-P23-RFG-AR5;JUNHO
267930;PERIÓDICA;Refrigeração;Refrigeração;2026-06-26;Executada;AC2-P23-RFG-AR5;JUNHO
267931;PERIÓDICA;Refrigeração;Refrigeração;2026-06-10;Executada;AC2-P23-RFG-AR6;JUNHO
267932;PERIÓDICA;Refrigeração;Refrigeração;2026-06-26;Executada;AC2-P23-RFG-AR6;JUNHO
267933;PERIÓDICA;Refrigeração;Refrigeração;2026-06-10;Executada;AC2-P23-RFG-AR7;JUNHO
267934;PERIÓDICA;Refrigeração;Refrigeração;2026-06-26;Executada;AC2-P23-RFG-AR7;JUNHO
267935;PERIÓDICA;Refrigeração;Refrigeração;2026-06-03;Executada;AC2-P24-RF-AR10;JUNHO
268353;PERIÓDICA;Lingotamento Contínuo - Elétrica;Lingotamento Contínuo;2026-06-28;Executada;AC2-RE-IN-AQD-39;JUNHO
267937;PERIÓDICA;Refrigeração;Refrigeração;2026-06-03;Executada;AC2-P24-RFG-AR8;JUNHO
268354;PERIÓDICA;Lingotamento Contínuo - Elétrica;Lingotamento Contínuo;2026-06-28;Executada;AC2-RE-IN-AQH-38;JUNHO
267939;PERIÓDICA;Refrigeração;Refrigeração;2026-06-03;Executada;AC2-P24-RFG-AR9;JUNHO
268355;PERIÓDICA;Lingotamento Contínuo - Elétrica;Lingotamento Contínuo;2026-06-28;Executada;AC2-RE-IN-AQV-37;JUNHO
267941;PERIÓDICA;Refrigeração;Refrigeração;2026-06-01;Executada;AC2-P25-RF-AR11;JUNHO
267942;PERIÓDICA;Refrigeração;Refrigeração;2026-06-17;Não Executada;AC2-P25-RF-AR11;JUNHO
267943;PERIÓDICA;Refrigeração;Refrigeração;2026-06-01;Executada;AC2-P25-RF-AR12;JUNHO
268356;PERIÓDICA;Lingotamento Contínuo - Elétrica;Lingotamento Contínuo;2026-06-28;Não Executada;AC2-RE-IN-CAR-43;JUNHO
267945;PERIÓDICA;Refrigeração;Refrigeração;2026-06-01;Não Executada;AC2-P26-RF-AR13;JUNHO
268357;PERIÓDICA;Lingotamento Contínuo - Elétrica;Lingotamento Contínuo;2026-06-28;Não Executada;AC2-RE-IN-EST-45;JUNHO
267947;PERIÓDICA;Refrigeração;Refrigeração;2026-06-01;Executada;AC2-P26-RF-AR14;JUNHO
268358;PERIÓDICA;Lingotamento Contínuo - Elétrica;Lingotamento Contínuo;2026-06-28;Executada;AC2-RE-IN-UHI-47;JUNHO
267949;PERIÓDICA;Refrigeração;Refrigeração;2026-06-01;Executada;AC2-P27-RF-AR15;JUNHO
266386;PERIÓDICA;Lingotamento Contínuo - Elétrica;Lingotamento Contínuo;2026-06-01;Executada;AC2-LC-IN-CDT-02;JUNHO
267951;PERIÓDICA;Refrigeração;Refrigeração;2026-06-01;Executada;AC2-P27-RF-AR16;JUNHO
266387;PERIÓDICA;Lingotamento Contínuo - Elétrica;Lingotamento Contínuo;2026-06-01;Executada;AC2-LC-IN-CDT-03;JUNHO
266391;PERIÓDICA;Lingotamento Contínuo - Elétrica;Lingotamento Contínuo;2026-06-01;Executada;AC2-LC-IN-ELE-22;JUNHO
266393;PERIÓDICA;Lingotamento Contínuo - Elétrica;Lingotamento Contínuo;2026-06-01;Executada;AC2-LC-IN-EXT-10;JUNHO
266396;PERIÓDICA;Lingotamento Contínuo - Elétrica;Lingotamento Contínuo;2026-06-01;Executada;AC2-LC-IN-MIN-14;JUNHO
267956;PERIÓDICA;Pontes Rolantes - Lubrificação;Garra 1;2026-06-01;Executada;AC2-PR-GAR-GAR1;JUNHO
267957;PERIÓDICA;Pontes Rolantes - Lubrificação;Garra 1;2026-06-17;Executada;AC2-PR-GAR-GAR1;JUNHO
266398;PERIÓDICA;Lingotamento Contínuo - Elétrica;Lingotamento Contínuo;2026-06-01;Executada;AC2-LC-IN-NOB-29;JUNHO
267959;PERIÓDICA;Pontes Rolantes - Lubrificação;Garra 2;2026-06-17;Executada;AC2-PR-GAR-GAR2;JUNHO
267960;PERIÓDICA;Pontes Rolantes - Mecânica;Ponte 21;2026-06-12;Executada;AC2-PR21-INSP-00;JUNHO
266399;PERIÓDICA;Lingotamento Contínuo - Elétrica;Lingotamento Contínuo;2026-06-01;Executada;AC2-LC-IN-PNL-24;JUNHO
267962;PERIÓDICA;Pontes Rolantes - Mecânica;Ponte 21;2026-06-11;Executada;AC2-PR21-INSP-01;JUNHO
267963;PERIÓDICA;Pontes Rolantes - Mecânica;Ponte 21;2026-06-27;Executada;AC2-PR21-INSP-01;JUNHO
267964;PERIÓDICA;Pontes Rolantes - Mecânica;Ponte 21;2026-06-12;Executada;AC2-PR21-INSP-02;JUNHO
267965;PERIÓDICA;Pontes Rolantes - Mecânica;Ponte 21;2026-06-28;Executada;AC2-PR21-INSP-02;JUNHO
267966;PERIÓDICA;Pontes Rolantes - Mecânica;Ponte 21;2026-06-12;Executada;AC2-PR21-INSP-03;JUNHO
267967;PERIÓDICA;Pontes Rolantes - Mecânica;Ponte 21;2026-06-28;Executada;AC2-PR21-INSP-03;JUNHO
267968;PERIÓDICA;Pontes Rolantes - Mecânica;Ponte 21;2026-06-12;Executada;AC2-PR21-INSP-04;JUNHO
267969;PERIÓDICA;Pontes Rolantes - Mecânica;Ponte 21;2026-06-28;Executada;AC2-PR21-INSP-04;JUNHO
266400;PERIÓDICA;Lingotamento Contínuo - Elétrica;Lingotamento Contínuo;2026-06-01;Executada;AC2-LC-IN-PNL-25;JUNHO
267971;PERIÓDICA;Pontes Rolantes - Mecânica;Ponte 21;2026-06-17;Executada;AC2-PR21-INSP-05;JUNHO
267972;PERIÓDICA;Pontes Rolantes - Elétrica;Ponte 21;2026-06-01;Executada;AC2-PR21-INSP-45;JUNHO
267973;PERIÓDICA;Pontes Rolantes - Elétrica;Ponte 21;2026-06-17;Executada;AC2-PR21-INSP-45;JUNHO
267974;PERIÓDICA;Pontes Rolantes - Elétrica;Ponte 21;2026-06-01;Executada;AC2-PR21-INSP-46;JUNHO
267975;PERIÓDICA;Pontes Rolantes - Elétrica;Ponte 21;2026-06-17;Executada;AC2-PR21-INSP-46;JUNHO
267976;PERIÓDICA;Pontes Rolantes - Elétrica;Ponte 21;2026-06-01;Executada;AC2-PR21-INSP-47;JUNHO
267977;PERIÓDICA;Pontes Rolantes - Elétrica;Ponte 21;2026-06-17;Executada;AC2-PR21-INSP-47;JUNHO
267978;PERIÓDICA;Pontes Rolantes - Elétrica;Ponte 21;2026-06-01;Executada;AC2-PR21-INSP-48;JUNHO
267979;PERIÓDICA;Pontes Rolantes - Elétrica;Ponte 21;2026-06-17;Executada;AC2-PR21-INSP-48;JUNHO
267980;PERIÓDICA;Pontes Rolantes - Elétrica;Ponte 21;2026-06-01;Executada;AC2-PR21-INSP-49;JUNHO
267981;PERIÓDICA;Pontes Rolantes - Elétrica;Ponte 21;2026-06-17;Executada;AC2-PR21-INSP-49;JUNHO
267982;PERIÓDICA;Pontes Rolantes - Elétrica;Ponte 21;2026-06-01;Executada;AC2-PR21-INSP-50;JUNHO
267983;PERIÓDICA;Pontes Rolantes - Elétrica;Ponte 21;2026-06-17;Executada;AC2-PR21-INSP-50;JUNHO
267984;PERIÓDICA;Pontes Rolantes - Lubrificação;Ponte 21;2026-06-12;Executada;AC2-PR21-LUBR-00;JUNHO
266401;PERIÓDICA;Lingotamento Contínuo - Elétrica;Lingotamento Contínuo;2026-06-01;Executada;AC2-LC-IN-PNL-26;JUNHO
267986;PERIÓDICA;Pontes Rolantes - Lubrificação;Ponte 21;2026-06-12;Executada;AC2-PR21-LUBR-01;JUNHO
266402;PERIÓDICA;Lingotamento Contínuo - Elétrica;Lingotamento Contínuo;2026-06-01;Executada;AC2-LC-IN-PNL-27;JUNHO
267988;PERIÓDICA;Pontes Rolantes - Lubrificação;Ponte 21;2026-06-13;Executada;AC2-PR21-LUBR-02;JUNHO
267989;PERIÓDICA;Pontes Rolantes - Lubrificação;Ponte 21;2026-06-01;Executada;AC2-PR21-LUBR-03;JUNHO
266403;PERIÓDICA;Lingotamento Contínuo - Elétrica;Lingotamento Contínuo;2026-06-01;Executada;AC2-LC-IN-PNL-28;JUNHO
267991;PERIÓDICA;Pontes Rolantes - Mecânica;Ponte 22;2026-06-01;Executada;AC2-PR22-INSP-06;JUNHO
267992;PERIÓDICA;Pontes Rolantes - Mecânica;Ponte 22;2026-06-17;Executada;AC2-PR22-INSP-06;JUNHO
267993;PERIÓDICA;Pontes Rolantes - Mecânica;Ponte 22;2026-06-01;Executada;AC2-PR22-INSP-07;JUNHO
267994;PERIÓDICA;Pontes Rolantes - Mecânica;Ponte 22;2026-06-17;Executada;AC2-PR22-INSP-07;JUNHO
267995;PERIÓDICA;Pontes Rolantes - Mecânica;Ponte 22;2026-06-01;Executada;AC2-PR22-INSP-08;JUNHO
267996;PERIÓDICA;Pontes Rolantes - Mecânica;Ponte 22;2026-06-17;Executada;AC2-PR22-INSP-08;JUNHO
267997;PERIÓDICA;Pontes Rolantes - Mecânica;Ponte 22;2026-06-01;Executada;AC2-PR22-INSP-09;JUNHO
267998;PERIÓDICA;Pontes Rolantes - Mecânica;Ponte 22;2026-06-17;Executada;AC2-PR22-INSP-09;JUNHO
267999;PERIÓDICA;Pontes Rolantes - Mecânica;Ponte 22;2026-06-01;Executada;AC2-PR22-INSP-10;JUNHO
268000;PERIÓDICA;Pontes Rolantes - Mecânica;Ponte 22;2026-06-17;Executada;AC2-PR22-INSP-10;JUNHO
268001;PERIÓDICA;Pontes Rolantes - Mecânica;Ponte 22;2026-06-01;Executada;AC2-PR22-INSP-11;JUNHO
268002;PERIÓDICA;Pontes Rolantes - Mecânica;Ponte 22;2026-06-17;Executada;AC2-PR22-INSP-11;JUNHO
268003;PERIÓDICA;Pontes Rolantes - Elétrica;Ponte 22;2026-06-01;Executada;AC2-PR22-INSP-51;JUNHO
268004;PERIÓDICA;Pontes Rolantes - Elétrica;Ponte 22;2026-06-17;Executada;AC2-PR22-INSP-51;JUNHO
268005;PERIÓDICA;Pontes Rolantes - Elétrica;Ponte 22;2026-06-01;Executada;AC2-PR22-INSP-52;JUNHO
268006;PERIÓDICA;Pontes Rolantes - Elétrica;Ponte 22;2026-06-17;Executada;AC2-PR22-INSP-52;JUNHO
268007;PERIÓDICA;Pontes Rolantes - Elétrica;Ponte 22;2026-06-01;Executada;AC2-PR22-INSP-53;JUNHO
268008;PERIÓDICA;Pontes Rolantes - Elétrica;Ponte 22;2026-06-17;Executada;AC2-PR22-INSP-53;JUNHO
268009;PERIÓDICA;Pontes Rolantes - Elétrica;Ponte 22;2026-06-01;Executada;AC2-PR22-INSP-54;JUNHO
268010;PERIÓDICA;Pontes Rolantes - Elétrica;Ponte 22;2026-06-17;Executada;AC2-PR22-INSP-54;JUNHO
268011;PERIÓDICA;Pontes Rolantes - Elétrica;Ponte 22;2026-06-01;Executada;AC2-PR22-INSP-55;JUNHO
268012;PERIÓDICA;Pontes Rolantes - Elétrica;Ponte 22;2026-06-17;Executada;AC2-PR22-INSP-55;JUNHO
268013;PERIÓDICA;Pontes Rolantes - Elétrica;Ponte 22;2026-06-01;Executada;AC2-PR22-INSP-56;JUNHO
268014;PERIÓDICA;Pontes Rolantes - Elétrica;Ponte 22;2026-06-17;Executada;AC2-PR22-INSP-56;JUNHO
268015;PERIÓDICA;Pontes Rolantes - Lubrificação;Ponte 22;2026-06-05;Executada;AC2-PR22-LUBR-05;JUNHO
268016;PERIÓDICA;Pontes Rolantes - Lubrificação;Ponte 22;2026-06-21;Executada;AC2-PR22-LUBR-05;JUNHO
268017;PERIÓDICA;Pontes Rolantes - Lubrificação;Ponte 22;2026-06-05;Executada;AC2-PR22-LUBR-06;JUNHO
268018;PERIÓDICA;Pontes Rolantes - Lubrificação;Ponte 22;2026-06-21;Executada;AC2-PR22-LUBR-06;JUNHO
268019;PERIÓDICA;Pontes Rolantes - Lubrificação;Ponte 22;2026-06-20;Executada;AC2-PR22-LUBR-07;JUNHO
268020;PERIÓDICA;Pontes Rolantes - Lubrificação;Ponte 22;2026-06-20;Executada;AC2-PR22-LUBR-08;JUNHO
268021;PERIÓDICA;Pontes Rolantes - Lubrificação;Ponte 22;2026-06-06;Executada;AC2-PR22-LUBR-09;JUNHO
268022;PERIÓDICA;Pontes Rolantes - Mecânica;Ponte 23;2026-06-01;Executada;AC2-PR23-INSP-12;JUNHO
268023;PERIÓDICA;Pontes Rolantes - Mecânica;Ponte 23;2026-06-17;Executada;AC2-PR23-INSP-12;JUNHO
268024;PERIÓDICA;Pontes Rolantes - Mecânica;Ponte 23;2026-06-12;Executada;AC2-PR23-INSP-13;JUNHO
268025;PERIÓDICA;Pontes Rolantes - Mecânica;Ponte 23;2026-06-28;Executada;AC2-PR23-INSP-13;JUNHO
268026;PERIÓDICA;Pontes Rolantes - Mecânica;Ponte 23;2026-06-13;Executada;AC2-PR23-INSP-14;JUNHO
268027;PERIÓDICA;Pontes Rolantes - Mecânica;Ponte 23;2026-06-29;Executada;AC2-PR23-INSP-14;JUNHO
268028;PERIÓDICA;Pontes Rolantes - Mecânica;Ponte 23;2026-06-12;Executada;AC2-PR23-INSP-15;JUNHO
268029;PERIÓDICA;Pontes Rolantes - Mecânica;Ponte 23;2026-06-28;Executada;AC2-PR23-INSP-15;JUNHO
268030;PERIÓDICA;Pontes Rolantes - Mecânica;Ponte 23;2026-06-12;Executada;AC2-PR23-INSP-16;JUNHO
268031;PERIÓDICA;Pontes Rolantes - Mecânica;Ponte 23;2026-06-28;Executada;AC2-PR23-INSP-16;JUNHO
268032;PERIÓDICA;Pontes Rolantes - Mecânica;Ponte 23;2026-06-12;Executada;AC2-PR23-INSP-17;JUNHO
268033;PERIÓDICA;Pontes Rolantes - Mecânica;Ponte 23;2026-06-28;Executada;AC2-PR23-INSP-17;JUNHO
268034;PERIÓDICA;Pontes Rolantes - Elétrica;Ponte 23;2026-06-01;Executada;AC2-PR23-INSP-57;JUNHO
268035;PERIÓDICA;Pontes Rolantes - Elétrica;Ponte 23;2026-06-17;Executada;AC2-PR23-INSP-57;JUNHO
268036;PERIÓDICA;Pontes Rolantes - Elétrica;Ponte 23;2026-06-01;Executada;AC2-PR23-INSP-58;JUNHO
268037;PERIÓDICA;Pontes Rolantes - Elétrica;Ponte 23;2026-06-17;Executada;AC2-PR23-INSP-58;JUNHO
268038;PERIÓDICA;Pontes Rolantes - Elétrica;Ponte 23;2026-06-01;Executada;AC2-PR23-INSP-59;JUNHO
268039;PERIÓDICA;Pontes Rolantes - Elétrica;Ponte 23;2026-06-17;Executada;AC2-PR23-INSP-59;JUNHO
268040;PERIÓDICA;Pontes Rolantes - Elétrica;Ponte 23;2026-06-01;Executada;AC2-PR23-INSP-60;JUNHO
268041;PERIÓDICA;Pontes Rolantes - Elétrica;Ponte 23;2026-06-17;Executada;AC2-PR23-INSP-60;JUNHO
268042;PERIÓDICA;Pontes Rolantes - Elétrica;Ponte 23;2026-06-01;Executada;AC2-PR23-INSP-61;JUNHO
268043;PERIÓDICA;Pontes Rolantes - Elétrica;Ponte 23;2026-06-17;Executada;AC2-PR23-INSP-61;JUNHO
266404;PERIÓDICA;Lingotamento Contínuo - Elétrica;Lingotamento Contínuo;2026-06-01;Executada;AC2-LC-IN-RPM-06;JUNHO
266407;PERIÓDICA;Lingotamento Contínuo - Elétrica;Lingotamento Contínuo;2026-06-01;Executada;AC2-LC-IN-SED-12;JUNHO
266408;PERIÓDICA;Lingotamento Contínuo - Elétrica;Lingotamento Contínuo;2026-06-01;Executada;AC2-LC-IN-SED-13;JUNHO
266409;PERIÓDICA;Lingotamento Contínuo - Elétrica;Lingotamento Contínuo;2026-06-01;Executada;AC2-LC-IN-SHI-23;JUNHO
266410;PERIÓDICA;Lingotamento Contínuo - Elétrica;Lingotamento Contínuo;2026-06-01;Executada;AC2-LC-IN-SIO-04;JUNHO
266411;PERIÓDICA;Lingotamento Contínuo - Elétrica;Lingotamento Contínuo;2026-06-01;Executada;AC2-LC-IN-SIO-05;JUNHO
266414;PERIÓDICA;Lingotamento Contínuo - Elétrica;Lingotamento Contínuo;2026-06-01;Executada;AC2-LC-IN-SOX-16;JUNHO
266415;PERIÓDICA;Lingotamento Contínuo - Elétrica;Lingotamento Contínuo;2026-06-01;Executada;AC2-LC-IN-TOG-00;JUNHO
266418;PERIÓDICA;Lingotamento Contínuo - Elétrica;Lingotamento Contínuo;2026-06-01;Executada;AC2-LC-IN-ULM-07;JUNHO
268053;PERIÓDICA;Pontes Rolantes - Mecânica;Ponte 24;2026-06-01;Executada;AC2-PR24-INSP-18;JUNHO
268054;PERIÓDICA;Pontes Rolantes - Mecânica;Ponte 24;2026-06-17;Executada;AC2-PR24-INSP-18;JUNHO
268055;PERIÓDICA;Pontes Rolantes - Mecânica;Ponte 24;2026-06-01;Executada;AC2-PR24-INSP-19;JUNHO
268056;PERIÓDICA;Pontes Rolantes - Mecânica;Ponte 24;2026-06-17;Executada;AC2-PR24-INSP-19;JUNHO
268057;PERIÓDICA;Pontes Rolantes - Mecânica;Ponte 24;2026-06-01;Executada;AC2-PR24-INSP-20;JUNHO
268058;PERIÓDICA;Pontes Rolantes - Mecânica;Ponte 24;2026-06-17;Executada;AC2-PR24-INSP-20;JUNHO
268059;PERIÓDICA;Pontes Rolantes - Mecânica;Ponte 24;2026-06-01;Executada;AC2-PR24-INSP-21;JUNHO
268060;PERIÓDICA;Pontes Rolantes - Mecânica;Ponte 24;2026-06-17;Executada;AC2-PR24-INSP-21;JUNHO
268061;PERIÓDICA;Pontes Rolantes - Mecânica;Ponte 24;2026-06-04;Executada;AC2-PR24-INSP-22;JUNHO
268062;PERIÓDICA;Pontes Rolantes - Mecânica;Ponte 24;2026-06-20;Executada;AC2-PR24-INSP-22;JUNHO
268063;PERIÓDICA;Pontes Rolantes - Mecânica;Ponte 24;2026-06-01;Executada;AC2-PR24-INSP-23;JUNHO
268064;PERIÓDICA;Pontes Rolantes - Mecânica;Ponte 24;2026-06-17;Executada;AC2-PR24-INSP-23;JUNHO
268065;PERIÓDICA;Pontes Rolantes - Elétrica;Ponte 24;2026-06-01;Executada;AC2-PR24-INSP-62;JUNHO
268066;PERIÓDICA;Pontes Rolantes - Elétrica;Ponte 24;2026-06-17;Executada;AC2-PR24-INSP-62;JUNHO
268067;PERIÓDICA;Pontes Rolantes - Elétrica;Ponte 24;2026-06-01;Executada;AC2-PR24-INSP-63;JUNHO
268068;PERIÓDICA;Pontes Rolantes - Elétrica;Ponte 24;2026-06-17;Executada;AC2-PR24-INSP-63;JUNHO
268069;PERIÓDICA;Pontes Rolantes - Elétrica;Ponte 24;2026-06-01;Executada;AC2-PR24-INSP-64;JUNHO
268070;PERIÓDICA;Pontes Rolantes - Elétrica;Ponte 24;2026-06-17;Executada;AC2-PR24-INSP-64;JUNHO
268071;PERIÓDICA;Pontes Rolantes - Elétrica;Ponte 24;2026-06-01;Executada;AC2-PR24-INSP-65;JUNHO
268072;PERIÓDICA;Pontes Rolantes - Elétrica;Ponte 24;2026-06-17;Executada;AC2-PR24-INSP-65;JUNHO
268073;PERIÓDICA;Pontes Rolantes - Elétrica;Ponte 24;2026-06-01;Executada;AC2-PR24-INSP-66;JUNHO
268074;PERIÓDICA;Pontes Rolantes - Elétrica;Ponte 24;2026-06-17;Executada;AC2-PR24-INSP-66;JUNHO
268075;PERIÓDICA;Pontes Rolantes - Lubrificação;Ponte 24;2026-06-01;Executada;AC2-PR24-LUBR-15;JUNHO
268076;PERIÓDICA;Pontes Rolantes - Lubrificação;Ponte 24;2026-06-17;Executada;AC2-PR24-LUBR-15;JUNHO
268077;PERIÓDICA;Pontes Rolantes - Lubrificação;Ponte 24;2026-06-01;Executada;AC2-PR24-LUBR-16;JUNHO
268078;PERIÓDICA;Pontes Rolantes - Lubrificação;Ponte 24;2026-06-17;Executada;AC2-PR24-LUBR-16;JUNHO
268079;PERIÓDICA;Pontes Rolantes - Lubrificação;Ponte 24;2026-06-03;Executada;AC2-PR24-LUBR-17;JUNHO
268080;PERIÓDICA;Pontes Rolantes - Lubrificação;Ponte 24;2026-06-03;Executada;AC2-PR24-LUBR-18;JUNHO
268081;PERIÓDICA;Pontes Rolantes - Lubrificação;Ponte 24;2026-06-03;Executada;AC2-PR24-LUBR-41;JUNHO
268361;PERIÓDICA;Lingotamento Contínuo - Hidráulica;Lingotamento Contínuo;2026-06-01;Executada;AC2-RE-INH-AQH01;JUNHO
268303;PERIÓDICA;Lingotamento Contínuo - Hidráulica;Lingotamento Contínuo;2026-06-29;Executada;AC2-LC-INH-CDT02;JUNHO
268084;PERIÓDICA;Pontes Rolantes - Mecânica;Ponte 25;2026-06-07;Executada;AC2-PR25-INSP-24;JUNHO
268085;PERIÓDICA;Pontes Rolantes - Mecânica;Ponte 25;2026-06-23;Executada;AC2-PR25-INSP-24;JUNHO
268308;PERIÓDICA;Lingotamento Contínuo - Hidráulica;Lingotamento Contínuo;2026-06-29;Executada;AC2-LC-INH-CDT03;JUNHO
268087;PERIÓDICA;Pontes Rolantes - Mecânica;Ponte 25;2026-06-17;Executada;AC2-PR25-INSP-25;JUNHO
268088;PERIÓDICA;Pontes Rolantes - Mecânica;Ponte 25;2026-06-07;Executada;AC2-PR25-INSP-26;JUNHO
268089;PERIÓDICA;Pontes Rolantes - Mecânica;Ponte 25;2026-06-23;Executada;AC2-PR25-INSP-26;JUNHO
268090;PERIÓDICA;Pontes Rolantes - Mecânica;Ponte 25;2026-06-06;Executada;AC2-PR25-INSP-27;JUNHO
268313;PERIÓDICA;Lingotamento Contínuo - Hidráulica;Lingotamento Contínuo;2026-06-29;Executada;AC2-LC-INH-CTR09;JUNHO
268092;PERIÓDICA;Pontes Rolantes - Mecânica;Ponte 25;2026-06-07;Executada;AC2-PR25-INSP-28;JUNHO
268093;PERIÓDICA;Pontes Rolantes - Mecânica;Ponte 25;2026-06-23;Executada;AC2-PR25-INSP-28;JUNHO
268094;PERIÓDICA;Pontes Rolantes - Elétrica;Ponte 25;2026-06-01;Executada;AC2-PR25-INSP-67;JUNHO
268095;PERIÓDICA;Pontes Rolantes - Elétrica;Ponte 25;2026-06-17;Executada;AC2-PR25-INSP-67;JUNHO
268096;PERIÓDICA;Pontes Rolantes - Elétrica;Ponte 25;2026-06-01;Executada;AC2-PR25-INSP-68;JUNHO
268097;PERIÓDICA;Pontes Rolantes - Elétrica;Ponte 25;2026-06-17;Executada;AC2-PR25-INSP-68;JUNHO
268098;PERIÓDICA;Pontes Rolantes - Elétrica;Ponte 25;2026-06-01;Executada;AC2-PR25-INSP-69;JUNHO
268099;PERIÓDICA;Pontes Rolantes - Elétrica;Ponte 25;2026-06-17;Executada;AC2-PR25-INSP-69;JUNHO
268100;PERIÓDICA;Pontes Rolantes - Elétrica;Ponte 25;2026-06-01;Executada;AC2-PR25-INSP-70;JUNHO
268101;PERIÓDICA;Pontes Rolantes - Elétrica;Ponte 25;2026-06-17;Executada;AC2-PR25-INSP-70;JUNHO
268102;PERIÓDICA;Pontes Rolantes - Elétrica;Ponte 25;2026-06-01;Executada;AC2-PR25-INSP-71;JUNHO
268103;PERIÓDICA;Pontes Rolantes - Elétrica;Ponte 25;2026-06-17;Executada;AC2-PR25-INSP-71;JUNHO
268318;PERIÓDICA;Lingotamento Contínuo - Hidráulica;Lingotamento Contínuo;2026-06-29;Executada;AC2-LC-INH-LRE10;JUNHO
268105;PERIÓDICA;Pontes Rolantes - Lubrificação;Ponte 25;2026-06-17;Executada;AC2-PR25-LUBR-20;JUNHO
268323;PERIÓDICA;Lingotamento Contínuo - Hidráulica;Lingotamento Contínuo;2026-06-29;Executada;AC2-LC-INH-MTT08;JUNHO
268107;PERIÓDICA;Pontes Rolantes - Lubrificação;Ponte 25;2026-06-17;Executada;AC2-PR25-LUBR-21;JUNHO
268108;PERIÓDICA;Pontes Rolantes - Lubrificação;Ponte 25;2026-06-05;Executada;AC2-PR25-LUBR-22;JUNHO
268109;PERIÓDICA;Pontes Rolantes - Lubrificação;Ponte 25;2026-06-05;Executada;AC2-PR25-LUBR-23;JUNHO
268110;PERIÓDICA;Pontes Rolantes - Lubrificação;Ponte 25;2026-06-05;Executada;AC2-PR25-LUBR-24;JUNHO
268328;PERIÓDICA;Lingotamento Contínuo - Hidráulica;Lingotamento Contínuo;2026-06-29;Executada;AC2-LC-INH-SED07;JUNHO
268112;PERIÓDICA;Pontes Rolantes - Mecânica;Ponte 26;2026-06-17;Executada;AC2-PR26-INSP-29;JUNHO
268113;PERIÓDICA;Pontes Rolantes - Mecânica;Ponte 26;2026-06-01;Executada;AC2-PR26-INSP-30;JUNHO
268114;PERIÓDICA;Pontes Rolantes - Mecânica;Ponte 26;2026-06-17;Executada;AC2-PR26-INSP-30;JUNHO
268333;PERIÓDICA;Lingotamento Contínuo - Hidráulica;Lingotamento Contínuo;2026-06-29;Executada;AC2-LC-INH-SHI11;JUNHO
268116;PERIÓDICA;Pontes Rolantes - Mecânica;Ponte 26;2026-06-28;Executada;AC2-PR26-INSP-31;JUNHO
268117;PERIÓDICA;Pontes Rolantes - Mecânica;Ponte 26;2026-06-12;Executada;AC2-PR26-INSP-33;JUNHO
268118;PERIÓDICA;Pontes Rolantes - Mecânica;Ponte 26;2026-06-28;Executada;AC2-PR26-INSP-33;JUNHO
268119;PERIÓDICA;Pontes Rolantes - Mecânica;Ponte 26;2026-06-12;Executada;AC2-PR26-INSP-34;JUNHO
268120;PERIÓDICA;Pontes Rolantes - Mecânica;Ponte 26;2026-06-28;Executada;AC2-PR26-INSP-34;JUNHO
268121;PERIÓDICA;Pontes Rolantes - Mecânica;Ponte 26;2026-06-12;Executada;AC2-PR26-INSP-35;JUNHO
268122;PERIÓDICA;Pontes Rolantes - Mecânica;Ponte 26;2026-06-28;Executada;AC2-PR26-INSP-35;JUNHO
268123;PERIÓDICA;Pontes Rolantes - Elétrica;Ponte 26;2026-06-01;Executada;AC2-PR26-INSP-72;JUNHO
268124;PERIÓDICA;Pontes Rolantes - Elétrica;Ponte 26;2026-06-17;Executada;AC2-PR26-INSP-72;JUNHO
268125;PERIÓDICA;Pontes Rolantes - Elétrica;Ponte 26;2026-06-01;Executada;AC2-PR26-INSP-73;JUNHO
268126;PERIÓDICA;Pontes Rolantes - Elétrica;Ponte 26;2026-06-17;Executada;AC2-PR26-INSP-73;JUNHO
268127;PERIÓDICA;Pontes Rolantes - Elétrica;Ponte 26;2026-06-01;Executada;AC2-PR26-INSP-74;JUNHO
268128;PERIÓDICA;Pontes Rolantes - Elétrica;Ponte 26;2026-06-17;Executada;AC2-PR26-INSP-74;JUNHO
268129;PERIÓDICA;Pontes Rolantes - Elétrica;Ponte 26;2026-06-01;Executada;AC2-PR26-INSP-75;JUNHO
268130;PERIÓDICA;Pontes Rolantes - Elétrica;Ponte 26;2026-06-17;Executada;AC2-PR26-INSP-75;JUNHO
268131;PERIÓDICA;Pontes Rolantes - Elétrica;Ponte 26;2026-06-01;Executada;AC2-PR26-INSP-76;JUNHO
268132;PERIÓDICA;Pontes Rolantes - Elétrica;Ponte 26;2026-06-17;Executada;AC2-PR26-INSP-76;JUNHO
268133;PERIÓDICA;Pontes Rolantes - Elétrica;Ponte 26;2026-06-01;Executada;AC2-PR26-INSP-77;JUNHO
268134;PERIÓDICA;Pontes Rolantes - Elétrica;Ponte 26;2026-06-17;Executada;AC2-PR26-INSP-77;JUNHO
268338;PERIÓDICA;Lingotamento Contínuo - Hidráulica;Lingotamento Contínuo;2026-06-29;Executada;AC2-LC-INH-SIO04;JUNHO
268136;PERIÓDICA;Pontes Rolantes - Lubrificação;Ponte 26;2026-06-17;Executada;AC2-PR26-LUBR-25;JUNHO
268343;PERIÓDICA;Lingotamento Contínuo - Hidráulica;Lingotamento Contínuo;2026-06-29;Executada;AC2-LC-INH-TOG00;JUNHO
268138;PERIÓDICA;Pontes Rolantes - Lubrificação;Ponte 26;2026-06-17;Executada;AC2-PR26-LUBR-26;JUNHO
268139;PERIÓDICA;Pontes Rolantes - Lubrificação;Ponte 26;2026-06-04;Executada;AC2-PR26-LUBR-27;JUNHO
268140;PERIÓDICA;Pontes Rolantes - Lubrificação;Ponte 26;2026-06-07;Executada;AC2-PR26-LUBR-28;JUNHO
268141;PERIÓDICA;Pontes Rolantes - Lubrificação;Ponte 26;2026-06-04;Executada;AC2-PR26-LUBR-29;JUNHO
268348;PERIÓDICA;Lingotamento Contínuo - Hidráulica;Lingotamento Contínuo;2026-06-29;Executada;AC2-LC-INH-ULM06;JUNHO
268143;PERIÓDICA;Pontes Rolantes - Lubrificação;Ponte 26;2026-06-17;Executada;AC2-PR26-LUBR-38;JUNHO
268144;PERIÓDICA;Pontes Rolantes - Lubrificação;Ponte 26;2026-06-01;Executada;AC2-PR26-LUBR-39;JUNHO
268349;PERIÓDICA;Lingotamento Contínuo - Lubrificação;Lingotamento Contínuo;2026-06-29;Executada;AC2-LC-LUB-MIN11;JUNHO
268146;PERIÓDICA;Pontes Rolantes - Mecânica;Ponte 27;2026-06-01;Executada;AC2-PR27-INSP-36;JUNHO
268147;PERIÓDICA;Pontes Rolantes - Mecânica;Ponte 27;2026-06-17;Executada;AC2-PR27-INSP-36;JUNHO
268148;PERIÓDICA;Pontes Rolantes - Mecânica;Ponte 27;2026-06-01;Executada;AC2-PR27-INSP-37;JUNHO
268350;PERIÓDICA;Lingotamento Contínuo - Lubrificação;Lingotamento Contínuo;2026-06-29;Executada;AC2-LC-LUB-SED10;JUNHO
268150;PERIÓDICA;Pontes Rolantes - Mecânica;Ponte 27;2026-06-01;Executada;AC2-PR27-INSP-38;JUNHO
268151;PERIÓDICA;Pontes Rolantes - Mecânica;Ponte 27;2026-06-17;Executada;AC2-PR27-INSP-38;JUNHO
268152;PERIÓDICA;Pontes Rolantes - Mecânica;Ponte 27;2026-06-01;Executada;AC2-PR27-INSP-39;JUNHO
268153;PERIÓDICA;Pontes Rolantes - Mecânica;Ponte 27;2026-06-17;Executada;AC2-PR27-INSP-39;JUNHO
268154;PERIÓDICA;Pontes Rolantes - Mecânica;Ponte 27;2026-06-01;Executada;AC2-PR27-INSP-40;JUNHO
268155;PERIÓDICA;Pontes Rolantes - Mecânica;Ponte 27;2026-06-17;Executada;AC2-PR27-INSP-40;JUNHO
268156;PERIÓDICA;Pontes Rolantes - Mecânica;Ponte 27;2026-06-01;Executada;AC2-PR27-INSP-41;JUNHO
268351;PERIÓDICA;Lingotamento Contínuo - Lubrificação;Lingotamento Contínuo;2026-06-29;Executada;AC2-LC-LUB-SEQ15;JUNHO
268158;PERIÓDICA;Pontes Rolantes - Elétrica;Ponte 27;2026-06-02;Executada;AC2-PR27-INSP-78;JUNHO
268159;PERIÓDICA;Pontes Rolantes - Elétrica;Ponte 27;2026-06-18;Executada;AC2-PR27-INSP-78;JUNHO
268160;PERIÓDICA;Pontes Rolantes - Elétrica;Ponte 27;2026-06-01;Executada;AC2-PR27-INSP-79;JUNHO
268161;PERIÓDICA;Pontes Rolantes - Elétrica;Ponte 27;2026-06-17;Executada;AC2-PR27-INSP-79;JUNHO
268162;PERIÓDICA;Pontes Rolantes - Elétrica;Ponte 27;2026-06-02;Executada;AC2-PR27-INSP-80;JUNHO
268163;PERIÓDICA;Pontes Rolantes - Elétrica;Ponte 27;2026-06-18;Executada;AC2-PR27-INSP-80;JUNHO
268164;PERIÓDICA;Pontes Rolantes - Elétrica;Ponte 27;2026-06-02;Executada;AC2-PR27-INSP-81;JUNHO
268165;PERIÓDICA;Pontes Rolantes - Elétrica;Ponte 27;2026-06-18;Executada;AC2-PR27-INSP-81;JUNHO
268166;PERIÓDICA;Pontes Rolantes - Elétrica;Ponte 27;2026-06-02;Executada;AC2-PR27-INSP-82;JUNHO
268167;PERIÓDICA;Pontes Rolantes - Elétrica;Ponte 27;2026-06-18;Executada;AC2-PR27-INSP-82;JUNHO
268168;PERIÓDICA;Pontes Rolantes - Elétrica;Ponte 27;2026-06-02;Executada;AC2-PR27-INSP-83;JUNHO
268169;PERIÓDICA;Pontes Rolantes - Elétrica;Ponte 27;2026-06-18;Executada;AC2-PR27-INSP-83;JUNHO
268352;PERIÓDICA;Lingotamento Contínuo - Lubrificação;Lingotamento Contínuo;2026-06-29;Executada;AC2-LC-LUB-SOX12;JUNHO
268171;PERIÓDICA;Pontes Rolantes - Lubrificação;Ponte 27;2026-06-17;Executada;AC2-PR27-LUBR-30;JUNHO
268219;PERIÓDICA;Pontes Rolantes - Elétrica;Ponte 23;2026-06-17;Não Executada;AC2-PR23-REV-053;JUNHO
268173;PERIÓDICA;Pontes Rolantes - Lubrificação;Ponte 27;2026-06-17;Executada;AC2-PR27-LUBR-31;JUNHO
268174;PERIÓDICA;Pontes Rolantes - Lubrificação;Ponte 27;2026-06-28;Executada;AC2-PR27-LUBR-32;JUNHO
268175;PERIÓDICA;Pontes Rolantes - Lubrificação;Ponte 27;2026-06-28;Executada;AC2-PR27-LUBR-33;JUNHO
268176;PERIÓDICA;Pontes Rolantes - Lubrificação;Ponte 27;2026-06-01;Executada;AC2-PR27-LUBR-34;JUNHO
268177;PERIÓDICA;Pontes Rolantes - Mecânica;Ponte 28;2026-06-01;Executada;AC2-PR28-INSP-42;JUNHO
268178;PERIÓDICA;Pontes Rolantes - Mecânica;Ponte 28;2026-06-15;Executada;AC2-PR28-INSP-43;JUNHO
268179;PERIÓDICA;Pontes Rolantes - Mecânica;Ponte 28;2026-06-01;Executada;AC2-PR28-INSP-44;JUNHO
268180;PERIÓDICA;Pontes Rolantes - Lubrificação;Ponte Rolante;2026-06-27;Executada;AC2-REDUT-ELEV1;JUNHO
268221;PERIÓDICA;Pontes Rolantes - Elétrica;Ponte 23;2026-06-17;Não Executada;AC2-PR23-REV-054;JUNHO
268182;PERIÓDICA;Pontes Rolantes - Mecânica;Ponte 21;2026-06-13;Executada;AC2-PR21-REV-000;JUNHO
268183;PERIÓDICA;Pontes Rolantes - Mecânica;Ponte 21;2026-06-13;Executada;AC2-PR21-REV-001;JUNHO
268184;PERIÓDICA;Pontes Rolantes - Mecânica;Ponte 21;2026-06-27;Executada;AC2-PR21-REV-002;JUNHO
268185;PERIÓDICA;Pontes Rolantes - Mecânica;Ponte 21;2026-06-01;Executada;AC2-PR21-REV-003;JUNHO
268186;PERIÓDICA;Pontes Rolantes - Mecânica;Ponte 21;2026-06-01;Executada;AC2-PR21-REV-005;JUNHO
268222;PERIÓDICA;Pontes Rolantes - Elétrica;Ponte 23;2026-06-01;Não Executada;AC2-PR23-REV-055;JUNHO
268223;PERIÓDICA;Pontes Rolantes - Elétrica;Ponte 23;2026-06-17;Não Executada;AC2-PR23-REV-055;JUNHO
268189;PERIÓDICA;Pontes Rolantes - Elétrica;Ponte 21;2026-06-01;Executada;AC2-PR21-REV-041;JUNHO
268190;PERIÓDICA;Pontes Rolantes - Elétrica;Ponte 21;2026-06-01;Executada;AC2-PR21-REV-042;JUNHO
268191;PERIÓDICA;Pontes Rolantes - Elétrica;Ponte 21;2026-06-01;Executada;AC2-PR21-REV-043;JUNHO
268192;PERIÓDICA;Pontes Rolantes - Elétrica;Ponte 21;2026-06-01;Executada;AC2-PR21-REV-044;JUNHO
268193;PERIÓDICA;Pontes Rolantes - Elétrica;Ponte 21;2026-06-01;Executada;AC2-PR21-REV-045;JUNHO
268194;PERIÓDICA;Pontes Rolantes - Elétrica;Ponte 21;2026-06-01;Executada;AC2-PR21-REV-046;JUNHO
268195;PERIÓDICA;Pontes Rolantes - Mecânica;Ponte 22;2026-06-01;Executada;AC2-PR22-REV-009;JUNHO
268225;PERIÓDICA;Pontes Rolantes - Elétrica;Ponte 23;2026-06-17;Não Executada;AC2-PR23-REV-056;JUNHO
268197;PERIÓDICA;Pontes Rolantes - Mecânica;Ponte 22;2026-06-01;Executada;AC2-PR22-REV-011;JUNHO
268198;PERIÓDICA;Pontes Rolantes - Mecânica;Ponte 22;2026-06-01;Executada;AC2-PR22-REV-013;JUNHO
268227;PERIÓDICA;Pontes Rolantes - Elétrica;Ponte 23;2026-06-17;Não Executada;AC2-PR23-REV-057;JUNHO
268200;PERIÓDICA;Pontes Rolantes - Mecânica;Ponte 22;2026-06-01;Executada;AC2-PR22-REV-015;JUNHO
275543;PERIÓDICA;Lingotamento Contínuo - Elétrica;Lingotamento Contínuo;2026-07-22;Executada;AC2-LC-REV-CTR43;JULHO
268202;PERIÓDICA;Pontes Rolantes - Mecânica;Ponte 22;2026-06-01;Executada;AC2-PR22-REV-017;JUNHO
268203;PERIÓDICA;Pontes Rolantes - Elétrica;Ponte 22;2026-06-01;Executada;AC2-PR22-REV-047;JUNHO
268204;PERIÓDICA;Pontes Rolantes - Elétrica;Ponte 22;2026-06-01;Executada;AC2-PR22-REV-048;JUNHO
268205;PERIÓDICA;Pontes Rolantes - Elétrica;Ponte 22;2026-06-01;Executada;AC2-PR22-REV-049;JUNHO
268206;PERIÓDICA;Pontes Rolantes - Elétrica;Ponte 22;2026-06-01;Executada;AC2-PR22-REV-050;JUNHO
268207;PERIÓDICA;Pontes Rolantes - Elétrica;Ponte 22;2026-06-01;Executada;AC2-PR22-REV-051;JUNHO
268208;PERIÓDICA;Pontes Rolantes - Elétrica;Ponte 22;2026-06-01;Executada;AC2-PR22-REV-052;JUNHO
275548;PERIÓDICA;Lingotamento Contínuo - Elétrica;Lingotamento Contínuo;2026-08-01;Executada;AC2-LC-REV-MTT42;AGOSTO
275563;PERIÓDICA;Lingotamento Contínuo - Elétrica;Lingotamento Contínuo;2026-08-01;Executada;AC2-LC-REV-SMO33;AGOSTO
275593;PERIÓDICA;Lingotamento Contínuo - Elétrica;Lingotamento Contínuo;2026-07-01;Executada;AC2-LC-REV-PRP54;JULHO
267953;PERIÓDICA;Pontes Rolantes - Lubrificação;Ponte -E;2026-06-01;Não Executada;AC2-PR-ELE-MO15;JUNHO
267954;PERIÓDICA;Pontes Rolantes - Lubrificação;Ponte -E;2026-06-01;Não Executada;AC2-PR-ELE-MTR1;JUNHO
267955;PERIÓDICA;Pontes Rolantes - Lubrificação;Ponte -E;2026-06-01;Não Executada;AC2-PR-ELV-CCG1;JUNHO
267958;PERIÓDICA;Pontes Rolantes - Lubrificação;Garra 2;2026-06-01;Executada;AC2-PR-GAR-GAR2;JUNHO
267985;PERIÓDICA;Pontes Rolantes - Lubrificação;Ponte 21;2026-06-28;Executada;AC2-PR21-LUBR-00;JUNHO
267987;PERIÓDICA;Pontes Rolantes - Lubrificação;Ponte 21;2026-06-28;Executada;AC2-PR21-LUBR-01;JUNHO
268218;PERIÓDICA;Pontes Rolantes - Elétrica;Ponte 23;2026-06-01;Executada;AC2-PR23-REV-053;JUNHO
267990;PERIÓDICA;Pontes Rolantes - Lubrificação;Ponte 21;2026-06-27;Executada;AC2-PR21-LUBR-04;JUNHO
268220;PERIÓDICA;Pontes Rolantes - Elétrica;Ponte 23;2026-06-01;Executada;AC2-PR23-REV-054;JUNHO
268044;PERIÓDICA;Pontes Rolantes - Lubrificação;Ponte 23;2026-06-03;Executada;AC2-PR23-LUBR-10;JUNHO
268045;PERIÓDICA;Pontes Rolantes - Lubrificação;Ponte 23;2026-06-19;Executada;AC2-PR23-LUBR-10;JUNHO
268046;PERIÓDICA;Pontes Rolantes - Lubrificação;Ponte 23;2026-06-03;Executada;AC2-PR23-LUBR-11;JUNHO
268224;PERIÓDICA;Pontes Rolantes - Elétrica;Ponte 23;2026-06-01;Executada;AC2-PR23-REV-056;JUNHO
268047;PERIÓDICA;Pontes Rolantes - Lubrificação;Ponte 23;2026-06-19;Executada;AC2-PR23-LUBR-11;JUNHO
268226;PERIÓDICA;Pontes Rolantes - Elétrica;Ponte 23;2026-06-01;Executada;AC2-PR23-REV-057;JUNHO
268048;PERIÓDICA;Pontes Rolantes - Lubrificação;Ponte 23;2026-06-11;Executada;AC2-PR23-LUBR-12;JUNHO
268049;PERIÓDICA;Pontes Rolantes - Lubrificação;Ponte 23;2026-06-11;Executada;AC2-PR23-LUBR-13;JUNHO
268050;PERIÓDICA;Pontes Rolantes - Lubrificação;Ponte 23;2026-06-18;Executada;AC2-PR23-LUBR-14;JUNHO
268230;PERIÓDICA;Pontes Rolantes - Mecânica;Ponte 24;2026-06-01;Executada;AC2-PR24-REV-032;JUNHO
268051;PERIÓDICA;Pontes Rolantes - Lubrificação;Ponte 23;2026-06-01;Não Executada;AC2-PR23-LUBR-43;JUNHO
268232;PERIÓDICA;Pontes Rolantes - Mecânica;Ponte 24;2026-06-01;Executada;AC2-PR24-REV-035;JUNHO
268052;PERIÓDICA;Pontes Rolantes - Lubrificação;Ponte 23;2026-06-01;Não Executada;AC2-PR23-LUBR-45;JUNHO
268082;PERIÓDICA;Pontes Rolantes - Lubrificação;Ponte 24;2026-06-01;Não Executada;AC2-PR24-LUBR-44;JUNHO
268083;PERIÓDICA;Pontes Rolantes - Lubrificação;Ponte 24;2026-06-01;Não Executada;AC2-PR24-LUBR-46;JUNHO
268104;PERIÓDICA;Pontes Rolantes - Lubrificação;Ponte 25;2026-06-01;Executada;AC2-PR25-LUBR-20;JUNHO
268237;PERIÓDICA;Pontes Rolantes - Elétrica;Ponte 24;2026-06-01;Executada;AC2-PR24-REV-058;JUNHO
268238;PERIÓDICA;Pontes Rolantes - Elétrica;Ponte 24;2026-06-17;Executada;AC2-PR24-REV-058;JUNHO
268239;PERIÓDICA;Pontes Rolantes - Elétrica;Ponte 24;2026-06-01;Executada;AC2-PR24-REV-059;JUNHO
268240;PERIÓDICA;Pontes Rolantes - Elétrica;Ponte 24;2026-06-17;Executada;AC2-PR24-REV-059;JUNHO
268241;PERIÓDICA;Pontes Rolantes - Elétrica;Ponte 24;2026-06-01;Executada;AC2-PR24-REV-060;JUNHO
268242;PERIÓDICA;Pontes Rolantes - Elétrica;Ponte 24;2026-06-17;Executada;AC2-PR24-REV-060;JUNHO
268243;PERIÓDICA;Pontes Rolantes - Elétrica;Ponte 24;2026-06-01;Não Executada;AC2-PR24-REV-061;JUNHO
268244;PERIÓDICA;Pontes Rolantes - Elétrica;Ponte 24;2026-06-17;Executada;AC2-PR24-REV-061;JUNHO
268245;PERIÓDICA;Pontes Rolantes - Elétrica;Ponte 24;2026-06-01;Executada;AC2-PR24-REV-062;JUNHO
268246;PERIÓDICA;Pontes Rolantes - Elétrica;Ponte 24;2026-06-17;Executada;AC2-PR24-REV-062;JUNHO
268247;PERIÓDICA;Pontes Rolantes - Mecânica;Ponte 25;2026-06-01;Executada;AC2-PR25-REV-063;JUNHO
268106;PERIÓDICA;Pontes Rolantes - Lubrificação;Ponte 25;2026-06-01;Executada;AC2-PR25-LUBR-21;JUNHO
268249;PERIÓDICA;Pontes Rolantes - Mecânica;Ponte 25;2026-06-01;Executada;AC2-PR25-REV-065;JUNHO
268135;PERIÓDICA;Pontes Rolantes - Lubrificação;Ponte 26;2026-06-01;Executada;AC2-PR26-LUBR-25;JUNHO
268251;PERIÓDICA;Pontes Rolantes - Mecânica;Ponte 25;2026-06-01;Executada;AC2-PR25-REV-067;JUNHO
268137;PERIÓDICA;Pontes Rolantes - Lubrificação;Ponte 26;2026-06-01;Executada;AC2-PR26-LUBR-26;JUNHO
268142;PERIÓDICA;Pontes Rolantes - Lubrificação;Ponte 26;2026-06-01;Executada;AC2-PR26-LUBR-38;JUNHO
268254;PERIÓDICA;Pontes Rolantes - Mecânica;Ponte 25;2026-06-01;Executada;AC2-PR25-REV-070;JUNHO
268255;PERIÓDICA;Pontes Rolantes - Elétrica;Ponte 25;2026-06-01;Executada;AC2-PR25-REV-091;JUNHO
268256;PERIÓDICA;Pontes Rolantes - Elétrica;Ponte 25;2026-06-01;Executada;AC2-PR25-REV-092;JUNHO
268257;PERIÓDICA;Pontes Rolantes - Elétrica;Ponte 25;2026-06-01;Executada;AC2-PR25-REV-093;JUNHO
268258;PERIÓDICA;Pontes Rolantes - Elétrica;Ponte 25;2026-06-01;Executada;AC2-PR25-REV-094;JUNHO
268259;PERIÓDICA;Pontes Rolantes - Elétrica;Ponte 25;2026-06-01;Executada;AC2-PR25-REV-095;JUNHO
268260;PERIÓDICA;Pontes Rolantes - Mecânica;Ponte 26;2026-06-01;Executada;AC2-PR26-REV-071;JUNHO
268145;PERIÓDICA;Pontes Rolantes - Lubrificação;Ponte 26;2026-06-17;Executada;AC2-PR26-LUBR-39;JUNHO
268262;PERIÓDICA;Pontes Rolantes - Mecânica;Ponte 26;2026-06-01;Executada;AC2-PR26-REV-073;JUNHO
268170;PERIÓDICA;Pontes Rolantes - Lubrificação;Ponte 27;2026-06-01;Executada;AC2-PR27-LUBR-30;JUNHO
268264;PERIÓDICA;Pontes Rolantes - Mecânica;Ponte 26;2026-06-01;Executada;AC2-PR26-REV-075;JUNHO
268172;PERIÓDICA;Pontes Rolantes - Lubrificação;Ponte 27;2026-06-01;Executada;AC2-PR27-LUBR-31;JUNHO
268181;PERIÓDICA;Pontes Rolantes - Lubrificação;Ponte Rolante;2026-06-20;Executada;AC2-REDUT-ELEV2;JUNHO
268267;PERIÓDICA;Pontes Rolantes - Mecânica;Ponte 26;2026-06-01;Executada;AC2-PR26-REV-078;JUNHO
268268;PERIÓDICA;Pontes Rolantes - Elétrica;Ponte 26;2026-06-01;Executada;AC2-PR26-REV-096;JUNHO
268269;PERIÓDICA;Pontes Rolantes - Elétrica;Ponte 26;2026-06-01;Executada;AC2-PR26-REV-097;JUNHO
268270;PERIÓDICA;Pontes Rolantes - Elétrica;Ponte 26;2026-06-01;Executada;AC2-PR26-REV-098;JUNHO
268271;PERIÓDICA;Pontes Rolantes - Elétrica;Ponte 26;2026-06-01;Executada;AC2-PR26-REV-099;JUNHO
268272;PERIÓDICA;Pontes Rolantes - Elétrica;Ponte 26;2026-06-01;Executada;AC2-PR26-REV-100;JUNHO
268273;PERIÓDICA;Pontes Rolantes - Elétrica;Ponte 26;2026-06-01;Executada;AC2-PR26-REV-101;JUNHO
268274;PERIÓDICA;Pontes Rolantes - Mecânica;Ponte 26;2026-06-01;Executada;AC2-PR26-REV-112;JUNHO
268275;PERIÓDICA;Pontes Rolantes - Mecânica;Ponte 27;2026-06-01;Executada;AC2-PR27-REV-079;JUNHO
267961;PERIÓDICA;Pontes Rolantes - Mecânica;Ponte 21;2026-06-28;Executada;AC2-PR21-INSP-00;JUNHO
268277;PERIÓDICA;Pontes Rolantes - Mecânica;Ponte 27;2026-06-01;Executada;AC2-PR27-REV-081;JUNHO
267970;PERIÓDICA;Pontes Rolantes - Mecânica;Ponte 21;2026-06-01;Executada;AC2-PR21-INSP-05;JUNHO
268279;PERIÓDICA;Pontes Rolantes - Mecânica;Ponte 27;2026-06-01;Executada;AC2-PR27-REV-083;JUNHO
268086;PERIÓDICA;Pontes Rolantes - Mecânica;Ponte 25;2026-06-01;Executada;AC2-PR25-INSP-25;JUNHO
268091;PERIÓDICA;Pontes Rolantes - Mecânica;Ponte 25;2026-06-22;Executada;AC2-PR25-INSP-27;JUNHO
268282;PERIÓDICA;Pontes Rolantes - Elétrica;Ponte 27;2026-06-01;Executada;AC2-PR27-REV-102;JUNHO
268283;PERIÓDICA;Pontes Rolantes - Elétrica;Ponte 27;2026-06-01;Executada;AC2-PR27-REV-103;JUNHO
268284;PERIÓDICA;Pontes Rolantes - Elétrica;Ponte 27;2026-06-01;Executada;AC2-PR27-REV-104;JUNHO
268285;PERIÓDICA;Pontes Rolantes - Elétrica;Ponte 27;2026-06-01;Executada;AC2-PR27-REV-105;JUNHO
268286;PERIÓDICA;Pontes Rolantes - Elétrica;Ponte 27;2026-06-01;Executada;AC2-PR27-REV-106;JUNHO
268287;PERIÓDICA;Pontes Rolantes - Elétrica;Ponte 27;2026-06-01;Executada;AC2-PR27-REV-107;JUNHO
268288;PERIÓDICA;Pontes Rolantes - Mecânica;Ponte 27;2026-06-01;Executada;AC2-PR27-REV-113;JUNHO
268289;PERIÓDICA;Pontes Rolantes - Mecânica;Ponte 28;2026-06-01;Executada;AC2-PR28-REV-087;JUNHO
268290;PERIÓDICA;Pontes Rolantes - Mecânica;Ponte 28;2026-06-01;Executada;AC2-PR28-REV-088;JUNHO
268291;PERIÓDICA;Pontes Rolantes - Mecânica;Ponte 28;2026-06-01;Executada;AC2-PR28-REV-089;JUNHO
268292;PERIÓDICA;Pontes Rolantes - Mecânica;Ponte 28;2026-06-01;Executada;AC2-PR28-REV-090;JUNHO
268111;PERIÓDICA;Pontes Rolantes - Mecânica;Ponte 26;2026-06-01;Executada;AC2-PR26-INSP-29;JUNHO
268115;PERIÓDICA;Pontes Rolantes - Mecânica;Ponte 26;2026-06-12;Executada;AC2-PR26-INSP-31;JUNHO
268149;PERIÓDICA;Pontes Rolantes - Mecânica;Ponte 27;2026-06-17;Executada;AC2-PR27-INSP-37;JUNHO
268157;PERIÓDICA;Pontes Rolantes - Mecânica;Ponte 27;2026-06-17;Executada;AC2-PR27-INSP-41;JUNHO
275596;PERIÓDICA;Lingotamento Contínuo - Elétrica;Lingotamento Contínuo;2026-07-03;Executada;AC2-LC-IN-CDT-02;JULHO
275597;PERIÓDICA;Lingotamento Contínuo - Elétrica;Lingotamento Contínuo;2026-07-03;Executada;AC2-LC-IN-CDT-03;JULHO
268196;PERIÓDICA;Pontes Rolantes - Mecânica;Ponte 22;2026-06-01;Executada;AC2-PR22-REV-010;JUNHO
268199;PERIÓDICA;Pontes Rolantes - Mecânica;Ponte 22;2026-06-01;Executada;AC2-PR22-REV-014;JUNHO
268201;PERIÓDICA;Pontes Rolantes - Mecânica;Ponte 22;2026-06-01;Executada;AC2-PR22-REV-016;JUNHO
268209;PERIÓDICA;Pontes Rolantes - Mecânica;Ponte 23;2026-06-22;Executada;AC2-PR23-REV-018;JUNHO
268359;PERIÓDICA;Lingotamento Contínuo - Hidráulica;Lingotamento Contínuo;2026-06-01;Executada;AC2-RE-INH-AQD02;JUNHO
268360;PERIÓDICA;Lingotamento Contínuo - Hidráulica;Lingotamento Contínuo;2026-06-17;Executada;AC2-RE-INH-AQD02;JUNHO
268210;PERIÓDICA;Pontes Rolantes - Mecânica;Ponte 23;2026-06-01;Executada;AC2-PR23-REV-020;JUNHO
268362;PERIÓDICA;Lingotamento Contínuo - Hidráulica;Lingotamento Contínuo;2026-06-17;Executada;AC2-RE-INH-AQH01;JUNHO
268363;PERIÓDICA;Lingotamento Contínuo - Hidráulica;Lingotamento Contínuo;2026-06-01;Executada;AC2-RE-INH-AQV00;JUNHO
268364;PERIÓDICA;Lingotamento Contínuo - Hidráulica;Lingotamento Contínuo;2026-06-17;Executada;AC2-RE-INH-AQV00;JUNHO
268365;PERIÓDICA;Lingotamento Contínuo - Hidráulica;Lingotamento Contínuo;2026-06-01;Executada;AC2-RE-INH-UHI03;JUNHO
268366;PERIÓDICA;Lingotamento Contínuo - Hidráulica;Lingotamento Contínuo;2026-06-17;Executada;AC2-RE-INH-UHI03;JUNHO
268367;PERIÓDICA;Lingotamento Contínuo - Lubrificação;Lingotamento Contínuo;2026-06-27;Executada;AC2-RE-LUB-AQD27;JUNHO
268368;PERIÓDICA;Lingotamento Contínuo - Lubrificação;Lingotamento Contínuo;2026-06-27;Executada;AC2-RE-LUB-AQH26;JUNHO
268369;PERIÓDICA;Lingotamento Contínuo - Lubrificação;Lingotamento Contínuo;2026-06-26;Executada;AC2-RE-LUB-AQV25;JUNHO
268370;PERIÓDICA;Lingotamento Contínuo - Lubrificação;Lingotamento Contínuo;2026-06-27;Executada;AC2-RE-LUB-CAR28;JUNHO
268371;PERIÓDICA;Lingotamento Contínuo - Lubrificação;Lingotamento Contínuo;2026-06-27;Executada;AC2-RE-LUB-EST29;JUNHO
268372;PERIÓDICA;Pontes Rolantes - Lubrificação;Pontes Rolantes - Lubrificação;2026-06-27;Executada;AC2-RE-LUB-PAN30;JUNHO
268373;PERIÓDICA;Pontes Rolantes - Lubrificação;Pontes Rolantes - Lubrificação;2026-06-27;Executada;AC2-RE-LUB-PAN31;JUNHO
268374;PERIÓDICA;Pontes Rolantes - Lubrificação;Pontes Rolantes - Lubrificação;2026-06-27;Executada;AC2-RE-LUB-PAN32;JUNHO
268375;PERIÓDICA;Pontes Rolantes - Lubrificação;Pontes Rolantes - Lubrificação;2026-06-27;Executada;AC2-RE-LUB-PAN33;JUNHO
268376;PERIÓDICA;Pontes Rolantes - Lubrificação;Pontes Rolantes - Lubrificação;2026-06-27;Executada;AC2-RE-LUB-PAN34;JUNHO
268377;PERIÓDICA;Pontes Rolantes - Lubrificação;Pontes Rolantes - Lubrificação;2026-06-27;Executada;AC2-RE-LUB-PAN35;JUNHO
268378;PERIÓDICA;Lingotamento Contínuo - Lubrificação;Lingotamento Contínuo;2026-06-27;Executada;AC2-RE-LUB-VID36;JUNHO
268297;PERIÓDICA;Lingotamento Contínuo - Elétrica;Lingotamento Contínuo;2026-06-18;Executada;AC2-LC-IN-CTR-20;JUNHO
268298;PERIÓDICA;Lingotamento Contínuo - Elétrica;Lingotamento Contínuo;2026-06-30;Executada;AC2-LC-IN-TOG-01;JUNHO
268299;PERIÓDICA;Lingotamento Contínuo - Hidráulica;Lingotamento Contínuo;2026-06-01;Executada;AC2-LC-INH-CDT02;JUNHO
268300;PERIÓDICA;Lingotamento Contínuo - Hidráulica;Lingotamento Contínuo;2026-06-08;Executada;AC2-LC-INH-CDT02;JUNHO
268301;PERIÓDICA;Lingotamento Contínuo - Hidráulica;Lingotamento Contínuo;2026-06-15;Executada;AC2-LC-INH-CDT02;JUNHO
268302;PERIÓDICA;Lingotamento Contínuo - Hidráulica;Lingotamento Contínuo;2026-06-22;Executada;AC2-LC-INH-CDT02;JUNHO
268211;PERIÓDICA;Pontes Rolantes - Mecânica;Ponte 23;2026-06-01;Executada;AC2-PR23-REV-021;JUNHO
268304;PERIÓDICA;Lingotamento Contínuo - Hidráulica;Lingotamento Contínuo;2026-06-01;Executada;AC2-LC-INH-CDT03;JUNHO
268305;PERIÓDICA;Lingotamento Contínuo - Hidráulica;Lingotamento Contínuo;2026-06-08;Executada;AC2-LC-INH-CDT03;JUNHO
268306;PERIÓDICA;Lingotamento Contínuo - Hidráulica;Lingotamento Contínuo;2026-06-15;Executada;AC2-LC-INH-CDT03;JUNHO
268307;PERIÓDICA;Lingotamento Contínuo - Hidráulica;Lingotamento Contínuo;2026-06-22;Executada;AC2-LC-INH-CDT03;JUNHO
268212;PERIÓDICA;Pontes Rolantes - Mecânica;Ponte 23;2026-06-01;Executada;AC2-PR23-REV-022;JUNHO
268309;PERIÓDICA;Lingotamento Contínuo - Hidráulica;Lingotamento Contínuo;2026-06-01;Executada;AC2-LC-INH-CTR09;JUNHO
268310;PERIÓDICA;Lingotamento Contínuo - Hidráulica;Lingotamento Contínuo;2026-06-08;Executada;AC2-LC-INH-CTR09;JUNHO
268311;PERIÓDICA;Lingotamento Contínuo - Hidráulica;Lingotamento Contínuo;2026-06-15;Executada;AC2-LC-INH-CTR09;JUNHO
268312;PERIÓDICA;Lingotamento Contínuo - Hidráulica;Lingotamento Contínuo;2026-06-22;Executada;AC2-LC-INH-CTR09;JUNHO
268236;PERIÓDICA;Pontes Rolantes - Mecânica;Ponte 24;2026-06-01;Não Executada;AC2-PR24-REV-039;JUNHO
268314;PERIÓDICA;Lingotamento Contínuo - Hidráulica;Lingotamento Contínuo;2026-06-01;Executada;AC2-LC-INH-LRE10;JUNHO
268315;PERIÓDICA;Lingotamento Contínuo - Hidráulica;Lingotamento Contínuo;2026-06-08;Executada;AC2-LC-INH-LRE10;JUNHO
268316;PERIÓDICA;Lingotamento Contínuo - Hidráulica;Lingotamento Contínuo;2026-06-15;Executada;AC2-LC-INH-LRE10;JUNHO
268317;PERIÓDICA;Lingotamento Contínuo - Hidráulica;Lingotamento Contínuo;2026-06-22;Executada;AC2-LC-INH-LRE10;JUNHO
268214;PERIÓDICA;Pontes Rolantes - Mecânica;Ponte 23;2026-06-01;Executada;AC2-PR23-REV-024;JUNHO
268319;PERIÓDICA;Lingotamento Contínuo - Hidráulica;Lingotamento Contínuo;2026-06-01;Executada;AC2-LC-INH-MTT08;JUNHO
268320;PERIÓDICA;Lingotamento Contínuo - Hidráulica;Lingotamento Contínuo;2026-06-08;Executada;AC2-LC-INH-MTT08;JUNHO
268321;PERIÓDICA;Lingotamento Contínuo - Hidráulica;Lingotamento Contínuo;2026-06-15;Executada;AC2-LC-INH-MTT08;JUNHO
268322;PERIÓDICA;Lingotamento Contínuo - Hidráulica;Lingotamento Contínuo;2026-06-22;Executada;AC2-LC-INH-MTT08;JUNHO
268215;PERIÓDICA;Pontes Rolantes - Mecânica;Ponte 23;2026-06-19;Executada;AC2-PR23-REV-025;JUNHO
268324;PERIÓDICA;Lingotamento Contínuo - Hidráulica;Lingotamento Contínuo;2026-06-01;Executada;AC2-LC-INH-SED07;JUNHO
268325;PERIÓDICA;Lingotamento Contínuo - Hidráulica;Lingotamento Contínuo;2026-06-08;Executada;AC2-LC-INH-SED07;JUNHO
268326;PERIÓDICA;Lingotamento Contínuo - Hidráulica;Lingotamento Contínuo;2026-06-15;Executada;AC2-LC-INH-SED07;JUNHO
268327;PERIÓDICA;Lingotamento Contínuo - Hidráulica;Lingotamento Contínuo;2026-06-22;Executada;AC2-LC-INH-SED07;JUNHO
275598;PERIÓDICA;Lingotamento Contínuo - Elétrica;Lingotamento Contínuo;2026-07-02;Executada;AC2-LC-IN-CMS-08;JULHO
268329;PERIÓDICA;Lingotamento Contínuo - Hidráulica;Lingotamento Contínuo;2026-06-01;Executada;AC2-LC-INH-SHI11;JUNHO
268330;PERIÓDICA;Lingotamento Contínuo - Hidráulica;Lingotamento Contínuo;2026-06-08;Executada;AC2-LC-INH-SHI11;JUNHO
268331;PERIÓDICA;Lingotamento Contínuo - Hidráulica;Lingotamento Contínuo;2026-06-15;Executada;AC2-LC-INH-SHI11;JUNHO
268332;PERIÓDICA;Lingotamento Contínuo - Hidráulica;Lingotamento Contínuo;2026-06-22;Executada;AC2-LC-INH-SHI11;JUNHO
268217;PERIÓDICA;Pontes Rolantes - Mecânica;Ponte 23;2026-06-01;Executada;AC2-PR23-REV-028;JUNHO
268334;PERIÓDICA;Lingotamento Contínuo - Hidráulica;Lingotamento Contínuo;2026-06-01;Executada;AC2-LC-INH-SIO04;JUNHO
268335;PERIÓDICA;Lingotamento Contínuo - Hidráulica;Lingotamento Contínuo;2026-06-08;Executada;AC2-LC-INH-SIO04;JUNHO
268336;PERIÓDICA;Lingotamento Contínuo - Hidráulica;Lingotamento Contínuo;2026-06-15;Executada;AC2-LC-INH-SIO04;JUNHO
268337;PERIÓDICA;Lingotamento Contínuo - Hidráulica;Lingotamento Contínuo;2026-06-22;Executada;AC2-LC-INH-SIO04;JUNHO
268228;PERIÓDICA;Pontes Rolantes - Mecânica;Ponte 24;2026-06-01;Não Executada;AC2-PR24-REV-030;JUNHO
268339;PERIÓDICA;Lingotamento Contínuo - Hidráulica;Lingotamento Contínuo;2026-06-01;Executada;AC2-LC-INH-TOG00;JUNHO
268340;PERIÓDICA;Lingotamento Contínuo - Hidráulica;Lingotamento Contínuo;2026-06-08;Executada;AC2-LC-INH-TOG00;JUNHO
268341;PERIÓDICA;Lingotamento Contínuo - Hidráulica;Lingotamento Contínuo;2026-06-15;Executada;AC2-LC-INH-TOG00;JUNHO
268342;PERIÓDICA;Lingotamento Contínuo - Hidráulica;Lingotamento Contínuo;2026-06-22;Executada;AC2-LC-INH-TOG00;JUNHO
268229;PERIÓDICA;Pontes Rolantes - Mecânica;Ponte 24;2026-06-01;Executada;AC2-PR24-REV-031;JUNHO
268344;PERIÓDICA;Lingotamento Contínuo - Hidráulica;Lingotamento Contínuo;2026-06-01;Executada;AC2-LC-INH-ULM06;JUNHO
268345;PERIÓDICA;Lingotamento Contínuo - Hidráulica;Lingotamento Contínuo;2026-06-08;Executada;AC2-LC-INH-ULM06;JUNHO
268346;PERIÓDICA;Lingotamento Contínuo - Hidráulica;Lingotamento Contínuo;2026-06-15;Executada;AC2-LC-INH-ULM06;JUNHO
268347;PERIÓDICA;Lingotamento Contínuo - Hidráulica;Lingotamento Contínuo;2026-06-22;Executada;AC2-LC-INH-ULM06;JUNHO
268231;PERIÓDICA;Pontes Rolantes - Mecânica;Ponte 24;2026-06-01;Executada;AC2-PR24-REV-033;JUNHO
268233;PERIÓDICA;Pontes Rolantes - Mecânica;Ponte 24;2026-06-01;Executada;AC2-PR24-REV-036;JUNHO
275599;PERIÓDICA;Lingotamento Contínuo - Elétrica;Lingotamento Contínuo;2026-07-01;Executada;AC2-LC-IN-CTR-20;JULHO
275600;PERIÓDICA;Lingotamento Contínuo - Elétrica;Lingotamento Contínuo;2026-07-17;Executada;AC2-LC-IN-CTR-20;JULHO
275601;PERIÓDICA;Lingotamento Contínuo - Elétrica;Lingotamento Contínuo;2026-07-03;Executada;AC2-LC-IN-EXT-09;JULHO
275602;PERIÓDICA;Lingotamento Contínuo - Elétrica;Lingotamento Contínuo;2026-07-03;Executada;AC2-LC-IN-EXT-10;JULHO
275603;PERIÓDICA;Lingotamento Contínuo - Elétrica;Lingotamento Contínuo;2026-07-02;Executada;AC2-LC-IN-LRE-21;JULHO
275604;PERIÓDICA;Lingotamento Contínuo - Elétrica;Lingotamento Contínuo;2026-07-02;Executada;AC2-LC-IN-MGR-17;JULHO
268911;PERIÓDICA;Refrigeração;Refrigeração;2026-07-11;Executada;AC2-P21-RFG-AR1;JULHO
268912;PERIÓDICA;Refrigeração;Refrigeração;2026-07-11;Executada;AC2-P21-RFG-AR2;JULHO
268913;PERIÓDICA;Refrigeração;Refrigeração;2026-07-03;Executada;AC2-P22-RFG-AR3;JULHO
268914;PERIÓDICA;Refrigeração;Refrigeração;2026-07-03;Executada;AC2-P22-RFG-AR4;JULHO
268915;PERIÓDICA;Refrigeração;Refrigeração;2026-07-12;Executada;AC2-P23-RFG-AR5;JULHO
275605;PERIÓDICA;Lingotamento Contínuo - Elétrica;Lingotamento Contínuo;2026-07-02;Executada;AC2-LC-IN-MTT-18;JULHO
268917;PERIÓDICA;Refrigeração;Refrigeração;2026-07-12;Executada;AC2-P23-RFG-AR6;JULHO
268921;PERIÓDICA;Refrigeração;Refrigeração;2026-06-25;Executada;AC2-P24-RF-AR10;JUNHO
275606;PERIÓDICA;Lingotamento Contínuo - Elétrica;Lingotamento Contínuo;2026-07-03;Executada;AC2-LC-IN-RPM-06;JULHO
268919;PERIÓDICA;Refrigeração;Refrigeração;2026-07-12;Executada;AC2-P23-RFG-AR7;JULHO
268924;PERIÓDICA;Refrigeração;Refrigeração;2026-06-25;Executada;AC2-P24-RFG-AR8;JUNHO
275607;PERIÓDICA;Lingotamento Contínuo - Elétrica;Lingotamento Contínuo;2026-07-03;Executada;AC2-LC-IN-SED-11;JULHO
268922;PERIÓDICA;Refrigeração;Refrigeração;2026-07-11;Executada;AC2-P24-RF-AR10;JULHO
268927;PERIÓDICA;Refrigeração;Refrigeração;2026-06-25;Executada;AC2-P24-RFG-AR9;JUNHO
268923;PERIÓDICA;Refrigeração;Refrigeração;2026-07-27;Executada;AC2-P24-RF-AR10;JULHO
268925;PERIÓDICA;Refrigeração;Refrigeração;2026-07-11;Executada;AC2-P24-RFG-AR8;JULHO
268930;PERIÓDICA;Refrigeração;Refrigeração;2026-06-21;Executada;AC2-P25-RF-AR11;JUNHO
268926;PERIÓDICA;Refrigeração;Refrigeração;2026-07-27;Executada;AC2-P24-RFG-AR8;JULHO
268928;PERIÓDICA;Refrigeração;Refrigeração;2026-07-11;Executada;AC2-P24-RFG-AR9;JULHO
268933;PERIÓDICA;Refrigeração;Refrigeração;2026-06-21;Executada;AC2-P25-RF-AR12;JUNHO
268929;PERIÓDICA;Refrigeração;Refrigeração;2026-07-27;Executada;AC2-P24-RFG-AR9;JULHO
268931;PERIÓDICA;Refrigeração;Refrigeração;2026-07-07;Não Executada;AC2-P25-RF-AR11;JULHO
268936;PERIÓDICA;Refrigeração;Refrigeração;2026-06-25;Executada;AC2-P26-RF-AR13;JUNHO
268932;PERIÓDICA;Refrigeração;Refrigeração;2026-07-23;Não Executada;AC2-P25-RF-AR11;JULHO
268934;PERIÓDICA;Refrigeração;Refrigeração;2026-07-07;Executada;AC2-P25-RF-AR12;JULHO
268939;PERIÓDICA;Refrigeração;Refrigeração;2026-06-29;Executada;AC2-P26-RF-AR14;JUNHO
268935;PERIÓDICA;Refrigeração;Refrigeração;2026-07-23;Executada;AC2-P25-RF-AR12;JULHO
268937;PERIÓDICA;Refrigeração;Refrigeração;2026-07-11;Executada;AC2-P26-RF-AR13;JULHO
268942;PERIÓDICA;Refrigeração;Refrigeração;2026-06-17;Executada;AC2-P27-RF-AR15;JUNHO
275608;PERIÓDICA;Lingotamento Contínuo - Elétrica;Lingotamento Contínuo;2026-07-19;Executada;AC2-LC-IN-SED-11;JULHO
268940;PERIÓDICA;Refrigeração;Refrigeração;2026-07-15;Executada;AC2-P26-RF-AR14;JULHO
268945;PERIÓDICA;Refrigeração;Refrigeração;2026-06-17;Executada;AC2-P27-RF-AR16;JUNHO
275609;PERIÓDICA;Lingotamento Contínuo - Elétrica;Lingotamento Contínuo;2026-07-03;Executada;AC2-LC-IN-SED-12;JULHO
268943;PERIÓDICA;Refrigeração;Refrigeração;2026-07-03;Executada;AC2-P27-RF-AR15;JULHO
275610;PERIÓDICA;Lingotamento Contínuo - Elétrica;Lingotamento Contínuo;2026-07-03;Executada;AC2-LC-IN-SIO-05;JULHO
268946;PERIÓDICA;Refrigeração;Refrigeração;2026-07-03;Executada;AC2-P27-RF-AR16;JULHO
275611;PERIÓDICA;Lingotamento Contínuo - Elétrica;Lingotamento Contínuo;2026-07-02;Executada;AC2-LC-IN-SIQ-19;JULHO
275612;PERIÓDICA;Lingotamento Contínuo - Elétrica;Lingotamento Contínuo;2026-07-02;Executada;AC2-LC-IN-SOX-15;JULHO
268953;PERIÓDICA;Pontes Rolantes - Mecânica;Ponte 21;2026-06-26;Executada;AC2-PR21-INSP-00;JUNHO
268950;PERIÓDICA;Pontes Rolantes - Lubrificação;Garra 1;2026-07-21;Executada;AC2-PR-GAR-GAR1;JULHO
268951;PERIÓDICA;Pontes Rolantes - Lubrificação;Garra 2;2026-06-30;Executada;AC2-PR-GAR-GAR2;JUNHO
268956;PERIÓDICA;Pontes Rolantes - Mecânica;Ponte 21;2026-06-26;Executada;AC2-PR21-INSP-01;JUNHO
268952;PERIÓDICA;Pontes Rolantes - Lubrificação;Garra 2;2026-07-16;Executada;AC2-PR-GAR-GAR2;JULHO
268954;PERIÓDICA;Pontes Rolantes - Mecânica;Ponte 21;2026-07-12;Executada;AC2-PR21-INSP-00;JULHO
268959;PERIÓDICA;Pontes Rolantes - Mecânica;Ponte 21;2026-06-26;Executada;AC2-PR21-INSP-02;JUNHO
268955;PERIÓDICA;Pontes Rolantes - Mecânica;Ponte 21;2026-07-28;Executada;AC2-PR21-INSP-00;JULHO
268957;PERIÓDICA;Pontes Rolantes - Mecânica;Ponte 21;2026-07-12;Executada;AC2-PR21-INSP-01;JULHO
268962;PERIÓDICA;Pontes Rolantes - Mecânica;Ponte 21;2026-06-26;Executada;AC2-PR21-INSP-03;JUNHO
268958;PERIÓDICA;Pontes Rolantes - Mecânica;Ponte 21;2026-07-28;Executada;AC2-PR21-INSP-01;JULHO
268960;PERIÓDICA;Pontes Rolantes - Mecânica;Ponte 21;2026-07-12;Executada;AC2-PR21-INSP-02;JULHO
268965;PERIÓDICA;Pontes Rolantes - Mecânica;Ponte 21;2026-06-26;Executada;AC2-PR21-INSP-04;JUNHO
268961;PERIÓDICA;Pontes Rolantes - Mecânica;Ponte 21;2026-07-28;Executada;AC2-PR21-INSP-02;JULHO
268963;PERIÓDICA;Pontes Rolantes - Mecânica;Ponte 21;2026-07-12;Executada;AC2-PR21-INSP-03;JULHO
268968;PERIÓDICA;Pontes Rolantes - Mecânica;Ponte 21;2026-06-26;Executada;AC2-PR21-INSP-05;JUNHO
268964;PERIÓDICA;Pontes Rolantes - Mecânica;Ponte 21;2026-07-28;Executada;AC2-PR21-INSP-03;JULHO
268966;PERIÓDICA;Pontes Rolantes - Mecânica;Ponte 21;2026-07-12;Executada;AC2-PR21-INSP-04;JULHO
268967;PERIÓDICA;Pontes Rolantes - Mecânica;Ponte 21;2026-07-28;Executada;AC2-PR21-INSP-04;JULHO
268969;PERIÓDICA;Pontes Rolantes - Mecânica;Ponte 21;2026-07-12;Executada;AC2-PR21-INSP-05;JULHO
268970;PERIÓDICA;Pontes Rolantes - Mecânica;Ponte 21;2026-07-28;Executada;AC2-PR21-INSP-05;JULHO
268971;PERIÓDICA;Pontes Rolantes - Elétrica;Ponte 21;2026-06-20;Executada;AC2-PR21-INSP-45;JUNHO
268972;PERIÓDICA;Pontes Rolantes - Elétrica;Ponte 21;2026-07-06;Executada;AC2-PR21-INSP-45;JULHO
275613;PERIÓDICA;Lingotamento Contínuo - Elétrica;Lingotamento Contínuo;2026-07-03;Executada;AC2-LC-IN-TOG-00;JULHO
268974;PERIÓDICA;Pontes Rolantes - Elétrica;Ponte 21;2026-06-19;Executada;AC2-PR21-INSP-46;JUNHO
268975;PERIÓDICA;Pontes Rolantes - Elétrica;Ponte 21;2026-07-05;Executada;AC2-PR21-INSP-46;JULHO
275614;PERIÓDICA;Lingotamento Contínuo - Elétrica;Lingotamento Contínuo;2026-07-11;Executada;AC2-LC-IN-TOG-01;JULHO
268977;PERIÓDICA;Pontes Rolantes - Elétrica;Ponte 21;2026-06-20;Executada;AC2-PR21-INSP-47;JUNHO
268978;PERIÓDICA;Pontes Rolantes - Elétrica;Ponte 21;2026-07-06;Executada;AC2-PR21-INSP-47;JULHO
275615;PERIÓDICA;Lingotamento Contínuo - Elétrica;Lingotamento Contínuo;2026-07-27;Executada;AC2-LC-IN-TOG-01;JULHO
268980;PERIÓDICA;Pontes Rolantes - Elétrica;Ponte 21;2026-06-19;Executada;AC2-PR21-INSP-48;JUNHO
268981;PERIÓDICA;Pontes Rolantes - Elétrica;Ponte 21;2026-07-05;Executada;AC2-PR21-INSP-48;JULHO
275616;PERIÓDICA;Lingotamento Contínuo - Elétrica;Lingotamento Contínuo;2026-07-03;Executada;AC2-LC-IN-ULM-07;JULHO
268983;PERIÓDICA;Pontes Rolantes - Elétrica;Ponte 21;2026-06-19;Executada;AC2-PR21-INSP-49;JUNHO
268984;PERIÓDICA;Pontes Rolantes - Elétrica;Ponte 21;2026-07-05;Executada;AC2-PR21-INSP-49;JULHO
275785;PERIÓDICA;Lingotamento Contínuo - Elétrica;Lingotamento Contínuo;2026-07-26;Executada;AC2-RE-IN-AQD-39;JULHO
268986;PERIÓDICA;Pontes Rolantes - Elétrica;Ponte 21;2026-06-19;Executada;AC2-PR21-INSP-50;JUNHO
268987;PERIÓDICA;Pontes Rolantes - Elétrica;Ponte 21;2026-07-05;Executada;AC2-PR21-INSP-50;JULHO
275786;PERIÓDICA;Lingotamento Contínuo - Elétrica;Lingotamento Contínuo;2026-07-26;Executada;AC2-RE-IN-AQH-38;JULHO
268989;PERIÓDICA;Pontes Rolantes - Lubrificação;Ponte 21;2026-07-14;Executada;AC2-PR21-LUBR-00;JULHO
275787;PERIÓDICA;Lingotamento Contínuo - Elétrica;Lingotamento Contínuo;2026-07-28;Executada;AC2-RE-IN-AQV-37;JULHO
268991;PERIÓDICA;Pontes Rolantes - Lubrificação;Ponte 21;2026-07-14;Executada;AC2-PR21-LUBR-01;JULHO
275788;PERIÓDICA;Lingotamento Contínuo - Elétrica;Lingotamento Contínuo;2026-07-01;Executada;AC2-RE-IN-MCO-48;JULHO
268993;PERIÓDICA;Pontes Rolantes - Lubrificação;Ponte 21;2026-07-11;Executada;AC2-PR21-LUBR-02;JULHO
268994;PERIÓDICA;Pontes Rolantes - Lubrificação;Ponte 21;2026-07-11;Executada;AC2-PR21-LUBR-03;JULHO
275789;PERIÓDICA;Lingotamento Contínuo - Elétrica;Lingotamento Contínuo;2026-07-01;Executada;AC2-RE-IN-PRD-40;JULHO
268997;PERIÓDICA;Pontes Rolantes - Mecânica;Ponte 22;2026-07-10;Executada;AC2-PR22-INSP-06;JULHO
268998;PERIÓDICA;Pontes Rolantes - Mecânica;Ponte 22;2026-07-26;Executada;AC2-PR22-INSP-06;JULHO
269000;PERIÓDICA;Pontes Rolantes - Mecânica;Ponte 22;2026-07-08;Executada;AC2-PR22-INSP-07;JULHO
269001;PERIÓDICA;Pontes Rolantes - Mecânica;Ponte 22;2026-07-24;Executada;AC2-PR22-INSP-07;JULHO
269003;PERIÓDICA;Pontes Rolantes - Mecânica;Ponte 22;2026-07-05;Executada;AC2-PR22-INSP-08;JULHO
269004;PERIÓDICA;Pontes Rolantes - Mecânica;Ponte 22;2026-07-21;Executada;AC2-PR22-INSP-08;JULHO
269006;PERIÓDICA;Pontes Rolantes - Mecânica;Ponte 22;2026-07-05;Executada;AC2-PR22-INSP-09;JULHO
269007;PERIÓDICA;Pontes Rolantes - Mecânica;Ponte 22;2026-07-21;Executada;AC2-PR22-INSP-09;JULHO
269009;PERIÓDICA;Pontes Rolantes - Mecânica;Ponte 22;2026-07-07;Executada;AC2-PR22-INSP-10;JULHO
269014;PERIÓDICA;Pontes Rolantes - Elétrica;Ponte 22;2026-06-23;Executada;AC2-PR22-INSP-51;JUNHO
269010;PERIÓDICA;Pontes Rolantes - Mecânica;Ponte 22;2026-07-23;Executada;AC2-PR22-INSP-10;JULHO
269012;PERIÓDICA;Pontes Rolantes - Mecânica;Ponte 22;2026-07-10;Executada;AC2-PR22-INSP-11;JULHO
269017;PERIÓDICA;Pontes Rolantes - Elétrica;Ponte 22;2026-06-23;Executada;AC2-PR22-INSP-52;JUNHO
269013;PERIÓDICA;Pontes Rolantes - Mecânica;Ponte 22;2026-07-26;Executada;AC2-PR22-INSP-11;JULHO
269015;PERIÓDICA;Pontes Rolantes - Elétrica;Ponte 22;2026-07-09;Executada;AC2-PR22-INSP-51;JULHO
269020;PERIÓDICA;Pontes Rolantes - Elétrica;Ponte 22;2026-06-23;Executada;AC2-PR22-INSP-53;JUNHO
269016;PERIÓDICA;Pontes Rolantes - Elétrica;Ponte 22;2026-07-25;Executada;AC2-PR22-INSP-51;JULHO
269018;PERIÓDICA;Pontes Rolantes - Elétrica;Ponte 22;2026-07-09;Executada;AC2-PR22-INSP-52;JULHO
269023;PERIÓDICA;Pontes Rolantes - Elétrica;Ponte 22;2026-06-23;Executada;AC2-PR22-INSP-54;JUNHO
269019;PERIÓDICA;Pontes Rolantes - Elétrica;Ponte 22;2026-07-25;Executada;AC2-PR22-INSP-52;JULHO
269021;PERIÓDICA;Pontes Rolantes - Elétrica;Ponte 22;2026-07-09;Executada;AC2-PR22-INSP-53;JULHO
269026;PERIÓDICA;Pontes Rolantes - Elétrica;Ponte 22;2026-06-22;Executada;AC2-PR22-INSP-55;JUNHO
269022;PERIÓDICA;Pontes Rolantes - Elétrica;Ponte 22;2026-07-25;Executada;AC2-PR22-INSP-53;JULHO
269024;PERIÓDICA;Pontes Rolantes - Elétrica;Ponte 22;2026-07-09;Executada;AC2-PR22-INSP-54;JULHO
269029;PERIÓDICA;Pontes Rolantes - Elétrica;Ponte 22;2026-06-22;Executada;AC2-PR22-INSP-56;JUNHO
269025;PERIÓDICA;Pontes Rolantes - Elétrica;Ponte 22;2026-07-25;Executada;AC2-PR22-INSP-54;JULHO
269027;PERIÓDICA;Pontes Rolantes - Elétrica;Ponte 22;2026-07-08;Executada;AC2-PR22-INSP-55;JULHO
269032;PERIÓDICA;Pontes Rolantes - Lubrificação;Ponte 22;2026-06-19;Executada;AC2-PR22-LUBR-05;JUNHO
269028;PERIÓDICA;Pontes Rolantes - Elétrica;Ponte 22;2026-07-24;Executada;AC2-PR22-INSP-55;JULHO
269030;PERIÓDICA;Pontes Rolantes - Elétrica;Ponte 22;2026-07-08;Executada;AC2-PR22-INSP-56;JULHO
269035;PERIÓDICA;Pontes Rolantes - Lubrificação;Ponte 22;2026-06-19;Executada;AC2-PR22-LUBR-06;JUNHO
269031;PERIÓDICA;Pontes Rolantes - Elétrica;Ponte 22;2026-07-24;Executada;AC2-PR22-INSP-56;JULHO
269033;PERIÓDICA;Pontes Rolantes - Lubrificação;Ponte 22;2026-07-05;Executada;AC2-PR22-LUBR-05;JULHO
269034;PERIÓDICA;Pontes Rolantes - Lubrificação;Ponte 22;2026-07-21;Executada;AC2-PR22-LUBR-05;JULHO
269036;PERIÓDICA;Pontes Rolantes - Lubrificação;Ponte 22;2026-07-05;Executada;AC2-PR22-LUBR-06;JULHO
269037;PERIÓDICA;Pontes Rolantes - Lubrificação;Ponte 22;2026-07-21;Executada;AC2-PR22-LUBR-06;JULHO
269041;PERIÓDICA;Pontes Rolantes - Mecânica;Ponte 23;2026-06-28;Executada;AC2-PR23-INSP-12;JUNHO
269038;PERIÓDICA;Pontes Rolantes - Lubrificação;Ponte 22;2026-07-03;Executada;AC2-PR22-LUBR-07;JULHO
269039;PERIÓDICA;Pontes Rolantes - Lubrificação;Ponte 22;2026-07-20;Executada;AC2-PR22-LUBR-08;JULHO
269044;PERIÓDICA;Pontes Rolantes - Mecânica;Ponte 23;2026-06-27;Executada;AC2-PR23-INSP-13;JUNHO
269040;PERIÓDICA;Pontes Rolantes - Lubrificação;Ponte 22;2026-07-03;Executada;AC2-PR22-LUBR-09;JULHO
269042;PERIÓDICA;Pontes Rolantes - Mecânica;Ponte 23;2026-07-14;Executada;AC2-PR23-INSP-12;JULHO
275790;PERIÓDICA;Lingotamento Contínuo - Elétrica;Lingotamento Contínuo;2026-07-01;Executada;AC2-RE-IN-PRJ-41;JULHO
269045;PERIÓDICA;Pontes Rolantes - Mecânica;Ponte 23;2026-07-13;Executada;AC2-PR23-INSP-13;JULHO
269046;PERIÓDICA;Pontes Rolantes - Mecânica;Ponte 23;2026-07-29;Executada;AC2-PR23-INSP-13;JULHO
269047;PERIÓDICA;Pontes Rolantes - Mecânica;Ponte 23;2026-07-15;Executada;AC2-PR23-INSP-14;JULHO
275791;PERIÓDICA;Lingotamento Contínuo - Elétrica;Lingotamento Contínuo;2026-07-01;Executada;AC2-RE-IN-PRJ-42;JULHO
269049;PERIÓDICA;Pontes Rolantes - Mecânica;Ponte 23;2026-07-14;Executada;AC2-PR23-INSP-15;JULHO
275792;PERIÓDICA;Lingotamento Contínuo - Elétrica;Lingotamento Contínuo;2026-07-01;Executada;AC2-RE-IN-PRP-44;JULHO
269051;PERIÓDICA;Pontes Rolantes - Mecânica;Ponte 23;2026-07-14;Executada;AC2-PR23-INSP-16;JULHO
269055;PERIÓDICA;Pontes Rolantes - Elétrica;Ponte 23;2026-06-24;Executada;AC2-PR23-INSP-57;JUNHO
269052;PERIÓDICA;Pontes Rolantes - Mecânica;Ponte 23;2026-07-30;Executada;AC2-PR23-INSP-16;JULHO
269053;PERIÓDICA;Pontes Rolantes - Mecânica;Ponte 23;2026-07-14;Executada;AC2-PR23-INSP-17;JULHO
269058;PERIÓDICA;Pontes Rolantes - Elétrica;Ponte 23;2026-06-24;Executada;AC2-PR23-INSP-58;JUNHO
275793;PERIÓDICA;Lingotamento Contínuo - Elétrica;Lingotamento Contínuo;2026-07-16;Executada;AC2-RE-IN-UHI-47;JULHO
269056;PERIÓDICA;Pontes Rolantes - Elétrica;Ponte 23;2026-07-10;Executada;AC2-PR23-INSP-57;JULHO
269061;PERIÓDICA;Pontes Rolantes - Elétrica;Ponte 23;2026-06-24;Executada;AC2-PR23-INSP-59;JUNHO
269057;PERIÓDICA;Pontes Rolantes - Elétrica;Ponte 23;2026-07-26;Executada;AC2-PR23-INSP-57;JULHO
269059;PERIÓDICA;Pontes Rolantes - Elétrica;Ponte 23;2026-07-10;Executada;AC2-PR23-INSP-58;JULHO
269064;PERIÓDICA;Pontes Rolantes - Elétrica;Ponte 23;2026-06-24;Executada;AC2-PR23-INSP-60;JUNHO
269060;PERIÓDICA;Pontes Rolantes - Elétrica;Ponte 23;2026-07-26;Executada;AC2-PR23-INSP-58;JULHO
269062;PERIÓDICA;Pontes Rolantes - Elétrica;Ponte 23;2026-07-10;Executada;AC2-PR23-INSP-59;JULHO
269067;PERIÓDICA;Pontes Rolantes - Elétrica;Ponte 23;2026-06-24;Executada;AC2-PR23-INSP-61;JUNHO
269063;PERIÓDICA;Pontes Rolantes - Elétrica;Ponte 23;2026-07-26;Executada;AC2-PR23-INSP-59;JULHO
269065;PERIÓDICA;Pontes Rolantes - Elétrica;Ponte 23;2026-07-10;Executada;AC2-PR23-INSP-60;JULHO
269066;PERIÓDICA;Pontes Rolantes - Elétrica;Ponte 23;2026-07-26;Executada;AC2-PR23-INSP-60;JULHO
269068;PERIÓDICA;Pontes Rolantes - Elétrica;Ponte 23;2026-07-10;Executada;AC2-PR23-INSP-61;JULHO
269069;PERIÓDICA;Pontes Rolantes - Elétrica;Ponte 23;2026-07-26;Executada;AC2-PR23-INSP-61;JULHO
269070;PERIÓDICA;Pontes Rolantes - Lubrificação;Ponte 23;2026-07-05;Executada;AC2-PR23-LUBR-10;JULHO
269071;PERIÓDICA;Pontes Rolantes - Lubrificação;Ponte 23;2026-07-21;Executada;AC2-PR23-LUBR-10;JULHO
269072;PERIÓDICA;Pontes Rolantes - Lubrificação;Ponte 23;2026-07-05;Executada;AC2-PR23-LUBR-11;JULHO
269073;PERIÓDICA;Pontes Rolantes - Lubrificação;Ponte 23;2026-07-21;Executada;AC2-PR23-LUBR-11;JULHO
269077;PERIÓDICA;Pontes Rolantes - Mecânica;Ponte 24;2026-06-20;Executada;AC2-PR24-INSP-18;JUNHO
269074;PERIÓDICA;Pontes Rolantes - Lubrificação;Ponte 23;2026-07-11;Executada;AC2-PR23-LUBR-12;JULHO
269075;PERIÓDICA;Pontes Rolantes - Lubrificação;Ponte 23;2026-07-11;Executada;AC2-PR23-LUBR-13;JULHO
269076;PERIÓDICA;Pontes Rolantes - Lubrificação;Ponte 23;2026-07-18;Executada;AC2-PR23-LUBR-14;JULHO
269078;PERIÓDICA;Pontes Rolantes - Mecânica;Ponte 24;2026-07-06;Executada;AC2-PR24-INSP-18;JULHO
269079;PERIÓDICA;Pontes Rolantes - Mecânica;Ponte 24;2026-07-22;Executada;AC2-PR24-INSP-18;JULHO
269083;PERIÓDICA;Pontes Rolantes - Mecânica;Ponte 24;2026-06-20;Não Executada;AC2-PR24-INSP-20;JUNHO
269080;PERIÓDICA;Pontes Rolantes - Mecânica;Ponte 24;2026-06-27;Executada;AC2-PR24-INSP-19;JUNHO
269081;PERIÓDICA;Pontes Rolantes - Mecânica;Ponte 24;2026-07-13;Executada;AC2-PR24-INSP-19;JULHO
269082;PERIÓDICA;Pontes Rolantes - Mecânica;Ponte 24;2026-07-29;Executada;AC2-PR24-INSP-19;JULHO
269084;PERIÓDICA;Pontes Rolantes - Mecânica;Ponte 24;2026-07-06;Executada;AC2-PR24-INSP-20;JULHO
269085;PERIÓDICA;Pontes Rolantes - Mecânica;Ponte 24;2026-07-22;Executada;AC2-PR24-INSP-20;JULHO
269086;PERIÓDICA;Pontes Rolantes - Mecânica;Ponte 24;2026-06-20;Executada;AC2-PR24-INSP-21;JUNHO
269087;PERIÓDICA;Pontes Rolantes - Mecânica;Ponte 24;2026-07-06;Executada;AC2-PR24-INSP-21;JULHO
269091;PERIÓDICA;Pontes Rolantes - Mecânica;Ponte 24;2026-06-20;Executada;AC2-PR24-INSP-23;JUNHO
269088;PERIÓDICA;Pontes Rolantes - Mecânica;Ponte 24;2026-07-22;Executada;AC2-PR24-INSP-21;JULHO
269089;PERIÓDICA;Pontes Rolantes - Mecânica;Ponte 24;2026-07-06;Executada;AC2-PR24-INSP-22;JULHO
269090;PERIÓDICA;Pontes Rolantes - Mecânica;Ponte 24;2026-07-22;Executada;AC2-PR24-INSP-22;JULHO
269092;PERIÓDICA;Pontes Rolantes - Mecânica;Ponte 24;2026-07-06;Executada;AC2-PR24-INSP-23;JULHO
269093;PERIÓDICA;Pontes Rolantes - Mecânica;Ponte 24;2026-07-22;Executada;AC2-PR24-INSP-23;JULHO
269094;PERIÓDICA;Pontes Rolantes - Elétrica;Ponte 24;2026-06-27;Executada;AC2-PR24-INSP-62;JUNHO
269095;PERIÓDICA;Pontes Rolantes - Elétrica;Ponte 24;2026-07-13;Executada;AC2-PR24-INSP-62;JULHO
275794;PERIÓDICA;Lingotamento Contínuo - Elétrica;Lingotamento Contínuo;2026-07-01;Não Executada;AC2-RE-IN-VID-46;JULHO
269097;PERIÓDICA;Pontes Rolantes - Elétrica;Ponte 24;2026-06-30;Executada;AC2-PR24-INSP-63;JUNHO
269098;PERIÓDICA;Pontes Rolantes - Elétrica;Ponte 24;2026-07-16;Executada;AC2-PR24-INSP-63;JULHO
269099;PERIÓDICA;Pontes Rolantes - Elétrica;Ponte 24;2026-06-27;Executada;AC2-PR24-INSP-64;JUNHO
269100;PERIÓDICA;Pontes Rolantes - Elétrica;Ponte 24;2026-07-13;Executada;AC2-PR24-INSP-64;JULHO
275533;PERIÓDICA;Lingotamento Contínuo - Hidráulica;Lingotamento Contínuo;2026-07-01;Executada;AC2-LC-REV-CDT04;JULHO
269102;PERIÓDICA;Pontes Rolantes - Elétrica;Ponte 24;2026-06-27;Executada;AC2-PR24-INSP-65;JUNHO
269103;PERIÓDICA;Pontes Rolantes - Elétrica;Ponte 24;2026-07-13;Executada;AC2-PR24-INSP-65;JULHO
275534;PERIÓDICA;Lingotamento Contínuo - Hidráulica;Lingotamento Contínuo;2026-07-01;Executada;AC2-LC-REV-CDT05;JULHO
269154;PERIÓDICA;Pontes Rolantes - Lubrificação;Ponte 24;2026-06-25;Executada;AC2-PR24-LUBR-15;JUNHO
269105;PERIÓDICA;Pontes Rolantes - Elétrica;Ponte 24;2026-06-26;Executada;AC2-PR24-INSP-66;JUNHO
269106;PERIÓDICA;Pontes Rolantes - Elétrica;Ponte 24;2026-07-12;Executada;AC2-PR24-INSP-66;JULHO
269157;PERIÓDICA;Pontes Rolantes - Lubrificação;Ponte 24;2026-06-25;Executada;AC2-PR24-LUBR-16;JUNHO
275552;PERIÓDICA;Lingotamento Contínuo - Hidráulica;Lingotamento Contínuo;2026-07-01;Executada;AC2-LC-REV-SGB01;JULHO
269123;PERIÓDICA;Pontes Rolantes - Mecânica;Ponte 24;2026-07-01;Executada;AC2-PR24-INSP-88;JULHO
269124;PERIÓDICA;Pontes Rolantes - Mecânica;Ponte 24;2026-07-02;Executada;AC2-PR24-INSP-88;JULHO
269125;PERIÓDICA;Pontes Rolantes - Mecânica;Ponte 24;2026-07-03;Executada;AC2-PR24-INSP-88;JULHO
269126;PERIÓDICA;Pontes Rolantes - Mecânica;Ponte 24;2026-07-04;Executada;AC2-PR24-INSP-88;JULHO
269163;PERIÓDICA;Pontes Rolantes - Mecânica;Ponte 25;2026-06-21;Executada;AC2-PR25-INSP-24;JUNHO
269127;PERIÓDICA;Pontes Rolantes - Mecânica;Ponte 24;2026-07-05;Executada;AC2-PR24-INSP-88;JULHO
269128;PERIÓDICA;Pontes Rolantes - Mecânica;Ponte 24;2026-07-06;Executada;AC2-PR24-INSP-88;JULHO
269166;PERIÓDICA;Pontes Rolantes - Mecânica;Ponte 25;2026-06-22;Executada;AC2-PR25-INSP-25;JUNHO
269129;PERIÓDICA;Pontes Rolantes - Mecânica;Ponte 24;2026-07-07;Executada;AC2-PR24-INSP-88;JULHO
269130;PERIÓDICA;Pontes Rolantes - Mecânica;Ponte 24;2026-07-08;Executada;AC2-PR24-INSP-88;JULHO
269131;PERIÓDICA;Pontes Rolantes - Mecânica;Ponte 24;2026-07-09;Executada;AC2-PR24-INSP-88;JULHO
269132;PERIÓDICA;Pontes Rolantes - Mecânica;Ponte 24;2026-07-10;Executada;AC2-PR24-INSP-88;JULHO
275553;PERIÓDICA;Lingotamento Contínuo - Hidráulica;Lingotamento Contínuo;2026-07-01;Executada;AC2-LC-REV-SGB02;JULHO
275554;PERIÓDICA;Lingotamento Contínuo - Hidráulica;Lingotamento Contínuo;2026-07-01;Executada;AC2-LC-REV-SGB08;JULHO
269135;PERIÓDICA;Pontes Rolantes - Mecânica;Ponte 24;2026-07-13;Executada;AC2-PR24-INSP-88;JULHO
269136;PERIÓDICA;Pontes Rolantes - Mecânica;Ponte 24;2026-07-14;Executada;AC2-PR24-INSP-88;JULHO
269175;PERIÓDICA;Pontes Rolantes - Elétrica;Ponte 25;2026-06-26;Executada;AC2-PR25-INSP-67;JUNHO
269137;PERIÓDICA;Pontes Rolantes - Mecânica;Ponte 24;2026-07-15;Executada;AC2-PR24-INSP-88;JULHO
269138;PERIÓDICA;Pontes Rolantes - Mecânica;Ponte 24;2026-07-16;Executada;AC2-PR24-INSP-88;JULHO
269178;PERIÓDICA;Pontes Rolantes - Elétrica;Ponte 25;2026-06-26;Executada;AC2-PR25-INSP-68;JUNHO
269139;PERIÓDICA;Pontes Rolantes - Mecânica;Ponte 24;2026-07-17;Executada;AC2-PR24-INSP-88;JULHO
275555;PERIÓDICA;Lingotamento Contínuo - Hidráulica;Lingotamento Contínuo;2026-07-01;Executada;AC2-LC-REV-SGB09;JULHO
269181;PERIÓDICA;Pontes Rolantes - Elétrica;Ponte 25;2026-06-26;Executada;AC2-PR25-INSP-69;JUNHO
275573;PERIÓDICA;Lingotamento Contínuo - Hidráulica;Lingotamento Contínuo;2026-07-01;Executada;AC2-LC-REV-TOG-0;JULHO
269142;PERIÓDICA;Pontes Rolantes - Mecânica;Ponte 24;2026-07-20;Executada;AC2-PR24-INSP-88;JULHO
269184;PERIÓDICA;Pontes Rolantes - Elétrica;Ponte 25;2026-06-26;Executada;AC2-PR25-INSP-70;JUNHO
269143;PERIÓDICA;Pontes Rolantes - Mecânica;Ponte 24;2026-07-21;Executada;AC2-PR24-INSP-88;JULHO
269144;PERIÓDICA;Pontes Rolantes - Mecânica;Ponte 24;2026-07-22;Executada;AC2-PR24-INSP-88;JULHO
269187;PERIÓDICA;Pontes Rolantes - Elétrica;Ponte 25;2026-06-26;Executada;AC2-PR25-INSP-71;JUNHO
275574;PERIÓDICA;Lingotamento Contínuo - Hidráulica;Lingotamento Contínuo;2026-07-01;Executada;AC2-LC-REV-TOG03;JULHO
275580;PERIÓDICA;Lingotamento Contínuo - Hidráulica;Lingotamento Contínuo;2026-07-01;Executada;AC2-LC-REV-UHO07;JULHO
269190;PERIÓDICA;Pontes Rolantes - Lubrificação;Ponte 25;2026-06-21;Executada;AC2-PR25-LUBR-20;JUNHO
275583;PERIÓDICA;Lingotamento Contínuo - Hidráulica;Lingotamento Contínuo;2026-07-01;Executada;AC2-LC-REV-UHP06;JULHO
269148;PERIÓDICA;Pontes Rolantes - Mecânica;Ponte 24;2026-07-26;Executada;AC2-PR24-INSP-88;JULHO
269193;PERIÓDICA;Pontes Rolantes - Lubrificação;Ponte 25;2026-06-21;Executada;AC2-PR25-LUBR-21;JUNHO
269149;PERIÓDICA;Pontes Rolantes - Mecânica;Ponte 24;2026-07-27;Executada;AC2-PR24-INSP-88;JULHO
268187;PERIÓDICA;Pontes Rolantes - Mecânica;Ponte 21;2026-06-01;Não Executada;AC2-PR21-REV-006;JUNHO
268188;PERIÓDICA;Pontes Rolantes - Mecânica;Ponte 21;2026-06-01;Não Executada;AC2-PR21-REV-007;JUNHO
268235;PERIÓDICA;Pontes Rolantes - Mecânica;Ponte 24;2026-06-01;Executada;AC2-PR24-REV-038;JUNHO
268266;PERIÓDICA;Pontes Rolantes - Mecânica;Ponte 26;2026-06-01;Executada;AC2-PR26-REV-077;JUNHO
269199;PERIÓDICA;Pontes Rolantes - Mecânica;Ponte 26;2026-06-26;Executada;AC2-PR26-INSP-29;JUNHO
269155;PERIÓDICA;Pontes Rolantes - Lubrificação;Ponte 24;2026-07-11;Executada;AC2-PR24-LUBR-15;JULHO
268281;PERIÓDICA;Pontes Rolantes - Mecânica;Ponte 27;2026-06-01;Executada;AC2-PR27-REV-085;JUNHO
269202;PERIÓDICA;Pontes Rolantes - Mecânica;Ponte 26;2026-06-25;Executada;AC2-PR26-INSP-30;JUNHO
269158;PERIÓDICA;Pontes Rolantes - Lubrificação;Ponte 24;2026-07-11;Executada;AC2-PR24-LUBR-16;JULHO
268973;PERIÓDICA;Pontes Rolantes - Elétrica;Ponte 21;2026-07-22;Executada;AC2-PR21-INSP-45;JULHO
269160;PERIÓDICA;Pontes Rolantes - Lubrificação;Ponte 24;2026-07-09;Executada;AC2-PR24-LUBR-17;JULHO
269161;PERIÓDICA;Pontes Rolantes - Lubrificação;Ponte 24;2026-07-09;Executada;AC2-PR24-LUBR-18;JULHO
269207;PERIÓDICA;Pontes Rolantes - Mecânica;Ponte 26;2026-06-25;Executada;AC2-PR26-INSP-33;JUNHO
269162;PERIÓDICA;Pontes Rolantes - Lubrificação;Ponte 24;2026-07-09;Executada;AC2-PR24-LUBR-41;JULHO
269164;PERIÓDICA;Pontes Rolantes - Mecânica;Ponte 25;2026-07-07;Executada;AC2-PR25-INSP-24;JULHO
269210;PERIÓDICA;Pontes Rolantes - Mecânica;Ponte 26;2026-06-25;Executada;AC2-PR26-INSP-34;JUNHO
268976;PERIÓDICA;Pontes Rolantes - Elétrica;Ponte 21;2026-07-21;Executada;AC2-PR21-INSP-46;JULHO
269167;PERIÓDICA;Pontes Rolantes - Mecânica;Ponte 25;2026-07-08;Executada;AC2-PR25-INSP-25;JULHO
269213;PERIÓDICA;Pontes Rolantes - Mecânica;Ponte 26;2026-06-26;Executada;AC2-PR26-INSP-35;JUNHO
269168;PERIÓDICA;Pontes Rolantes - Mecânica;Ponte 25;2026-07-24;Executada;AC2-PR25-INSP-25;JULHO
269169;PERIÓDICA;Pontes Rolantes - Mecânica;Ponte 25;2026-07-09;Executada;AC2-PR25-INSP-26;JULHO
269170;PERIÓDICA;Pontes Rolantes - Mecânica;Ponte 25;2026-07-25;Executada;AC2-PR25-INSP-26;JULHO
269171;PERIÓDICA;Pontes Rolantes - Mecânica;Ponte 25;2026-07-08;Executada;AC2-PR25-INSP-27;JULHO
269172;PERIÓDICA;Pontes Rolantes - Mecânica;Ponte 25;2026-07-24;Executada;AC2-PR25-INSP-27;JULHO
269173;PERIÓDICA;Pontes Rolantes - Mecânica;Ponte 25;2026-07-09;Executada;AC2-PR25-INSP-28;JULHO
269174;PERIÓDICA;Pontes Rolantes - Mecânica;Ponte 25;2026-07-25;Executada;AC2-PR25-INSP-28;JULHO
269176;PERIÓDICA;Pontes Rolantes - Elétrica;Ponte 25;2026-07-12;Executada;AC2-PR25-INSP-67;JULHO
268979;PERIÓDICA;Pontes Rolantes - Elétrica;Ponte 21;2026-07-22;Executada;AC2-PR21-INSP-47;JULHO
269179;PERIÓDICA;Pontes Rolantes - Elétrica;Ponte 25;2026-07-12;Executada;AC2-PR25-INSP-68;JULHO
268982;PERIÓDICA;Pontes Rolantes - Elétrica;Ponte 21;2026-07-21;Executada;AC2-PR21-INSP-48;JULHO
269182;PERIÓDICA;Pontes Rolantes - Elétrica;Ponte 25;2026-07-12;Executada;AC2-PR25-INSP-69;JULHO
268985;PERIÓDICA;Pontes Rolantes - Elétrica;Ponte 21;2026-07-21;Executada;AC2-PR21-INSP-49;JULHO
269185;PERIÓDICA;Pontes Rolantes - Elétrica;Ponte 25;2026-07-12;Executada;AC2-PR25-INSP-70;JULHO
268988;PERIÓDICA;Pontes Rolantes - Elétrica;Ponte 21;2026-07-21;Executada;AC2-PR21-INSP-50;JULHO
269188;PERIÓDICA;Pontes Rolantes - Elétrica;Ponte 25;2026-07-12;Executada;AC2-PR25-INSP-71;JULHO
269096;PERIÓDICA;Pontes Rolantes - Elétrica;Ponte 24;2026-07-29;Executada;AC2-PR24-INSP-62;JULHO
269191;PERIÓDICA;Pontes Rolantes - Lubrificação;Ponte 25;2026-07-07;Executada;AC2-PR25-LUBR-20;JULHO
269101;PERIÓDICA;Pontes Rolantes - Elétrica;Ponte 24;2026-07-29;Executada;AC2-PR24-INSP-64;JULHO
269194;PERIÓDICA;Pontes Rolantes - Lubrificação;Ponte 25;2026-07-07;Executada;AC2-PR25-LUBR-21;JULHO
269234;PERIÓDICA;Pontes Rolantes - Lubrificação;Ponte 26;2026-06-24;Executada;AC2-PR26-LUBR-25;JUNHO
269104;PERIÓDICA;Pontes Rolantes - Elétrica;Ponte 24;2026-07-29;Executada;AC2-PR24-INSP-65;JULHO
269196;PERIÓDICA;Pontes Rolantes - Lubrificação;Ponte 25;2026-07-05;Executada;AC2-PR25-LUBR-22;JULHO
269237;PERIÓDICA;Pontes Rolantes - Lubrificação;Ponte 26;2026-06-24;Executada;AC2-PR26-LUBR-26;JUNHO
269197;PERIÓDICA;Pontes Rolantes - Lubrificação;Ponte 25;2026-07-05;Executada;AC2-PR25-LUBR-23;JULHO
269198;PERIÓDICA;Pontes Rolantes - Lubrificação;Ponte 25;2026-07-05;Executada;AC2-PR25-LUBR-24;JULHO
269200;PERIÓDICA;Pontes Rolantes - Mecânica;Ponte 26;2026-07-12;Executada;AC2-PR26-INSP-29;JULHO
269201;PERIÓDICA;Pontes Rolantes - Mecânica;Ponte 26;2026-07-28;Executada;AC2-PR26-INSP-29;JULHO
269203;PERIÓDICA;Pontes Rolantes - Mecânica;Ponte 26;2026-07-11;Executada;AC2-PR26-INSP-30;JULHO
269243;PERIÓDICA;Pontes Rolantes - Lubrificação;Ponte 26;2026-06-24;Executada;AC2-PR26-LUBR-38;JUNHO
269204;PERIÓDICA;Pontes Rolantes - Mecânica;Ponte 26;2026-07-27;Executada;AC2-PR26-INSP-30;JULHO
269205;PERIÓDICA;Pontes Rolantes - Mecânica;Ponte 26;2026-07-14;Executada;AC2-PR26-INSP-31;JULHO
269206;PERIÓDICA;Pontes Rolantes - Mecânica;Ponte 26;2026-07-30;Executada;AC2-PR26-INSP-31;JULHO
269208;PERIÓDICA;Pontes Rolantes - Mecânica;Ponte 26;2026-07-11;Executada;AC2-PR26-INSP-33;JULHO
269209;PERIÓDICA;Pontes Rolantes - Mecânica;Ponte 26;2026-07-27;Executada;AC2-PR26-INSP-33;JULHO
269211;PERIÓDICA;Pontes Rolantes - Mecânica;Ponte 26;2026-07-11;Executada;AC2-PR26-INSP-34;JULHO
269212;PERIÓDICA;Pontes Rolantes - Mecânica;Ponte 26;2026-07-27;Executada;AC2-PR26-INSP-34;JULHO
269214;PERIÓDICA;Pontes Rolantes - Mecânica;Ponte 26;2026-07-12;Executada;AC2-PR26-INSP-35;JULHO
269252;PERIÓDICA;Pontes Rolantes - Mecânica;Ponte 27;2026-06-24;Executada;AC2-PR27-INSP-38;JUNHO
269215;PERIÓDICA;Pontes Rolantes - Mecânica;Ponte 26;2026-07-28;Executada;AC2-PR26-INSP-35;JULHO
269216;PERIÓDICA;Pontes Rolantes - Elétrica;Ponte 26;2026-06-23;Executada;AC2-PR26-INSP-72;JUNHO
269255;PERIÓDICA;Pontes Rolantes - Mecânica;Ponte 27;2026-06-24;Executada;AC2-PR27-INSP-39;JUNHO
269217;PERIÓDICA;Pontes Rolantes - Elétrica;Ponte 26;2026-07-09;Executada;AC2-PR26-INSP-72;JULHO
269218;PERIÓDICA;Pontes Rolantes - Elétrica;Ponte 26;2026-07-25;Executada;AC2-PR26-INSP-72;JULHO
269258;PERIÓDICA;Pontes Rolantes - Mecânica;Ponte 27;2026-06-24;Executada;AC2-PR27-INSP-40;JUNHO
269219;PERIÓDICA;Pontes Rolantes - Elétrica;Ponte 26;2026-06-23;Executada;AC2-PR26-INSP-73;JUNHO
269220;PERIÓDICA;Pontes Rolantes - Elétrica;Ponte 26;2026-07-09;Executada;AC2-PR26-INSP-73;JULHO
269221;PERIÓDICA;Pontes Rolantes - Elétrica;Ponte 26;2026-07-25;Executada;AC2-PR26-INSP-73;JULHO
269222;PERIÓDICA;Pontes Rolantes - Elétrica;Ponte 26;2026-06-23;Executada;AC2-PR26-INSP-74;JUNHO
269223;PERIÓDICA;Pontes Rolantes - Elétrica;Ponte 26;2026-07-09;Executada;AC2-PR26-INSP-74;JULHO
269224;PERIÓDICA;Pontes Rolantes - Elétrica;Ponte 26;2026-07-25;Executada;AC2-PR26-INSP-74;JULHO
269225;PERIÓDICA;Pontes Rolantes - Elétrica;Ponte 26;2026-06-23;Executada;AC2-PR26-INSP-75;JUNHO
269226;PERIÓDICA;Pontes Rolantes - Elétrica;Ponte 26;2026-07-09;Executada;AC2-PR26-INSP-75;JULHO
269227;PERIÓDICA;Pontes Rolantes - Elétrica;Ponte 26;2026-07-25;Executada;AC2-PR26-INSP-75;JULHO
269228;PERIÓDICA;Pontes Rolantes - Elétrica;Ponte 26;2026-06-23;Executada;AC2-PR26-INSP-76;JUNHO
269229;PERIÓDICA;Pontes Rolantes - Elétrica;Ponte 26;2026-07-09;Executada;AC2-PR26-INSP-76;JULHO
269230;PERIÓDICA;Pontes Rolantes - Elétrica;Ponte 26;2026-07-25;Executada;AC2-PR26-INSP-76;JULHO
269231;PERIÓDICA;Pontes Rolantes - Elétrica;Ponte 26;2026-06-23;Executada;AC2-PR26-INSP-77;JUNHO
269232;PERIÓDICA;Pontes Rolantes - Elétrica;Ponte 26;2026-07-09;Executada;AC2-PR26-INSP-77;JULHO
269233;PERIÓDICA;Pontes Rolantes - Elétrica;Ponte 26;2026-07-25;Executada;AC2-PR26-INSP-77;JULHO
269235;PERIÓDICA;Pontes Rolantes - Lubrificação;Ponte 26;2026-07-10;Executada;AC2-PR26-LUBR-25;JULHO
269107;PERIÓDICA;Pontes Rolantes - Elétrica;Ponte 24;2026-07-28;Executada;AC2-PR24-INSP-66;JULHO
269238;PERIÓDICA;Pontes Rolantes - Lubrificação;Ponte 26;2026-07-10;Executada;AC2-PR26-LUBR-26;JULHO
269177;PERIÓDICA;Pontes Rolantes - Elétrica;Ponte 25;2026-07-28;Executada;AC2-PR25-INSP-67;JULHO
269240;PERIÓDICA;Pontes Rolantes - Lubrificação;Ponte 26;2026-07-04;Executada;AC2-PR26-LUBR-27;JULHO
269241;PERIÓDICA;Pontes Rolantes - Lubrificação;Ponte 26;2026-07-07;Executada;AC2-PR26-LUBR-28;JULHO
269242;PERIÓDICA;Pontes Rolantes - Lubrificação;Ponte 26;2026-07-04;Executada;AC2-PR26-LUBR-29;JULHO
269180;PERIÓDICA;Pontes Rolantes - Elétrica;Ponte 25;2026-07-28;Executada;AC2-PR25-INSP-68;JULHO
269282;PERIÓDICA;Pontes Rolantes - Lubrificação;Ponte 27;2026-06-20;Executada;AC2-PR27-LUBR-30;JUNHO
269183;PERIÓDICA;Pontes Rolantes - Elétrica;Ponte 25;2026-07-28;Executada;AC2-PR25-INSP-69;JULHO
269246;PERIÓDICA;Pontes Rolantes - Lubrificação;Ponte 26;2026-07-02;Executada;AC2-PR26-LUBR-39;JULHO
269285;PERIÓDICA;Pontes Rolantes - Lubrificação;Ponte 27;2026-06-20;Executada;AC2-PR27-LUBR-31;JUNHO
269186;PERIÓDICA;Pontes Rolantes - Elétrica;Ponte 25;2026-07-28;Executada;AC2-PR25-INSP-70;JULHO
269248;PERIÓDICA;Pontes Rolantes - Mecânica;Ponte 27;2026-07-01;Executada;AC2-PR27-INSP-36;JULHO
269249;PERIÓDICA;Pontes Rolantes - Mecânica;Ponte 27;2026-07-17;Executada;AC2-PR27-INSP-36;JULHO
269250;PERIÓDICA;Pontes Rolantes - Mecânica;Ponte 27;2026-07-01;Executada;AC2-PR27-INSP-37;JULHO
269251;PERIÓDICA;Pontes Rolantes - Mecânica;Ponte 27;2026-07-17;Executada;AC2-PR27-INSP-37;JULHO
269253;PERIÓDICA;Pontes Rolantes - Mecânica;Ponte 27;2026-07-10;Executada;AC2-PR27-INSP-38;JULHO
269254;PERIÓDICA;Pontes Rolantes - Mecânica;Ponte 27;2026-07-26;Executada;AC2-PR27-INSP-38;JULHO
269256;PERIÓDICA;Pontes Rolantes - Mecânica;Ponte 27;2026-07-10;Executada;AC2-PR27-INSP-39;JULHO
269257;PERIÓDICA;Pontes Rolantes - Mecânica;Ponte 27;2026-07-26;Executada;AC2-PR27-INSP-39;JULHO
269259;PERIÓDICA;Pontes Rolantes - Mecânica;Ponte 27;2026-07-10;Executada;AC2-PR27-INSP-40;JULHO
269260;PERIÓDICA;Pontes Rolantes - Mecânica;Ponte 27;2026-07-26;Executada;AC2-PR27-INSP-40;JULHO
269261;PERIÓDICA;Pontes Rolantes - Mecânica;Ponte 27;2026-06-24;Executada;AC2-PR27-INSP-41;JUNHO
269262;PERIÓDICA;Pontes Rolantes - Mecânica;Ponte 27;2026-07-10;Executada;AC2-PR27-INSP-41;JULHO
269108;PERIÓDICA;Pontes Rolantes - Mecânica;Ponte 24;2026-06-16;Executada;AC2-PR24-INSP-88;JUNHO
269109;PERIÓDICA;Pontes Rolantes - Mecânica;Ponte 24;2026-06-17;Executada;AC2-PR24-INSP-88;JUNHO
269110;PERIÓDICA;Pontes Rolantes - Mecânica;Ponte 24;2026-06-18;Executada;AC2-PR24-INSP-88;JUNHO
269111;PERIÓDICA;Pontes Rolantes - Mecânica;Ponte 24;2026-06-19;Executada;AC2-PR24-INSP-88;JUNHO
269112;PERIÓDICA;Pontes Rolantes - Mecânica;Ponte 24;2026-06-20;Executada;AC2-PR24-INSP-88;JUNHO
269113;PERIÓDICA;Pontes Rolantes - Mecânica;Ponte 24;2026-06-21;Executada;AC2-PR24-INSP-88;JUNHO
269114;PERIÓDICA;Pontes Rolantes - Mecânica;Ponte 24;2026-06-22;Executada;AC2-PR24-INSP-88;JUNHO
269115;PERIÓDICA;Pontes Rolantes - Mecânica;Ponte 24;2026-06-23;Executada;AC2-PR24-INSP-88;JUNHO
269116;PERIÓDICA;Pontes Rolantes - Mecânica;Ponte 24;2026-06-24;Executada;AC2-PR24-INSP-88;JUNHO
269117;PERIÓDICA;Pontes Rolantes - Mecânica;Ponte 24;2026-06-25;Executada;AC2-PR24-INSP-88;JUNHO
268248;PERIÓDICA;Pontes Rolantes - Mecânica;Ponte 25;2026-06-01;Executada;AC2-PR25-REV-064;JUNHO
268250;PERIÓDICA;Pontes Rolantes - Mecânica;Ponte 25;2026-06-01;Executada;AC2-PR25-REV-066;JUNHO
268252;PERIÓDICA;Pontes Rolantes - Mecânica;Ponte 25;2026-06-01;Executada;AC2-PR25-REV-068;JUNHO
269263;PERIÓDICA;Pontes Rolantes - Mecânica;Ponte 27;2026-07-26;Executada;AC2-PR27-INSP-41;JULHO
268261;PERIÓDICA;Pontes Rolantes - Mecânica;Ponte 26;2026-06-01;Executada;AC2-PR26-REV-072;JUNHO
269264;PERIÓDICA;Pontes Rolantes - Elétrica;Ponte 27;2026-06-26;Executada;AC2-PR27-INSP-78;JUNHO
269265;PERIÓDICA;Pontes Rolantes - Elétrica;Ponte 27;2026-07-12;Executada;AC2-PR27-INSP-78;JULHO
269266;PERIÓDICA;Pontes Rolantes - Elétrica;Ponte 27;2026-07-28;Executada;AC2-PR27-INSP-78;JULHO
269267;PERIÓDICA;Pontes Rolantes - Elétrica;Ponte 27;2026-06-25;Executada;AC2-PR27-INSP-79;JUNHO
269268;PERIÓDICA;Pontes Rolantes - Elétrica;Ponte 27;2026-07-11;Executada;AC2-PR27-INSP-79;JULHO
269269;PERIÓDICA;Pontes Rolantes - Elétrica;Ponte 27;2026-07-27;Executada;AC2-PR27-INSP-79;JULHO
269270;PERIÓDICA;Pontes Rolantes - Elétrica;Ponte 27;2026-06-25;Executada;AC2-PR27-INSP-80;JUNHO
269271;PERIÓDICA;Pontes Rolantes - Elétrica;Ponte 27;2026-07-11;Executada;AC2-PR27-INSP-80;JULHO
269272;PERIÓDICA;Pontes Rolantes - Elétrica;Ponte 27;2026-07-27;Executada;AC2-PR27-INSP-80;JULHO
269273;PERIÓDICA;Pontes Rolantes - Elétrica;Ponte 27;2026-06-25;Executada;AC2-PR27-INSP-81;JUNHO
269274;PERIÓDICA;Pontes Rolantes - Elétrica;Ponte 27;2026-07-11;Executada;AC2-PR27-INSP-81;JULHO
269275;PERIÓDICA;Pontes Rolantes - Elétrica;Ponte 27;2026-07-27;Executada;AC2-PR27-INSP-81;JULHO
269276;PERIÓDICA;Pontes Rolantes - Elétrica;Ponte 27;2026-06-25;Executada;AC2-PR27-INSP-82;JUNHO
269277;PERIÓDICA;Pontes Rolantes - Elétrica;Ponte 27;2026-07-11;Executada;AC2-PR27-INSP-82;JULHO
269278;PERIÓDICA;Pontes Rolantes - Elétrica;Ponte 27;2026-07-27;Executada;AC2-PR27-INSP-82;JULHO
269279;PERIÓDICA;Pontes Rolantes - Elétrica;Ponte 27;2026-06-25;Executada;AC2-PR27-INSP-83;JUNHO
269280;PERIÓDICA;Pontes Rolantes - Elétrica;Ponte 27;2026-07-11;Executada;AC2-PR27-INSP-83;JULHO
269281;PERIÓDICA;Pontes Rolantes - Elétrica;Ponte 27;2026-07-27;Executada;AC2-PR27-INSP-83;JULHO
269283;PERIÓDICA;Pontes Rolantes - Lubrificação;Ponte 27;2026-07-06;Executada;AC2-PR27-LUBR-30;JULHO
269189;PERIÓDICA;Pontes Rolantes - Elétrica;Ponte 25;2026-07-28;Executada;AC2-PR25-INSP-71;JULHO
269286;PERIÓDICA;Pontes Rolantes - Lubrificação;Ponte 27;2026-07-06;Executada;AC2-PR27-LUBR-31;JULHO
275408;PERIÓDICA;Pontes Rolantes - Elétrica;Ponte 24;2026-06-18;Executada;AC2-PR24-INSP-63;JUNHO
269288;PERIÓDICA;Pontes Rolantes - Lubrificação;Ponte 27;2026-07-28;Executada;AC2-PR27-LUBR-32;JULHO
269289;PERIÓDICA;Pontes Rolantes - Lubrificação;Ponte 27;2026-07-28;Executada;AC2-PR27-LUBR-33;JULHO
275426;PERIÓDICA;Pontes Rolantes - Elétrica;Ponte 22;2026-07-03;Executada;AC2-PR22-REV-047;JULHO
269291;PERIÓDICA;Pontes Rolantes - Mecânica;Ponte 28;2026-07-14;Executada;AC2-PR28-INSP-42;JULHO
269292;PERIÓDICA;Pontes Rolantes - Mecânica;Ponte 28;2026-07-15;Executada;AC2-PR28-INSP-43;JULHO
269293;PERIÓDICA;Pontes Rolantes - Mecânica;Ponte 28;2026-07-01;Executada;AC2-PR28-INSP-44;JULHO
275427;PERIÓDICA;Pontes Rolantes - Elétrica;Ponte 22;2026-07-03;Executada;AC2-PR22-REV-048;JULHO
275428;PERIÓDICA;Pontes Rolantes - Elétrica;Ponte 22;2026-07-03;Executada;AC2-PR22-REV-049;JULHO
275429;PERIÓDICA;Pontes Rolantes - Elétrica;Ponte 22;2026-07-03;Executada;AC2-PR22-REV-050;JULHO
268263;PERIÓDICA;Pontes Rolantes - Mecânica;Ponte 26;2026-06-01;Executada;AC2-PR26-REV-074;JUNHO
268265;PERIÓDICA;Pontes Rolantes - Mecânica;Ponte 26;2026-06-01;Executada;AC2-PR26-REV-076;JUNHO
266388;PERIÓDICA;Lingotamento Contínuo - Elétrica;Lingotamento Contínuo;2026-06-01;Executada;AC2-LC-IN-CMS-08;JUNHO
266389;PERIÓDICA;Lingotamento Contínuo - Elétrica;Lingotamento Contínuo;2026-05-17;Executada;AC2-LC-IN-CTR-20;MAIO
266390;PERIÓDICA;Lingotamento Contínuo - Elétrica;Lingotamento Contínuo;2026-06-02;Executada;AC2-LC-IN-CTR-20;JUNHO
269297;PERIÓDICA;Pontes Rolantes - Lubrificação;Ponte Rolante;2026-07-27;Executada;AC2-REDUT-ELEV1;JULHO
266392;PERIÓDICA;Lingotamento Contínuo - Elétrica;Lingotamento Contínuo;2026-06-01;Executada;AC2-LC-IN-EXT-09;JUNHO
268276;PERIÓDICA;Pontes Rolantes - Mecânica;Ponte 27;2026-06-01;Executada;AC2-PR27-REV-080;JUNHO
266394;PERIÓDICA;Lingotamento Contínuo - Elétrica;Lingotamento Contínuo;2026-06-01;Executada;AC2-LC-IN-LRE-21;JUNHO
266395;PERIÓDICA;Lingotamento Contínuo - Elétrica;Lingotamento Contínuo;2026-06-01;Executada;AC2-LC-IN-MGR-17;JUNHO
268278;PERIÓDICA;Pontes Rolantes - Mecânica;Ponte 27;2026-06-01;Executada;AC2-PR27-REV-082;JUNHO
266397;PERIÓDICA;Lingotamento Contínuo - Elétrica;Lingotamento Contínuo;2026-06-01;Executada;AC2-LC-IN-MTT-18;JUNHO
268280;PERIÓDICA;Pontes Rolantes - Mecânica;Ponte 27;2026-06-01;Executada;AC2-PR27-REV-084;JUNHO
269298;PERIÓDICA;Pontes Rolantes - Lubrificação;Ponte Rolante;2026-07-20;Executada;AC2-REDUT-ELEV2;JULHO
269118;PERIÓDICA;Pontes Rolantes - Mecânica;Ponte 24;2026-06-26;Executada;AC2-PR24-INSP-88;JUNHO
269119;PERIÓDICA;Pontes Rolantes - Mecânica;Ponte 24;2026-06-27;Executada;AC2-PR24-INSP-88;JUNHO
269120;PERIÓDICA;Pontes Rolantes - Mecânica;Ponte 24;2026-06-28;Executada;AC2-PR24-INSP-88;JUNHO
269121;PERIÓDICA;Pontes Rolantes - Mecânica;Ponte 24;2026-06-29;Executada;AC2-PR24-INSP-88;JUNHO
269122;PERIÓDICA;Pontes Rolantes - Mecânica;Ponte 24;2026-06-30;Executada;AC2-PR24-INSP-88;JUNHO
266405;PERIÓDICA;Lingotamento Contínuo - Elétrica;Lingotamento Contínuo;2026-05-31;Executada;AC2-LC-IN-SED-11;MAIO
266406;PERIÓDICA;Lingotamento Contínuo - Elétrica;Lingotamento Contínuo;2026-06-16;Executada;AC2-LC-IN-SED-11;JUNHO
267936;PERIÓDICA;Refrigeração;Refrigeração;2026-06-19;Executada;AC2-P24-RF-AR10;JUNHO
267938;PERIÓDICA;Refrigeração;Refrigeração;2026-06-19;Executada;AC2-P24-RFG-AR8;JUNHO
267940;PERIÓDICA;Refrigeração;Refrigeração;2026-06-19;Executada;AC2-P24-RFG-AR9;JUNHO
267944;PERIÓDICA;Refrigeração;Refrigeração;2026-06-17;Executada;AC2-P25-RF-AR12;JUNHO
267946;PERIÓDICA;Refrigeração;Refrigeração;2026-06-17;Executada;AC2-P26-RF-AR13;JUNHO
266412;PERIÓDICA;Lingotamento Contínuo - Elétrica;Lingotamento Contínuo;2026-06-01;Executada;AC2-LC-IN-SIQ-19;JUNHO
266413;PERIÓDICA;Lingotamento Contínuo - Elétrica;Lingotamento Contínuo;2026-06-01;Executada;AC2-LC-IN-SOX-15;JUNHO
267948;PERIÓDICA;Refrigeração;Refrigeração;2026-06-17;Executada;AC2-P26-RF-AR14;JUNHO
267950;PERIÓDICA;Refrigeração;Refrigeração;2026-06-17;Executada;AC2-P27-RF-AR15;JUNHO
266416;PERIÓDICA;Lingotamento Contínuo - Elétrica;Lingotamento Contínuo;2026-05-29;Executada;AC2-LC-IN-TOG-01;MAIO
266417;PERIÓDICA;Lingotamento Contínuo - Elétrica;Lingotamento Contínuo;2026-06-14;Executada;AC2-LC-IN-TOG-01;JUNHO
267952;PERIÓDICA;Refrigeração;Refrigeração;2026-06-17;Executada;AC2-P27-RF-AR16;JUNHO
266419;PERIÓDICA;Lingotamento Contínuo - Lubrificação;Lingotamento Contínuo;2026-06-26;Executada;AC2-LC-LUB-CDT04;JUNHO
266420;PERIÓDICA;Lingotamento Contínuo - Lubrificação;Lingotamento Contínuo;2026-06-26;Executada;AC2-LC-LUB-CDT05;JUNHO
266421;PERIÓDICA;Lingotamento Contínuo - Lubrificação;Lingotamento Contínuo;2026-05-31;Executada;AC2-LC-LUB-CMS07;MAIO
266422;PERIÓDICA;Lingotamento Contínuo - Lubrificação;Lingotamento Contínuo;2026-06-16;Executada;AC2-LC-LUB-CMS07;JUNHO
266423;PERIÓDICA;Lingotamento Contínuo - Lubrificação;Lingotamento Contínuo;2026-06-26;Executada;AC2-LC-LUB-CTR16;JUNHO
266424;PERIÓDICA;Lingotamento Contínuo - Lubrificação;Lingotamento Contínuo;2026-06-26;Executada;AC2-LC-LUB-LRE17;JUNHO
266425;PERIÓDICA;Lingotamento Contínuo - Lubrificação;Lingotamento Contínuo;2026-05-31;Executada;AC2-LC-LUB-MGR13;MAIO
266426;PERIÓDICA;Lingotamento Contínuo - Lubrificação;Lingotamento Contínuo;2026-06-16;Executada;AC2-LC-LUB-MGR13;JUNHO
266427;PERIÓDICA;Lingotamento Contínuo - Lubrificação;Lingotamento Contínuo;2026-06-01;Executada;AC2-LC-LUB-MIN11;JUNHO
266428;PERIÓDICA;Lingotamento Contínuo - Lubrificação;Lingotamento Contínuo;2026-06-08;Executada;AC2-LC-LUB-MIN11;JUNHO
266429;PERIÓDICA;Lingotamento Contínuo - Lubrificação;Lingotamento Contínuo;2026-06-15;Executada;AC2-LC-LUB-MIN11;JUNHO
266430;PERIÓDICA;Lingotamento Contínuo - Lubrificação;Lingotamento Contínuo;2026-06-22;Executada;AC2-LC-LUB-MIN11;JUNHO
266431;PERIÓDICA;Lingotamento Contínuo - Lubrificação;Lingotamento Contínuo;2026-06-26;Executada;AC2-LC-LUB-MTT14;JUNHO
266432;PERIÓDICA;Lingotamento Contínuo - Lubrificação;Lingotamento Contínuo;2026-06-01;Executada;AC2-LC-LUB-SED10;JUNHO
266433;PERIÓDICA;Lingotamento Contínuo - Lubrificação;Lingotamento Contínuo;2026-06-08;Executada;AC2-LC-LUB-SED10;JUNHO
266434;PERIÓDICA;Lingotamento Contínuo - Lubrificação;Lingotamento Contínuo;2026-06-15;Executada;AC2-LC-LUB-SED10;JUNHO
266435;PERIÓDICA;Lingotamento Contínuo - Lubrificação;Lingotamento Contínuo;2026-06-22;Executada;AC2-LC-LUB-SED10;JUNHO
266436;PERIÓDICA;Lingotamento Contínuo - Lubrificação;Lingotamento Contínuo;2026-06-01;Executada;AC2-LC-LUB-SEQ15;JUNHO
266437;PERIÓDICA;Lingotamento Contínuo - Lubrificação;Lingotamento Contínuo;2026-06-08;Executada;AC2-LC-LUB-SEQ15;JUNHO
266438;PERIÓDICA;Lingotamento Contínuo - Lubrificação;Lingotamento Contínuo;2026-06-15;Executada;AC2-LC-LUB-SEQ15;JUNHO
266439;PERIÓDICA;Lingotamento Contínuo - Lubrificação;Lingotamento Contínuo;2026-06-22;Executada;AC2-LC-LUB-SEQ15;JUNHO
266440;PERIÓDICA;Lingotamento Contínuo - Lubrificação;Lingotamento Contínuo;2026-05-31;Executada;AC2-LC-LUB-SIE08;MAIO
266441;PERIÓDICA;Lingotamento Contínuo - Lubrificação;Lingotamento Contínuo;2026-06-16;Executada;AC2-LC-LUB-SIE08;JUNHO
266442;PERIÓDICA;Lingotamento Contínuo - Lubrificação;Lingotamento Contínuo;2026-05-31;Executada;AC2-LC-LUB-SIE09;MAIO
266443;PERIÓDICA;Lingotamento Contínuo - Lubrificação;Lingotamento Contínuo;2026-06-16;Executada;AC2-LC-LUB-SIE09;JUNHO
266444;PERIÓDICA;Lingotamento Contínuo - Lubrificação;Lingotamento Contínuo;2026-06-01;Executada;AC2-LC-LUB-SOX12;JUNHO
266445;PERIÓDICA;Lingotamento Contínuo - Lubrificação;Lingotamento Contínuo;2026-06-08;Executada;AC2-LC-LUB-SOX12;JUNHO
266446;PERIÓDICA;Lingotamento Contínuo - Lubrificação;Lingotamento Contínuo;2026-06-15;Executada;AC2-LC-LUB-SOX12;JUNHO
266447;PERIÓDICA;Lingotamento Contínuo - Lubrificação;Lingotamento Contínuo;2026-06-22;Executada;AC2-LC-LUB-SOX12;JUNHO
266448;PERIÓDICA;Lingotamento Contínuo - Lubrificação;Lingotamento Contínuo;2026-06-26;Executada;AC2-LC-LUB-TOG00;JUNHO
266449;PERIÓDICA;Lingotamento Contínuo - Lubrificação;Lingotamento Contínuo;2026-05-31;Executada;AC2-LC-LUB-TOG01;MAIO
266450;PERIÓDICA;Lingotamento Contínuo - Lubrificação;Lingotamento Contínuo;2026-06-16;Executada;AC2-LC-LUB-TOG01;JUNHO
266451;PERIÓDICA;Lingotamento Contínuo - Lubrificação;Lingotamento Contínuo;2026-06-26;Executada;AC2-LC-LUB-TOG02;JUNHO
266452;PERIÓDICA;Lingotamento Contínuo - Lubrificação;Lingotamento Contínuo;2026-05-31;Executada;AC2-LC-LUB-TOG03;MAIO
266453;PERIÓDICA;Lingotamento Contínuo - Lubrificação;Lingotamento Contínuo;2026-06-16;Executada;AC2-LC-LUB-TOG03;JUNHO
275529;PERIÓDICA;Lingotamento Contínuo - Hidráulica;Forno Elétrico;2026-07-01;Executada;AC2-FEA-PRD-SH01;JULHO
275530;PERIÓDICA;Lingotamento Contínuo - Hidráulica;Forno Panela;2026-07-01;Executada;AC2-FP-PRD-SHI01;JULHO
275531;PERIÓDICA;Lingotamento Contínuo - Hidráulica;Lingotamento Contínuo;2026-07-01;Executada;AC2-LC-PRD-SHI01;JULHO
275532;PERIÓDICA;Lingotamento Contínuo - Hidráulica;Lingotamento Contínuo;2026-07-01;Executada;AC2-LC-PRD-SHI02;JULHO
275430;PERIÓDICA;Pontes Rolantes - Elétrica;Ponte 22;2026-07-03;Executada;AC2-PR22-REV-051;JULHO
275431;PERIÓDICA;Pontes Rolantes - Elétrica;Ponte 22;2026-07-03;Executada;AC2-PR22-REV-052;JULHO
275535;PERIÓDICA;Lingotamento Contínuo - Elétrica;Lingotamento Contínuo;2026-07-01;Executada;AC2-LC-REV-CDT30;JULHO
275536;PERIÓDICA;Lingotamento Contínuo - Elétrica;Lingotamento Contínuo;2026-07-01;Executada;AC2-LC-REV-CDT31;JULHO
275537;PERIÓDICA;Lingotamento Contínuo - Elétrica;Lingotamento Contínuo;2026-07-01;Executada;AC2-LC-REV-CMS34;JULHO
275538;PERIÓDICA;Lingotamento Contínuo - Mecânica;Lingotamento Contínuo;2026-07-01;Executada;AC2-LC-REV-CTR22;JULHO
275539;PERIÓDICA;Lingotamento Contínuo - Mecânica;Lingotamento Contínuo;2026-07-17;Executada;AC2-LC-REV-CTR22;JULHO
275540;PERIÓDICA;Lingotamento Contínuo - Elétrica;Lingotamento Contínuo;2026-07-01;Executada;AC2-LC-REV-CTR43;JULHO
275541;PERIÓDICA;Lingotamento Contínuo - Elétrica;Lingotamento Contínuo;2026-07-08;Executada;AC2-LC-REV-CTR43;JULHO
275542;PERIÓDICA;Lingotamento Contínuo - Elétrica;Lingotamento Contínuo;2026-07-15;Executada;AC2-LC-REV-CTR43;JULHO
275437;PERIÓDICA;Pontes Rolantes - Elétrica;Ponte 23;2026-07-01;Executada;AC2-PR23-REV-053;JULHO
275544;PERIÓDICA;Lingotamento Contínuo - Elétrica;Lingotamento Contínuo;2026-07-29;Não Executada;AC2-LC-REV-CTR43;JULHO
275545;PERIÓDICA;Lingotamento Contínuo - Elétrica;Lingotamento Contínuo;2026-07-01;Executada;AC2-LC-REV-LRE44;JULHO
275546;PERIÓDICA;Lingotamento Contínuo - Elétrica;Lingotamento Contínuo;2026-07-01;Executada;AC2-LC-REV-MGR41;JULHO
275547;PERIÓDICA;Lingotamento Contínuo - Elétrica;Lingotamento Contínuo;2026-07-01;Executada;AC2-LC-REV-MIN38;JULHO
275438;PERIÓDICA;Pontes Rolantes - Elétrica;Ponte 23;2026-07-17;Não Executada;AC2-PR23-REV-053;JULHO
275549;PERIÓDICA;Lingotamento Contínuo - Elétrica;Lingotamento Contínuo;2026-07-01;Executada;AC2-LC-REV-SED37;JULHO
275550;PERIÓDICA;Lingotamento Contínuo - Elétrica;Lingotamento Contínuo;2026-07-17;Executada;AC2-LC-REV-SED37;JULHO
275551;PERIÓDICA;Lingotamento Contínuo - Elétrica;Lingotamento Contínuo;2026-07-01;Executada;AC2-LC-REV-SED47;JULHO
275439;PERIÓDICA;Pontes Rolantes - Elétrica;Ponte 23;2026-07-01;Executada;AC2-PR23-REV-054;JULHO
275440;PERIÓDICA;Pontes Rolantes - Elétrica;Ponte 23;2026-07-17;Não Executada;AC2-PR23-REV-054;JULHO
275441;PERIÓDICA;Pontes Rolantes - Elétrica;Ponte 23;2026-07-01;Executada;AC2-PR23-REV-055;JULHO
275442;PERIÓDICA;Pontes Rolantes - Elétrica;Ponte 23;2026-07-17;Não Executada;AC2-PR23-REV-055;JULHO
275556;PERIÓDICA;Lingotamento Contínuo - Mecânica;Lingotamento Contínuo;2026-07-01;Executada;AC2-LC-REV-SIE14;JULHO
275557;PERIÓDICA;Lingotamento Contínuo - Mecânica;Lingotamento Contínuo;2026-07-01;Executada;AC2-LC-REV-SIE15;JULHO
275558;PERIÓDICA;Lingotamento Contínuo - Mecânica;Lingotamento Contínuo;2026-07-01;Executada;AC2-LC-REV-SIE23;JULHO
275559;PERIÓDICA;Lingotamento Contínuo - Mecânica;Lingotamento Contínuo;2026-07-01;Executada;AC2-LC-REV-SIE24;JULHO
275560;PERIÓDICA;Lingotamento Contínuo - Elétrica;Lingotamento Contínuo;2026-07-01;Executada;AC2-LC-REV-SIE35;JULHO
275561;PERIÓDICA;Lingotamento Contínuo - Elétrica;Lingotamento Contínuo;2026-07-01;Executada;AC2-LC-REV-SIE36;JULHO
275562;PERIÓDICA;Lingotamento Contínuo - Elétrica;Lingotamento Contínuo;2026-07-01;Executada;AC2-LC-REV-SIO32;JULHO
275443;PERIÓDICA;Pontes Rolantes - Elétrica;Ponte 23;2026-07-01;Executada;AC2-PR23-REV-056;JULHO
275564;PERIÓDICA;Lingotamento Contínuo - Mecânica;Lingotamento Contínuo;2026-07-01;Executada;AC2-LC-REV-SOX19;JULHO
275565;PERIÓDICA;Lingotamento Contínuo - Mecânica;Lingotamento Contínuo;2026-07-17;Executada;AC2-LC-REV-SOX19;JULHO
275566;PERIÓDICA;Lingotamento Contínuo - Mecânica;Lingotamento Contínuo;2026-07-01;Executada;AC2-LC-REV-SOX20;JULHO
275567;PERIÓDICA;Lingotamento Contínuo - Mecânica;Lingotamento Contínuo;2026-07-17;Executada;AC2-LC-REV-SOX20;JULHO
275568;PERIÓDICA;Lingotamento Contínuo - Mecânica;Lingotamento Contínuo;2026-07-01;Executada;AC2-LC-REV-SOX21;JULHO
275569;PERIÓDICA;Lingotamento Contínuo - Mecânica;Lingotamento Contínuo;2026-07-17;Executada;AC2-LC-REV-SOX21;JULHO
275570;PERIÓDICA;Lingotamento Contínuo - Elétrica;Lingotamento Contínuo;2026-07-01;Executada;AC2-LC-REV-SOX39;JULHO
275571;PERIÓDICA;Lingotamento Contínuo - Elétrica;Lingotamento Contínuo;2026-07-17;Executada;AC2-LC-REV-SOX39;JULHO
275572;PERIÓDICA;Lingotamento Contínuo - Elétrica;Lingotamento Contínuo;2026-07-01;Executada;AC2-LC-REV-SOX40;JULHO
275444;PERIÓDICA;Pontes Rolantes - Elétrica;Ponte 23;2026-07-17;Não Executada;AC2-PR23-REV-056;JULHO
275445;PERIÓDICA;Pontes Rolantes - Elétrica;Ponte 23;2026-07-01;Executada;AC2-PR23-REV-057;JULHO
275575;PERIÓDICA;Lingotamento Contínuo - Elétrica;Lingotamento Contínuo;2026-07-01;Executada;AC2-LC-REV-TOG25;JULHO
275576;PERIÓDICA;Lingotamento Contínuo - Elétrica;Lingotamento Contínuo;2026-07-01;Executada;AC2-LC-REV-TOG26;JULHO
275577;PERIÓDICA;Lingotamento Contínuo - Elétrica;Lingotamento Contínuo;2026-07-01;Executada;AC2-LC-REV-TOG27;JULHO
275578;PERIÓDICA;Lingotamento Contínuo - Elétrica;Lingotamento Contínuo;2026-07-01;Executada;AC2-LC-REV-TOG28;JULHO
275579;PERIÓDICA;Lingotamento Contínuo - Elétrica;Lingotamento Contínuo;2026-07-01;Executada;AC2-LC-REV-TOG29;JULHO
275446;PERIÓDICA;Pontes Rolantes - Elétrica;Ponte 23;2026-07-17;Executada;AC2-PR23-REV-057;JULHO
275581;PERIÓDICA;Lingotamento Contínuo - Hidráulica;Lingotamento Contínuo;2026-07-01;Executada;AC2-LC-REV-UHO13;JULHO
275582;PERIÓDICA;Lingotamento Contínuo - Elétrica;Lingotamento Contínuo;2026-07-01;Executada;AC2-LC-REV-UHO46;JULHO
275453;PERIÓDICA;Pontes Rolantes - Elétrica;Ponte 24;2026-07-24;Executada;AC2-PR24-REV-058;JULHO
275584;PERIÓDICA;Lingotamento Contínuo - Hidráulica;Lingotamento Contínuo;2026-07-01;Executada;AC2-LC-REV-UHP11;JULHO
275585;PERIÓDICA;Lingotamento Contínuo - Elétrica;Lingotamento Contínuo;2026-07-01;Executada;AC2-LC-REV-UHP45;JULHO
275586;PERIÓDICA;Lingotamento Contínuo - Elétrica;Lingotamento Contínuo;2026-07-01;Executada;AC2-LC-REV-AQD49;JULHO
275587;PERIÓDICA;Lingotamento Contínuo - Elétrica;Lingotamento Contínuo;2026-07-01;Executada;AC2-LC-REV-AQH48;JULHO
275588;PERIÓDICA;Lingotamento Contínuo - Elétrica;Lingotamento Contínuo;2026-07-01;Executada;AC2-LC-REV-AQV57;JULHO
275589;PERIÓDICA;Lingotamento Contínuo - Elétrica;Lingotamento Contínuo;2026-07-01;Não Executada;AC2-LC-REV-CTR52;JULHO
275590;PERIÓDICA;Lingotamento Contínuo - Elétrica;Lingotamento Contínuo;2026-07-01;Executada;AC2-LC-REV-MCO53;JULHO
275591;PERIÓDICA;Lingotamento Contínuo - Elétrica;Lingotamento Contínuo;2026-07-01;Executada;AC2-LC-REV-MPR50;JULHO
275592;PERIÓDICA;Lingotamento Contínuo - Elétrica;Lingotamento Contínuo;2026-07-01;Não Executada;AC2-LC-REV-MPR51;JULHO
275455;PERIÓDICA;Pontes Rolantes - Elétrica;Ponte 24;2026-07-24;Executada;AC2-PR24-REV-059;JULHO
275594;PERIÓDICA;Lingotamento Contínuo - Elétrica;Lingotamento Contínuo;2026-07-01;Executada;AC2-LC-REV-UHI56;JULHO
275595;PERIÓDICA;Lingotamento Contínuo - Elétrica;Lingotamento Contínuo;2026-07-01;Não Executada;AC2-LC-REV-VID55;JULHO
275394;PERIÓDICA;Refrigeração;Refrigeração;2026-06-28;Executada;AC2-P23-RFG-AR5;JUNHO
275395;PERIÓDICA;Refrigeração;Refrigeração;2026-06-28;Executada;AC2-P23-RFG-AR6;JUNHO
275396;PERIÓDICA;Refrigeração;Refrigeração;2026-06-28;Executada;AC2-P23-RFG-AR7;JUNHO
275457;PERIÓDICA;Pontes Rolantes - Elétrica;Ponte 24;2026-07-24;Executada;AC2-PR24-REV-060;JULHO
275459;PERIÓDICA;Pontes Rolantes - Elétrica;Ponte 24;2026-07-24;Executada;AC2-PR24-REV-061;JULHO
275461;PERIÓDICA;Pontes Rolantes - Elétrica;Ponte 24;2026-07-24;Executada;AC2-PR24-REV-062;JULHO
275400;PERIÓDICA;Pontes Rolantes - Mecânica;Ponte 22;2026-06-24;Executada;AC2-PR22-INSP-06;JUNHO
275494;PERIÓDICA;Pontes Rolantes - Elétrica;Ponte 28;2026-07-01;Executada;AC2-PR28-REV-108;JULHO
275495;PERIÓDICA;Pontes Rolantes - Elétrica;Ponte 28;2026-07-01;Executada;AC2-PR28-REV-109;JULHO
275496;PERIÓDICA;Pontes Rolantes - Elétrica;Ponte 28;2026-07-01;Executada;AC2-PR28-REV-110;JULHO
275497;PERIÓDICA;Pontes Rolantes - Elétrica;Ponte 28;2026-07-01;Executada;AC2-PR28-REV-111;JULHO
268949;PERIÓDICA;Pontes Rolantes - Lubrificação;Garra 1;2026-07-05;Executada;AC2-PR-GAR-GAR1;JULHO
268990;PERIÓDICA;Pontes Rolantes - Lubrificação;Ponte 21;2026-07-30;Não Executada;AC2-PR21-LUBR-00;JULHO
268992;PERIÓDICA;Pontes Rolantes - Lubrificação;Ponte 21;2026-07-30;Não Executada;AC2-PR21-LUBR-01;JULHO
268995;PERIÓDICA;Pontes Rolantes - Lubrificação;Ponte 21;2026-07-27;Não Executada;AC2-PR21-LUBR-04;JULHO
269156;PERIÓDICA;Pontes Rolantes - Lubrificação;Ponte 24;2026-07-27;Não Executada;AC2-PR24-LUBR-15;JULHO
269159;PERIÓDICA;Pontes Rolantes - Lubrificação;Ponte 24;2026-07-27;Não Executada;AC2-PR24-LUBR-16;JULHO
275411;PERIÓDICA;Pontes Rolantes - Mecânica;Ponte 26;2026-06-26;Executada;AC2-PR26-INSP-31;JUNHO
275412;PERIÓDICA;Pontes Rolantes - Mecânica;Ponte 21;2026-07-11;Executada;AC2-PR21-REV-000;JULHO
275413;PERIÓDICA;Pontes Rolantes - Mecânica;Ponte 21;2026-07-11;Executada;AC2-PR21-REV-001;JULHO
275414;PERIÓDICA;Pontes Rolantes - Mecânica;Ponte 21;2026-07-11;Executada;AC2-PR21-REV-002;JULHO
275415;PERIÓDICA;Pontes Rolantes - Mecânica;Ponte 21;2026-07-11;Executada;AC2-PR21-REV-003;JULHO
275416;PERIÓDICA;Pontes Rolantes - Elétrica;Ponte 21;2026-07-11;Executada;AC2-PR21-REV-041;JULHO
275417;PERIÓDICA;Pontes Rolantes - Elétrica;Ponte 21;2026-07-11;Executada;AC2-PR21-REV-042;JULHO
275418;PERIÓDICA;Pontes Rolantes - Elétrica;Ponte 21;2026-07-11;Executada;AC2-PR21-REV-043;JULHO
275419;PERIÓDICA;Pontes Rolantes - Elétrica;Ponte 21;2026-07-11;Executada;AC2-PR21-REV-044;JULHO
275420;PERIÓDICA;Pontes Rolantes - Elétrica;Ponte 21;2026-07-11;Executada;AC2-PR21-REV-045;JULHO
275421;PERIÓDICA;Pontes Rolantes - Elétrica;Ponte 21;2026-07-11;Executada;AC2-PR21-REV-046;JULHO
275422;PERIÓDICA;Pontes Rolantes - Mecânica;Ponte 22;2026-07-05;Executada;AC2-PR22-REV-009;JULHO
275423;PERIÓDICA;Pontes Rolantes - Mecânica;Ponte 22;2026-07-05;Executada;AC2-PR22-REV-011;JULHO
275424;PERIÓDICA;Pontes Rolantes - Mecânica;Ponte 22;2026-07-03;Executada;AC2-PR22-REV-013;JULHO
275425;PERIÓDICA;Pontes Rolantes - Mecânica;Ponte 22;2026-07-03;Executada;AC2-PR22-REV-015;JULHO
269192;PERIÓDICA;Pontes Rolantes - Lubrificação;Ponte 25;2026-07-23;Executada;AC2-PR25-LUBR-20;JULHO
269195;PERIÓDICA;Pontes Rolantes - Lubrificação;Ponte 25;2026-07-23;Executada;AC2-PR25-LUBR-21;JULHO
269236;PERIÓDICA;Pontes Rolantes - Lubrificação;Ponte 26;2026-07-26;Executada;AC2-PR26-LUBR-25;JULHO
269239;PERIÓDICA;Pontes Rolantes - Lubrificação;Ponte 26;2026-07-26;Executada;AC2-PR26-LUBR-26;JULHO
269244;PERIÓDICA;Pontes Rolantes - Lubrificação;Ponte 26;2026-07-10;Executada;AC2-PR26-LUBR-38;JULHO
269245;PERIÓDICA;Pontes Rolantes - Lubrificação;Ponte 26;2026-07-26;Executada;AC2-PR26-LUBR-38;JULHO
275432;PERIÓDICA;Pontes Rolantes - Mecânica;Ponte 23;2026-07-29;Executada;AC2-PR23-REV-018;JULHO
275433;PERIÓDICA;Pontes Rolantes - Mecânica;Ponte 23;2026-07-29;Executada;AC2-PR23-REV-021;JULHO
275434;PERIÓDICA;Pontes Rolantes - Mecânica;Ponte 23;2026-07-29;Executada;AC2-PR23-REV-024;JULHO
275435;PERIÓDICA;Pontes Rolantes - Mecânica;Ponte 23;2026-07-01;Executada;AC2-PR23-REV-026;JULHO
275436;PERIÓDICA;Pontes Rolantes - Mecânica;Ponte 23;2026-07-29;Executada;AC2-PR23-REV-028;JULHO
269247;PERIÓDICA;Pontes Rolantes - Lubrificação;Ponte 26;2026-07-18;Executada;AC2-PR26-LUBR-39;JULHO
269284;PERIÓDICA;Pontes Rolantes - Lubrificação;Ponte 27;2026-07-22;Executada;AC2-PR27-LUBR-30;JULHO
269287;PERIÓDICA;Pontes Rolantes - Lubrificação;Ponte 27;2026-07-22;Executada;AC2-PR27-LUBR-31;JULHO
269290;PERIÓDICA;Pontes Rolantes - Lubrificação;Ponte 27;2026-07-15;Executada;AC2-PR27-LUBR-34;JULHO
269294;PERIÓDICA;Pontes Rolantes - Lubrificação;Ponte 28;2026-07-28;Executada;AC2-PR28-LUBR-35;JULHO
269295;PERIÓDICA;Pontes Rolantes - Lubrificação;Ponte 28;2026-07-15;Executada;AC2-PR28-LUBR-36;JULHO
269296;PERIÓDICA;Pontes Rolantes - Lubrificação;Ponte 28;2026-07-28;Executada;AC2-PR28-LUBR-37;JULHO
275397;PERIÓDICA;Pontes Rolantes - Lubrificação;Ponte 26;2026-08-15;Executada;AC2-PR-ELE-MO15;AGOSTO
275398;PERIÓDICA;Pontes Rolantes - Lubrificação;Ponte 25;2026-08-15;Executada;AC2-PR-ELE-MTR1;AGOSTO
275399;PERIÓDICA;Pontes Rolantes - Lubrificação;Ponte 21;2026-08-15;Executada;AC2-PR-ELV-CCG1;AGOSTO
275447;PERIÓDICA;Pontes Rolantes - Mecânica;Ponte 24;2026-07-01;Executada;AC2-PR24-REV-030;JULHO
275448;PERIÓDICA;Pontes Rolantes - Mecânica;Ponte 24;2026-07-09;Executada;AC2-PR24-REV-032;JULHO
275449;PERIÓDICA;Pontes Rolantes - Mecânica;Ponte 24;2026-07-01;Executada;AC2-PR24-REV-034;JULHO
275450;PERIÓDICA;Pontes Rolantes - Mecânica;Ponte 24;2026-07-09;Executada;AC2-PR24-REV-035;JULHO
275451;PERIÓDICA;Pontes Rolantes - Mecânica;Ponte 24;2026-07-01;Executada;AC2-PR24-REV-039;JULHO
275452;PERIÓDICA;Pontes Rolantes - Elétrica;Ponte 24;2026-07-08;Executada;AC2-PR24-REV-058;JULHO
275404;PERIÓDICA;Pontes Rolantes - Lubrificação;Ponte 23;2026-06-17;Não Executada;AC2-PR23-LUBR-10;JUNHO
275454;PERIÓDICA;Pontes Rolantes - Elétrica;Ponte 24;2026-07-08;Executada;AC2-PR24-REV-059;JULHO
275405;PERIÓDICA;Pontes Rolantes - Lubrificação;Ponte 23;2026-06-17;Não Executada;AC2-PR23-LUBR-11;JUNHO
275456;PERIÓDICA;Pontes Rolantes - Elétrica;Ponte 24;2026-07-08;Executada;AC2-PR24-REV-060;JULHO
275406;PERIÓDICA;Pontes Rolantes - Lubrificação;Ponte 23;2026-08-15;Executada;AC2-PR23-LUBR-43;AGOSTO
275458;PERIÓDICA;Pontes Rolantes - Elétrica;Ponte 24;2026-07-08;Executada;AC2-PR24-REV-061;JULHO
275407;PERIÓDICA;Pontes Rolantes - Lubrificação;Ponte 23;2026-08-15;Executada;AC2-PR23-LUBR-45;AGOSTO
275460;PERIÓDICA;Pontes Rolantes - Elétrica;Ponte 24;2026-07-08;Executada;AC2-PR24-REV-062;JULHO
275409;PERIÓDICA;Pontes Rolantes - Lubrificação;Ponte 24;2026-08-15;Executada;AC2-PR24-LUBR-44;AGOSTO
275462;PERIÓDICA;Pontes Rolantes - Mecânica;Ponte 25;2026-07-05;Executada;AC2-PR25-REV-063;JULHO
275463;PERIÓDICA;Pontes Rolantes - Mecânica;Ponte 25;2026-07-05;Executada;AC2-PR25-REV-065;JULHO
275464;PERIÓDICA;Pontes Rolantes - Mecânica;Ponte 25;2026-07-05;Executada;AC2-PR25-REV-067;JULHO
275465;PERIÓDICA;Pontes Rolantes - Elétrica;Ponte 25;2026-07-05;Executada;AC2-PR25-REV-091;JULHO
275466;PERIÓDICA;Pontes Rolantes - Elétrica;Ponte 25;2026-07-05;Executada;AC2-PR25-REV-092;JULHO
275467;PERIÓDICA;Pontes Rolantes - Elétrica;Ponte 25;2026-07-05;Executada;AC2-PR25-REV-093;JULHO
275468;PERIÓDICA;Pontes Rolantes - Elétrica;Ponte 25;2026-07-05;Executada;AC2-PR25-REV-094;JULHO
275469;PERIÓDICA;Pontes Rolantes - Elétrica;Ponte 25;2026-07-05;Executada;AC2-PR25-REV-095;JULHO
275410;PERIÓDICA;Pontes Rolantes - Lubrificação;Ponte 24;2026-08-15;Executada;AC2-PR24-LUBR-46;AGOSTO
268293;PERIÓDICA;Pontes Rolantes - Elétrica;Ponte 28;2026-06-01;Executada;AC2-PR28-REV-108;JUNHO
268294;PERIÓDICA;Pontes Rolantes - Elétrica;Ponte 28;2026-06-01;Executada;AC2-PR28-REV-109;JUNHO
275473;PERIÓDICA;Pontes Rolantes - Elétrica;Ponte 26;2026-07-16;Executada;AC2-PR26-REV-096;JULHO
275474;PERIÓDICA;Pontes Rolantes - Elétrica;Ponte 26;2026-07-16;Executada;AC2-PR26-REV-097;JULHO
275475;PERIÓDICA;Pontes Rolantes - Elétrica;Ponte 26;2026-07-16;Executada;AC2-PR26-REV-098;JULHO
275476;PERIÓDICA;Pontes Rolantes - Elétrica;Ponte 26;2026-07-16;Executada;AC2-PR26-REV-099;JULHO
275477;PERIÓDICA;Pontes Rolantes - Elétrica;Ponte 26;2026-07-16;Executada;AC2-PR26-REV-100;JULHO
275478;PERIÓDICA;Pontes Rolantes - Elétrica;Ponte 26;2026-07-16;Executada;AC2-PR26-REV-101;JULHO
268213;PERIÓDICA;Pontes Rolantes - Mecânica;Ponte 23;2026-06-01;Executada;AC2-PR23-REV-023;JUNHO
275480;PERIÓDICA;Pontes Rolantes - Mecânica;Ponte 27;2026-07-18;Executada;AC2-PR27-REV-079;JULHO
275481;PERIÓDICA;Pontes Rolantes - Mecânica;Ponte 27;2026-07-18;Executada;AC2-PR27-REV-081;JULHO
275482;PERIÓDICA;Pontes Rolantes - Mecânica;Ponte 27;2026-07-18;Executada;AC2-PR27-REV-083;JULHO
275483;PERIÓDICA;Pontes Rolantes - Mecânica;Ponte 27;2026-07-28;Executada;AC2-PR27-REV-086;JULHO
275484;PERIÓDICA;Pontes Rolantes - Elétrica;Ponte 27;2026-07-18;Executada;AC2-PR27-REV-102;JULHO
275485;PERIÓDICA;Pontes Rolantes - Elétrica;Ponte 27;2026-07-18;Executada;AC2-PR27-REV-103;JULHO
275486;PERIÓDICA;Pontes Rolantes - Elétrica;Ponte 27;2026-07-18;Executada;AC2-PR27-REV-104;JULHO
275487;PERIÓDICA;Pontes Rolantes - Elétrica;Ponte 27;2026-07-18;Executada;AC2-PR27-REV-105;JULHO
275488;PERIÓDICA;Pontes Rolantes - Elétrica;Ponte 27;2026-07-18;Executada;AC2-PR27-REV-106;JULHO
275489;PERIÓDICA;Pontes Rolantes - Elétrica;Ponte 27;2026-07-18;Executada;AC2-PR27-REV-107;JULHO
275490;PERIÓDICA;Pontes Rolantes - Mecânica;Ponte 27;2026-07-18;Executada;AC2-PR27-REV-113;JULHO
268216;PERIÓDICA;Pontes Rolantes - Mecânica;Ponte 23;2026-06-01;Executada;AC2-PR23-REV-027;JUNHO
268234;PERIÓDICA;Pontes Rolantes - Mecânica;Ponte 24;2026-06-01;Executada;AC2-PR24-REV-037;JUNHO
268295;PERIÓDICA;Pontes Rolantes - Elétrica;Ponte 28;2026-06-01;Executada;AC2-PR28-REV-110;JUNHO
268253;PERIÓDICA;Pontes Rolantes - Mecânica;Ponte 25;2026-06-01;Executada;AC2-PR25-REV-069;JUNHO
268296;PERIÓDICA;Pontes Rolantes - Elétrica;Ponte 28;2026-06-01;Executada;AC2-PR28-REV-111;JUNHO
275663;PERIÓDICA;Lingotamento Contínuo - Hidráulica;Lingotamento Contínuo;2026-07-01;Executada;AC2-LC-INH-TOG01;JULHO
269043;PERIÓDICA;Pontes Rolantes - Mecânica;Ponte 23;2026-07-30;Executada;AC2-PR23-INSP-12;JULHO
269048;PERIÓDICA;Pontes Rolantes - Mecânica;Ponte 23;2026-07-31;Executada;AC2-PR23-INSP-14;JULHO
269050;PERIÓDICA;Pontes Rolantes - Mecânica;Ponte 23;2026-07-30;Executada;AC2-PR23-INSP-15;JULHO
269054;PERIÓDICA;Pontes Rolantes - Mecânica;Ponte 23;2026-07-30;Executada;AC2-PR23-INSP-17;JULHO
269133;PERIÓDICA;Pontes Rolantes - Mecânica;Ponte 24;2026-07-11;Executada;AC2-PR24-INSP-88;JULHO
269134;PERIÓDICA;Pontes Rolantes - Mecânica;Ponte 24;2026-07-12;Executada;AC2-PR24-INSP-88;JULHO
269140;PERIÓDICA;Pontes Rolantes - Mecânica;Ponte 24;2026-07-18;Executada;AC2-PR24-INSP-88;JULHO
269141;PERIÓDICA;Pontes Rolantes - Mecânica;Ponte 24;2026-07-19;Executada;AC2-PR24-INSP-88;JULHO
269145;PERIÓDICA;Pontes Rolantes - Mecânica;Ponte 24;2026-07-23;Executada;AC2-PR24-INSP-88;JULHO
269146;PERIÓDICA;Pontes Rolantes - Mecânica;Ponte 24;2026-07-24;Executada;AC2-PR24-INSP-88;JULHO
269147;PERIÓDICA;Pontes Rolantes - Mecânica;Ponte 24;2026-07-25;Executada;AC2-PR24-INSP-88;JULHO
269150;PERIÓDICA;Pontes Rolantes - Mecânica;Ponte 24;2026-07-28;Executada;AC2-PR24-INSP-88;JULHO
269151;PERIÓDICA;Pontes Rolantes - Mecânica;Ponte 24;2026-07-29;Executada;AC2-PR24-INSP-88;JULHO
269152;PERIÓDICA;Pontes Rolantes - Mecânica;Ponte 24;2026-07-30;Executada;AC2-PR24-INSP-88;JULHO
269153;PERIÓDICA;Pontes Rolantes - Mecânica;Ponte 24;2026-07-31;Executada;AC2-PR24-INSP-88;JULHO
269165;PERIÓDICA;Pontes Rolantes - Mecânica;Ponte 25;2026-07-23;Executada;AC2-PR25-INSP-24;JULHO
275401;PERIÓDICA;Pontes Rolantes - Mecânica;Ponte 22;2026-06-22;Não Executada;AC2-PR22-INSP-07;JUNHO
275402;PERIÓDICA;Pontes Rolantes - Mecânica;Ponte 22;2026-06-21;Não Executada;AC2-PR22-INSP-10;JUNHO
275403;PERIÓDICA;Pontes Rolantes - Mecânica;Ponte 22;2026-06-24;Não Executada;AC2-PR22-INSP-11;JUNHO
275470;PERIÓDICA;Pontes Rolantes - Mecânica;Ponte 26;2026-07-16;Executada;AC2-PR26-REV-071;JULHO
275471;PERIÓDICA;Pontes Rolantes - Mecânica;Ponte 26;2026-07-16;Executada;AC2-PR26-REV-073;JULHO
275472;PERIÓDICA;Pontes Rolantes - Mecânica;Ponte 26;2026-07-16;Executada;AC2-PR26-REV-075;JULHO
275617;PERIÓDICA;Lingotamento Contínuo - Hidráulica;Lingotamento Contínuo;2026-07-03;Executada;AC2-LC-INH-CDT02;JULHO
275622;PERIÓDICA;Lingotamento Contínuo - Hidráulica;Lingotamento Contínuo;2026-07-03;Executada;AC2-LC-INH-CDT03;JULHO
275619;PERIÓDICA;Lingotamento Contínuo - Hidráulica;Lingotamento Contínuo;2026-07-17;Executada;AC2-LC-INH-CDT02;JULHO
275632;PERIÓDICA;Lingotamento Contínuo - Hidráulica;Lingotamento Contínuo;2026-07-03;Executada;AC2-LC-INH-LRE10;JULHO
275637;PERIÓDICA;Lingotamento Contínuo - Hidráulica;Lingotamento Contínuo;2026-07-03;Executada;AC2-LC-INH-MTT08;JULHO
275642;PERIÓDICA;Lingotamento Contínuo - Hidráulica;Lingotamento Contínuo;2026-07-03;Executada;AC2-LC-INH-SED07;JULHO
275647;PERIÓDICA;Lingotamento Contínuo - Hidráulica;Lingotamento Contínuo;2026-07-03;Executada;AC2-LC-INH-SHI11;JULHO
275652;PERIÓDICA;Lingotamento Contínuo - Hidráulica;Lingotamento Contínuo;2026-07-02;Executada;AC2-LC-INH-SIO04;JULHO
275657;PERIÓDICA;Lingotamento Contínuo - Hidráulica;Lingotamento Contínuo;2026-07-01;Executada;AC2-LC-INH-SIO05;JULHO
275797;PERIÓDICA;Lingotamento Contínuo - Hidráulica;Lingotamento Contínuo;2026-07-01;Executada;AC2-RE-INH-AQH01;JULHO
275627;PERIÓDICA;Lingotamento Contínuo - Hidráulica;Lingotamento Contínuo;2026-07-03;Executada;AC2-LC-INH-CTR09;JULHO
275801;PERIÓDICA;Lingotamento Contínuo - Hidráulica;Lingotamento Contínuo;2026-07-03;Executada;AC2-RE-INH-UHI03;JULHO
275618;PERIÓDICA;Lingotamento Contínuo - Hidráulica;Lingotamento Contínuo;2026-07-10;Executada;AC2-LC-INH-CDT02;JULHO
275630;PERIÓDICA;Lingotamento Contínuo - Hidráulica;Lingotamento Contínuo;2026-07-24;Executada;AC2-LC-INH-CTR09;JULHO
275623;PERIÓDICA;Lingotamento Contínuo - Hidráulica;Lingotamento Contínuo;2026-07-10;Executada;AC2-LC-INH-CDT03;JULHO
275628;PERIÓDICA;Lingotamento Contínuo - Hidráulica;Lingotamento Contínuo;2026-07-10;Executada;AC2-LC-INH-CTR09;JULHO
275633;PERIÓDICA;Lingotamento Contínuo - Hidráulica;Lingotamento Contínuo;2026-07-10;Executada;AC2-LC-INH-LRE10;JULHO
275638;PERIÓDICA;Lingotamento Contínuo - Hidráulica;Lingotamento Contínuo;2026-07-10;Executada;AC2-LC-INH-MTT08;JULHO
275643;PERIÓDICA;Lingotamento Contínuo - Hidráulica;Lingotamento Contínuo;2026-07-10;Executada;AC2-LC-INH-SED07;JULHO
275648;PERIÓDICA;Lingotamento Contínuo - Hidráulica;Lingotamento Contínuo;2026-07-10;Executada;AC2-LC-INH-SHI11;JULHO
275653;PERIÓDICA;Lingotamento Contínuo - Hidráulica;Lingotamento Contínuo;2026-07-09;Executada;AC2-LC-INH-SIO04;JULHO
275624;PERIÓDICA;Lingotamento Contínuo - Hidráulica;Lingotamento Contínuo;2026-07-17;Executada;AC2-LC-INH-CDT03;JULHO
275629;PERIÓDICA;Lingotamento Contínuo - Hidráulica;Lingotamento Contínuo;2026-07-17;Executada;AC2-LC-INH-CTR09;JULHO
275634;PERIÓDICA;Lingotamento Contínuo - Hidráulica;Lingotamento Contínuo;2026-07-17;Executada;AC2-LC-INH-LRE10;JULHO
275639;PERIÓDICA;Lingotamento Contínuo - Hidráulica;Lingotamento Contínuo;2026-07-17;Executada;AC2-LC-INH-MTT08;JULHO
275644;PERIÓDICA;Lingotamento Contínuo - Hidráulica;Lingotamento Contínuo;2026-07-17;Executada;AC2-LC-INH-SED07;JULHO
275649;PERIÓDICA;Lingotamento Contínuo - Hidráulica;Lingotamento Contínuo;2026-07-17;Executada;AC2-LC-INH-SHI11;JULHO
275654;PERIÓDICA;Lingotamento Contínuo - Hidráulica;Lingotamento Contínuo;2026-07-16;Executada;AC2-LC-INH-SIO04;JULHO
275666;PERIÓDICA;Lingotamento Contínuo - Hidráulica;Lingotamento Contínuo;2026-07-15;Executada;AC2-LC-INH-ULM06;JULHO
275796;PERIÓDICA;Lingotamento Contínuo - Hidráulica;Lingotamento Contínuo;2026-07-19;Executada;AC2-RE-INH-AQD02;JULHO
275798;PERIÓDICA;Lingotamento Contínuo - Hidráulica;Lingotamento Contínuo;2026-07-17;Executada;AC2-RE-INH-AQH01;JULHO
275802;PERIÓDICA;Lingotamento Contínuo - Hidráulica;Lingotamento Contínuo;2026-07-19;Executada;AC2-RE-INH-UHI03;JULHO
275620;PERIÓDICA;Lingotamento Contínuo - Hidráulica;Lingotamento Contínuo;2026-07-24;Executada;AC2-LC-INH-CDT02;JULHO
275625;PERIÓDICA;Lingotamento Contínuo - Hidráulica;Lingotamento Contínuo;2026-07-24;Executada;AC2-LC-INH-CDT03;JULHO
275635;PERIÓDICA;Lingotamento Contínuo - Hidráulica;Lingotamento Contínuo;2026-07-24;Executada;AC2-LC-INH-LRE10;JULHO
275640;PERIÓDICA;Lingotamento Contínuo - Hidráulica;Lingotamento Contínuo;2026-07-24;Executada;AC2-LC-INH-MTT08;JULHO
275645;PERIÓDICA;Lingotamento Contínuo - Hidráulica;Lingotamento Contínuo;2026-07-24;Executada;AC2-LC-INH-SED07;JULHO
275650;PERIÓDICA;Lingotamento Contínuo - Hidráulica;Lingotamento Contínuo;2026-07-24;Executada;AC2-LC-INH-SHI11;JULHO
275655;PERIÓDICA;Lingotamento Contínuo - Hidráulica;Lingotamento Contínuo;2026-07-23;Executada;AC2-LC-INH-SIO04;JULHO
275661;PERIÓDICA;Lingotamento Contínuo - Hidráulica;Lingotamento Contínuo;2026-07-23;Executada;AC2-LC-INH-TOG00;JULHO
275667;PERIÓDICA;Lingotamento Contínuo - Hidráulica;Lingotamento Contínuo;2026-07-22;Executada;AC2-LC-INH-ULM06;JULHO
275658;PERIÓDICA;Lingotamento Contínuo - Hidráulica;Lingotamento Contínuo;2026-07-02;Executada;AC2-LC-INH-TOG00;JULHO
275659;PERIÓDICA;Lingotamento Contínuo - Hidráulica;Lingotamento Contínuo;2026-07-09;Executada;AC2-LC-INH-TOG00;JULHO
275660;PERIÓDICA;Lingotamento Contínuo - Hidráulica;Lingotamento Contínuo;2026-07-16;Executada;AC2-LC-INH-TOG00;JULHO
275621;PERIÓDICA;Lingotamento Contínuo - Hidráulica;Lingotamento Contínuo;2026-07-31;Executada;AC2-LC-INH-CDT02;JULHO
275626;PERIÓDICA;Lingotamento Contínuo - Hidráulica;Lingotamento Contínuo;2026-07-31;Executada;AC2-LC-INH-CDT03;JULHO
275479;PERIÓDICA;Pontes Rolantes - Mecânica;Ponte 26;2026-07-16;Executada;AC2-PR26-REV-112;JULHO
275664;PERIÓDICA;Lingotamento Contínuo - Hidráulica;Lingotamento Contínuo;2026-07-01;Executada;AC2-LC-INH-ULM06;JULHO
275665;PERIÓDICA;Lingotamento Contínuo - Hidráulica;Lingotamento Contínuo;2026-07-08;Executada;AC2-LC-INH-ULM06;JULHO
275631;PERIÓDICA;Lingotamento Contínuo - Hidráulica;Lingotamento Contínuo;2026-07-31;Executada;AC2-LC-INH-CTR09;JULHO
275636;PERIÓDICA;Lingotamento Contínuo - Hidráulica;Lingotamento Contínuo;2026-07-31;Executada;AC2-LC-INH-LRE10;JULHO
275668;PERIÓDICA;Lingotamento Contínuo - Hidráulica;Lingotamento Contínuo;2026-07-29;Executada;AC2-LC-INH-ULM06;JULHO
275669;PERIÓDICA;Lingotamento Contínuo - Mecânica;Lingotamento Contínuo;2026-07-01;Executada;AC2-LC-INS-CDT33;JULHO
275670;PERIÓDICA;Lingotamento Contínuo - Mecânica;Lingotamento Contínuo;2026-07-17;Executada;AC2-LC-INS-CDT33;JULHO
275671;PERIÓDICA;Lingotamento Contínuo - Mecânica;Lingotamento Contínuo;2026-07-01;Executada;AC2-LC-INS-CDT34;JULHO
275672;PERIÓDICA;Lingotamento Contínuo - Mecânica;Lingotamento Contínuo;2026-07-17;Executada;AC2-LC-INS-CDT34;JULHO
275673;PERIÓDICA;Lingotamento Contínuo - Mecânica;Lingotamento Contínuo;2026-07-01;Executada;AC2-LC-INS-CDT35;JULHO
275674;PERIÓDICA;Lingotamento Contínuo - Mecânica;Lingotamento Contínuo;2026-07-01;Executada;AC2-LC-INS-CDT70;JULHO
275675;PERIÓDICA;Lingotamento Contínuo - Mecânica;Lingotamento Contínuo;2026-07-01;Executada;AC2-LC-INS-CDT71;JULHO
275676;PERIÓDICA;Lingotamento Contínuo - Mecânica;Lingotamento Contínuo;2026-07-01;Executada;AC2-LC-INS-CMS48;JULHO
275677;PERIÓDICA;Lingotamento Contínuo - Mecânica;Lingotamento Contínuo;2026-07-08;Executada;AC2-LC-INS-CMS48;JULHO
275678;PERIÓDICA;Lingotamento Contínuo - Mecânica;Lingotamento Contínuo;2026-07-15;Executada;AC2-LC-INS-CMS48;JULHO
275679;PERIÓDICA;Lingotamento Contínuo - Mecânica;Lingotamento Contínuo;2026-07-22;Executada;AC2-LC-INS-CMS48;JULHO
275680;PERIÓDICA;Lingotamento Contínuo - Mecânica;Lingotamento Contínuo;2026-07-29;Executada;AC2-LC-INS-CMS48;JULHO
275681;PERIÓDICA;Lingotamento Contínuo - Mecânica;Lingotamento Contínuo;2026-07-01;Executada;AC2-LC-INS-CTR58;JULHO
275682;PERIÓDICA;Lingotamento Contínuo - Mecânica;Lingotamento Contínuo;2026-07-08;Executada;AC2-LC-INS-CTR58;JULHO
275683;PERIÓDICA;Lingotamento Contínuo - Mecânica;Lingotamento Contínuo;2026-07-15;Executada;AC2-LC-INS-CTR58;JULHO
275684;PERIÓDICA;Lingotamento Contínuo - Mecânica;Lingotamento Contínuo;2026-07-22;Executada;AC2-LC-INS-CTR58;JULHO
275685;PERIÓDICA;Lingotamento Contínuo - Mecânica;Lingotamento Contínuo;2026-07-29;Executada;AC2-LC-INS-CTR58;JULHO
275686;PERIÓDICA;Lingotamento Contínuo - Mecânica;Lingotamento Contínuo;2026-07-01;Executada;AC2-LC-INS-ELE61;JULHO
275687;PERIÓDICA;Lingotamento Contínuo - Mecânica;Lingotamento Contínuo;2026-07-17;Executada;AC2-LC-INS-ELE61;JULHO
275688;PERIÓDICA;Lingotamento Contínuo - Mecânica;Lingotamento Contínuo;2026-07-01;Executada;AC2-LC-INS-ELP60;JULHO
275689;PERIÓDICA;Lingotamento Contínuo - Mecânica;Lingotamento Contínuo;2026-07-17;Executada;AC2-LC-INS-ELP60;JULHO
275690;PERIÓDICA;Lingotamento Contínuo - Mecânica;Lingotamento Contínuo;2026-07-01;Executada;AC2-LC-INS-LRE59;JULHO
275691;PERIÓDICA;Lingotamento Contínuo - Mecânica;Lingotamento Contínuo;2026-07-17;Executada;AC2-LC-INS-LRE59;JULHO
275692;PERIÓDICA;Lingotamento Contínuo - Mecânica;Lingotamento Contínuo;2026-07-01;Executada;AC2-LC-INS-MGR55;JULHO
275693;PERIÓDICA;Lingotamento Contínuo - Mecânica;Lingotamento Contínuo;2026-07-08;Executada;AC2-LC-INS-MGR55;JULHO
275694;PERIÓDICA;Lingotamento Contínuo - Mecânica;Lingotamento Contínuo;2026-07-15;Executada;AC2-LC-INS-MGR55;JULHO
275695;PERIÓDICA;Lingotamento Contínuo - Mecânica;Lingotamento Contínuo;2026-07-22;Executada;AC2-LC-INS-MGR55;JULHO
275696;PERIÓDICA;Lingotamento Contínuo - Mecânica;Lingotamento Contínuo;2026-07-29;Executada;AC2-LC-INS-MGR55;JULHO
275697;PERIÓDICA;Lingotamento Contínuo - Mecânica;Lingotamento Contínuo;2026-07-01;Executada;AC2-LC-INS-MIN53;JULHO
275698;PERIÓDICA;Lingotamento Contínuo - Mecânica;Lingotamento Contínuo;2026-07-08;Executada;AC2-LC-INS-MIN53;JULHO
275699;PERIÓDICA;Lingotamento Contínuo - Mecânica;Lingotamento Contínuo;2026-07-15;Executada;AC2-LC-INS-MIN53;JULHO
275700;PERIÓDICA;Lingotamento Contínuo - Mecânica;Lingotamento Contínuo;2026-07-22;Executada;AC2-LC-INS-MIN53;JULHO
275701;PERIÓDICA;Lingotamento Contínuo - Mecânica;Lingotamento Contínuo;2026-07-29;Executada;AC2-LC-INS-MIN53;JULHO
275702;PERIÓDICA;Lingotamento Contínuo - Mecânica;Lingotamento Contínuo;2026-07-01;Executada;AC2-LC-INS-MIN53;JULHO
275703;PERIÓDICA;Lingotamento Contínuo - Mecânica;Lingotamento Contínuo;2026-07-08;Executada;AC2-LC-INS-MIN53;JULHO
275704;PERIÓDICA;Lingotamento Contínuo - Mecânica;Lingotamento Contínuo;2026-07-15;Executada;AC2-LC-INS-MIN53;JULHO
275705;PERIÓDICA;Lingotamento Contínuo - Mecânica;Lingotamento Contínuo;2026-07-22;Executada;AC2-LC-INS-MIN53;JULHO
275706;PERIÓDICA;Lingotamento Contínuo - Mecânica;Lingotamento Contínuo;2026-07-29;Executada;AC2-LC-INS-MIN53;JULHO
275707;PERIÓDICA;Lingotamento Contínuo - Mecânica;Lingotamento Contínuo;2026-07-01;Executada;AC2-LC-INS-MTT56;JULHO
275708;PERIÓDICA;Lingotamento Contínuo - Mecânica;Lingotamento Contínuo;2026-07-08;Executada;AC2-LC-INS-MTT56;JULHO
275709;PERIÓDICA;Lingotamento Contínuo - Mecânica;Lingotamento Contínuo;2026-07-15;Executada;AC2-LC-INS-MTT56;JULHO
275710;PERIÓDICA;Lingotamento Contínuo - Mecânica;Lingotamento Contínuo;2026-07-22;Executada;AC2-LC-INS-MTT56;JULHO
275711;PERIÓDICA;Lingotamento Contínuo - Mecânica;Lingotamento Contínuo;2026-07-29;Executada;AC2-LC-INS-MTT56;JULHO
275712;PERIÓDICA;Lingotamento Contínuo - Mecânica;Lingotamento Contínuo;2026-07-01;Executada;AC2-LC-INS-SED51;JULHO
275713;PERIÓDICA;Lingotamento Contínuo - Mecânica;Lingotamento Contínuo;2026-07-08;Executada;AC2-LC-INS-SED51;JULHO
275714;PERIÓDICA;Lingotamento Contínuo - Mecânica;Lingotamento Contínuo;2026-07-15;Executada;AC2-LC-INS-SED51;JULHO
275715;PERIÓDICA;Lingotamento Contínuo - Mecânica;Lingotamento Contínuo;2026-07-22;Executada;AC2-LC-INS-SED51;JULHO
275716;PERIÓDICA;Lingotamento Contínuo - Mecânica;Lingotamento Contínuo;2026-07-29;Executada;AC2-LC-INS-SED51;JULHO
275717;PERIÓDICA;Lingotamento Contínuo - Mecânica;Lingotamento Contínuo;2026-07-01;Executada;AC2-LC-INS-SED52;JULHO
275718;PERIÓDICA;Lingotamento Contínuo - Mecânica;Lingotamento Contínuo;2026-07-01;Executada;AC2-LC-INS-SEQ57;JULHO
275719;PERIÓDICA;Lingotamento Contínuo - Mecânica;Lingotamento Contínuo;2026-07-08;Executada;AC2-LC-INS-SEQ57;JULHO
275720;PERIÓDICA;Lingotamento Contínuo - Mecânica;Lingotamento Contínuo;2026-07-15;Executada;AC2-LC-INS-SEQ57;JULHO
275721;PERIÓDICA;Lingotamento Contínuo - Mecânica;Lingotamento Contínuo;2026-07-22;Executada;AC2-LC-INS-SEQ57;JULHO
275722;PERIÓDICA;Lingotamento Contínuo - Mecânica;Lingotamento Contínuo;2026-07-29;Executada;AC2-LC-INS-SEQ57;JULHO
275723;PERIÓDICA;Lingotamento Contínuo - Mecânica;Lingotamento Contínuo;2026-07-01;Executada;AC2-LC-INS-SIE49;JULHO
275724;PERIÓDICA;Lingotamento Contínuo - Mecânica;Lingotamento Contínuo;2026-07-08;Executada;AC2-LC-INS-SIE49;JULHO
275725;PERIÓDICA;Lingotamento Contínuo - Mecânica;Lingotamento Contínuo;2026-07-15;Executada;AC2-LC-INS-SIE49;JULHO
275726;PERIÓDICA;Lingotamento Contínuo - Mecânica;Lingotamento Contínuo;2026-07-22;Executada;AC2-LC-INS-SIE49;JULHO
275727;PERIÓDICA;Lingotamento Contínuo - Mecânica;Lingotamento Contínuo;2026-07-29;Executada;AC2-LC-INS-SIE49;JULHO
275728;PERIÓDICA;Lingotamento Contínuo - Mecânica;Lingotamento Contínuo;2026-07-01;Executada;AC2-LC-INS-SIE50;JULHO
275729;PERIÓDICA;Lingotamento Contínuo - Mecânica;Lingotamento Contínuo;2026-07-08;Executada;AC2-LC-INS-SIE50;JULHO
275730;PERIÓDICA;Lingotamento Contínuo - Mecânica;Lingotamento Contínuo;2026-07-15;Executada;AC2-LC-INS-SIE50;JULHO
275731;PERIÓDICA;Lingotamento Contínuo - Mecânica;Lingotamento Contínuo;2026-07-22;Executada;AC2-LC-INS-SIE50;JULHO
275732;PERIÓDICA;Lingotamento Contínuo - Mecânica;Lingotamento Contínuo;2026-07-29;Executada;AC2-LC-INS-SIE50;JULHO
275733;PERIÓDICA;Lingotamento Contínuo - Mecânica;Lingotamento Contínuo;2026-07-01;Executada;AC2-LC-INS-SIO36;JULHO
275734;PERIÓDICA;Lingotamento Contínuo - Mecânica;Lingotamento Contínuo;2026-07-01;Executada;AC2-LC-INS-SOX54;JULHO
275735;PERIÓDICA;Lingotamento Contínuo - Mecânica;Lingotamento Contínuo;2026-07-08;Executada;AC2-LC-INS-SOX54;JULHO
275736;PERIÓDICA;Lingotamento Contínuo - Mecânica;Lingotamento Contínuo;2026-07-15;Executada;AC2-LC-INS-SOX54;JULHO
275737;PERIÓDICA;Lingotamento Contínuo - Mecânica;Lingotamento Contínuo;2026-07-22;Executada;AC2-LC-INS-SOX54;JULHO
275738;PERIÓDICA;Lingotamento Contínuo - Mecânica;Lingotamento Contínuo;2026-07-29;Executada;AC2-LC-INS-SOX54;JULHO
275739;PERIÓDICA;Lingotamento Contínuo - Mecânica;Lingotamento Contínuo;2026-07-01;Executada;AC2-LC-INS-TOG30;JULHO
275740;PERIÓDICA;Lingotamento Contínuo - Mecânica;Lingotamento Contínuo;2026-07-01;Executada;AC2-LC-INS-TOG31;JULHO
275741;PERIÓDICA;Lingotamento Contínuo - Mecânica;Lingotamento Contínuo;2026-07-01;Executada;AC2-LC-INS-TOG32;JULHO
275742;PERIÓDICA;Lingotamento Contínuo - Lubrificação;Lingotamento Contínuo;2026-07-22;Executada;AC2-LC-LUB-CDT04;JULHO
275743;PERIÓDICA;Lingotamento Contínuo - Lubrificação;Lingotamento Contínuo;2026-07-22;Executada;AC2-LC-LUB-CDT05;JULHO
275744;PERIÓDICA;Lingotamento Contínuo - Lubrificação;Lingotamento Contínuo;2026-07-01;Executada;AC2-LC-LUB-CMS07;JULHO
275745;PERIÓDICA;Lingotamento Contínuo - Lubrificação;Lingotamento Contínuo;2026-07-17;Executada;AC2-LC-LUB-CMS07;JULHO
275746;PERIÓDICA;Lingotamento Contínuo - Lubrificação;Lingotamento Contínuo;2026-07-17;Executada;AC2-LC-LUB-CTR16;JULHO
275747;PERIÓDICA;Lingotamento Contínuo - Lubrificação;Lingotamento Contínuo;2026-07-17;Executada;AC2-LC-LUB-LRE17;JULHO
275748;PERIÓDICA;Lingotamento Contínuo - Lubrificação;Lingotamento Contínuo;2026-07-01;Executada;AC2-LC-LUB-MGR13;JULHO
275749;PERIÓDICA;Lingotamento Contínuo - Lubrificação;Lingotamento Contínuo;2026-07-17;Executada;AC2-LC-LUB-MGR13;JULHO
275750;PERIÓDICA;Lingotamento Contínuo - Lubrificação;Lingotamento Contínuo;2026-07-06;Executada;AC2-LC-LUB-MIN11;JULHO
275751;PERIÓDICA;Lingotamento Contínuo - Lubrificação;Lingotamento Contínuo;2026-07-13;Executada;AC2-LC-LUB-MIN11;JULHO
275752;PERIÓDICA;Lingotamento Contínuo - Lubrificação;Lingotamento Contínuo;2026-07-20;Executada;AC2-LC-LUB-MIN11;JULHO
275753;PERIÓDICA;Lingotamento Contínuo - Lubrificação;Lingotamento Contínuo;2026-07-27;Executada;AC2-LC-LUB-MIN11;JULHO
275754;PERIÓDICA;Lingotamento Contínuo - Lubrificação;Lingotamento Contínuo;2026-07-22;Executada;AC2-LC-LUB-MTT14;JULHO
275755;PERIÓDICA;Lingotamento Contínuo - Lubrificação;Lingotamento Contínuo;2026-07-01;Não Executada;AC2-LC-LUB-OSC18;JULHO
275756;PERIÓDICA;Lingotamento Contínuo - Lubrificação;Lingotamento Contínuo;2026-07-01;Não Executada;AC2-LC-LUB-OSC19;JULHO
275757;PERIÓDICA;Lingotamento Contínuo - Lubrificação;Lingotamento Contínuo;2026-07-01;Não Executada;AC2-LC-LUB-OSC20;JULHO
275758;PERIÓDICA;Lingotamento Contínuo - Lubrificação;Lingotamento Contínuo;2026-07-06;Executada;AC2-LC-LUB-SED10;JULHO
275759;PERIÓDICA;Lingotamento Contínuo - Lubrificação;Lingotamento Contínuo;2026-07-13;Executada;AC2-LC-LUB-SED10;JULHO
275760;PERIÓDICA;Lingotamento Contínuo - Lubrificação;Lingotamento Contínuo;2026-07-20;Executada;AC2-LC-LUB-SED10;JULHO
275761;PERIÓDICA;Lingotamento Contínuo - Lubrificação;Lingotamento Contínuo;2026-07-27;Executada;AC2-LC-LUB-SED10;JULHO
275762;PERIÓDICA;Lingotamento Contínuo - Lubrificação;Lingotamento Contínuo;2026-07-06;Executada;AC2-LC-LUB-SEQ15;JULHO
275763;PERIÓDICA;Lingotamento Contínuo - Lubrificação;Lingotamento Contínuo;2026-07-13;Executada;AC2-LC-LUB-SEQ15;JULHO
275764;PERIÓDICA;Lingotamento Contínuo - Lubrificação;Lingotamento Contínuo;2026-07-20;Executada;AC2-LC-LUB-SEQ15;JULHO
275765;PERIÓDICA;Lingotamento Contínuo - Lubrificação;Lingotamento Contínuo;2026-07-27;Executada;AC2-LC-LUB-SEQ15;JULHO
275766;PERIÓDICA;Lingotamento Contínuo - Lubrificação;Lingotamento Contínuo;2026-07-01;Executada;AC2-LC-LUB-SIE08;JULHO
275767;PERIÓDICA;Lingotamento Contínuo - Lubrificação;Lingotamento Contínuo;2026-07-17;Executada;AC2-LC-LUB-SIE08;JULHO
275768;PERIÓDICA;Lingotamento Contínuo - Lubrificação;Lingotamento Contínuo;2026-07-01;Executada;AC2-LC-LUB-SIE09;JULHO
275769;PERIÓDICA;Lingotamento Contínuo - Lubrificação;Lingotamento Contínuo;2026-07-17;Executada;AC2-LC-LUB-SIE09;JULHO
275770;PERIÓDICA;Lingotamento Contínuo - Lubrificação;Lingotamento Contínuo;2026-07-01;Executada;AC2-LC-LUB-SIO06;JULHO
275771;PERIÓDICA;Lingotamento Contínuo - Lubrificação;Lingotamento Contínuo;2026-07-06;Executada;AC2-LC-LUB-SOX12;JULHO
275772;PERIÓDICA;Lingotamento Contínuo - Lubrificação;Lingotamento Contínuo;2026-07-13;Executada;AC2-LC-LUB-SOX12;JULHO
275773;PERIÓDICA;Lingotamento Contínuo - Lubrificação;Lingotamento Contínuo;2026-07-20;Executada;AC2-LC-LUB-SOX12;JULHO
275774;PERIÓDICA;Lingotamento Contínuo - Lubrificação;Lingotamento Contínuo;2026-07-27;Executada;AC2-LC-LUB-SOX12;JULHO
275775;PERIÓDICA;Lingotamento Contínuo - Lubrificação;Lingotamento Contínuo;2026-07-22;Executada;AC2-LC-LUB-TOG00;JULHO
275776;PERIÓDICA;Lingotamento Contínuo - Lubrificação;Lingotamento Contínuo;2026-07-01;Executada;AC2-LC-LUB-TOG01;JULHO
275777;PERIÓDICA;Lingotamento Contínuo - Lubrificação;Lingotamento Contínuo;2026-07-17;Executada;AC2-LC-LUB-TOG01;JULHO
275778;PERIÓDICA;Lingotamento Contínuo - Lubrificação;Lingotamento Contínuo;2026-07-22;Executada;AC2-LC-LUB-TOG02;JULHO
275779;PERIÓDICA;Lingotamento Contínuo - Lubrificação;Lingotamento Contínuo;2026-07-01;Executada;AC2-LC-LUB-TOG03;JULHO
275780;PERIÓDICA;Lingotamento Contínuo - Lubrificação;Lingotamento Contínuo;2026-07-17;Executada;AC2-LC-LUB-TOG03;JULHO
275781;PERIÓDICA;Lingotamento Contínuo - Lubrificação;Lingotamento Contínuo;2026-07-01;Não Executada;AC2-LC-LUB-UPR21;JULHO
275782;PERIÓDICA;Lingotamento Contínuo - Lubrificação;Lingotamento Contínuo;2026-07-01;Não Executada;AC2-LC-LUB-UPR22;JULHO
275783;PERIÓDICA;Lingotamento Contínuo - Lubrificação;Lingotamento Contínuo;2026-07-01;Não Executada;AC2-LC-LUB-UPR23;JULHO
275784;PERIÓDICA;Lingotamento Contínuo - Lubrificação;Lingotamento Contínuo;2026-07-01;Não Executada;AC2-LC-LUB-UPR24;JULHO
275491;PERIÓDICA;Pontes Rolantes - Mecânica;Ponte 28;2026-07-26;Executada;AC2-PR28-REV-087;JULHO
275492;PERIÓDICA;Pontes Rolantes - Mecânica;Ponte 28;2026-07-01;Executada;AC2-PR28-REV-088;JULHO
275493;PERIÓDICA;Pontes Rolantes - Mecânica;Ponte 28;2026-07-26;Executada;AC2-PR28-REV-089;JULHO
268916;PERIÓDICA;Refrigeração;Refrigeração;2026-07-28;Executada;AC2-P23-RFG-AR5;JULHO
268918;PERIÓDICA;Refrigeração;Refrigeração;2026-07-28;Executada;AC2-P23-RFG-AR6;JULHO
268920;PERIÓDICA;Refrigeração;Refrigeração;2026-07-28;Executada;AC2-P23-RFG-AR7;JULHO
268938;PERIÓDICA;Refrigeração;Refrigeração;2026-07-27;Executada;AC2-P26-RF-AR13;JULHO
268941;PERIÓDICA;Refrigeração;Refrigeração;2026-07-31;Executada;AC2-P26-RF-AR14;JULHO
268944;PERIÓDICA;Refrigeração;Refrigeração;2026-07-19;Executada;AC2-P27-RF-AR15;JULHO
268947;PERIÓDICA;Refrigeração;Refrigeração;2026-07-19;Executada;AC2-P27-RF-AR16;JULHO
275795;PERIÓDICA;Lingotamento Contínuo - Hidráulica;Lingotamento Contínuo;2026-07-03;Executada;AC2-RE-INH-AQD02;JULHO
275641;PERIÓDICA;Lingotamento Contínuo - Hidráulica;Lingotamento Contínuo;2026-07-31;Executada;AC2-LC-INH-MTT08;JULHO
275646;PERIÓDICA;Lingotamento Contínuo - Hidráulica;Lingotamento Contínuo;2026-07-31;Executada;AC2-LC-INH-SED07;JULHO
275651;PERIÓDICA;Lingotamento Contínuo - Hidráulica;Lingotamento Contínuo;2026-07-31;Executada;AC2-LC-INH-SHI11;JULHO
275799;PERIÓDICA;Lingotamento Contínuo - Hidráulica;Lingotamento Contínuo;2026-07-01;Executada;AC2-RE-INH-AQV00;JULHO
275800;PERIÓDICA;Lingotamento Contínuo - Hidráulica;Lingotamento Contínuo;2026-07-17;Executada;AC2-RE-INH-AQV00;JULHO
275656;PERIÓDICA;Lingotamento Contínuo - Hidráulica;Lingotamento Contínuo;2026-07-30;Executada;AC2-LC-INH-SIO04;JULHO
275662;PERIÓDICA;Lingotamento Contínuo - Hidráulica;Lingotamento Contínuo;2026-07-30;Executada;AC2-LC-INH-TOG00;JULHO
275803;PERIÓDICA;Lingotamento Contínuo - Mecânica;Lingotamento Contínuo;2026-07-01;Executada;AC2-RE-INS-AQD64;JULHO
275804;PERIÓDICA;Lingotamento Contínuo - Mecânica;Lingotamento Contínuo;2026-07-17;Executada;AC2-RE-INS-AQD64;JULHO
275805;PERIÓDICA;Lingotamento Contínuo - Mecânica;Lingotamento Contínuo;2026-07-01;Executada;AC2-RE-INS-AQH63;JULHO
275806;PERIÓDICA;Lingotamento Contínuo - Mecânica;Lingotamento Contínuo;2026-07-17;Executada;AC2-RE-INS-AQH63;JULHO
275807;PERIÓDICA;Lingotamento Contínuo - Mecânica;Lingotamento Contínuo;2026-07-01;Executada;AC2-RE-INS-AQV62;JULHO
275808;PERIÓDICA;Lingotamento Contínuo - Mecânica;Lingotamento Contínuo;2026-07-17;Executada;AC2-RE-INS-AQV62;JULHO
275809;PERIÓDICA;Lingotamento Contínuo - Mecânica;Lingotamento Contínuo;2026-07-01;Executada;AC2-RE-INS-CAR65;JULHO
275810;PERIÓDICA;Lingotamento Contínuo - Mecânica;Lingotamento Contínuo;2026-07-17;Executada;AC2-RE-INS-CAR65;JULHO
275811;PERIÓDICA;Lingotamento Contínuo - Mecânica;Lingotamento Contínuo;2026-07-01;Executada;AC2-RE-INS-CRP68;JULHO
275812;PERIÓDICA;Lingotamento Contínuo - Mecânica;Lingotamento Contínuo;2026-07-01;Executada;AC2-RE-INS-PRD66;JULHO
275813;PERIÓDICA;Lingotamento Contínuo - Mecânica;Lingotamento Contínuo;2026-07-01;Executada;AC2-RE-INS-PRP67;JULHO
275814;PERIÓDICA;Lingotamento Contínuo - Mecânica;Lingotamento Contínuo;2026-07-17;Executada;AC2-RE-INS-PRP67;JULHO
275815;PERIÓDICA;Lingotamento Contínuo - Mecânica;Lingotamento Contínuo;2026-07-01;Executada;AC2-RE-INS-VID69;JULHO
275816;PERIÓDICA;Lingotamento Contínuo - Lubrificação;Lingotamento Contínuo;2026-07-15;Executada;AC2-RE-LUB-AQD27;JULHO
275817;PERIÓDICA;Lingotamento Contínuo - Lubrificação;Lingotamento Contínuo;2026-07-15;Executada;AC2-RE-LUB-AQH26;JULHO
275818;PERIÓDICA;Lingotamento Contínuo - Lubrificação;Lingotamento Contínuo;2026-07-15;Executada;AC2-RE-LUB-AQV25;JULHO
275819;PERIÓDICA;Lingotamento Contínuo - Lubrificação;Lingotamento Contínuo;2026-07-22;Executada;AC2-RE-LUB-CAR28;JULHO
275820;PERIÓDICA;Lingotamento Contínuo - Lubrificação;Lingotamento Contínuo;2026-07-22;Executada;AC2-RE-LUB-EST29;JULHO
275821;PERIÓDICA;Lingotamento Contínuo - Lubrificação;Lingotamento Contínuo;2026-07-01;Executada;AC2-RE-LUB-PAN30;JULHO
275822;PERIÓDICA;Lingotamento Contínuo - Lubrificação;Lingotamento Contínuo;2026-07-01;Executada;AC2-RE-LUB-PAN31;JULHO
275823;PERIÓDICA;Lingotamento Contínuo - Lubrificação;Lingotamento Contínuo;2026-07-01;Executada;AC2-RE-LUB-PAN32;JULHO
275824;PERIÓDICA;Lingotamento Contínuo - Lubrificação;Lingotamento Contínuo;2026-07-01;Executada;AC2-RE-LUB-PAN33;JULHO
275825;PERIÓDICA;Lingotamento Contínuo - Lubrificação;Lingotamento Contínuo;2026-07-01;Executada;AC2-RE-LUB-PAN34;JULHO
275826;PERIÓDICA;Lingotamento Contínuo - Lubrificação;Lingotamento Contínuo;2026-07-01;Executada;AC2-RE-LUB-PAN35;JULHO
275827;PERIÓDICA;Lingotamento Contínuo - Lubrificação;Lingotamento Contínuo;2026-07-02;Executada;AC2-RE-LUB-VID36;JULHO
278959;PERIÓDICA;FEA - Elétrica;FEA;2026-08-01;Executada;AC2-FEA-INS-AT01;AGOSTO
278960;PERIÓDICA;FEA - Elétrica;FEA;2026-08-08;Executada;AC2-FEA-INS-AT01;AGOSTO
278961;PERIÓDICA;FEA - Elétrica;FEA;2026-08-15;Executada;AC2-FEA-INS-AT01;AGOSTO
278962;PERIÓDICA;FEA - Elétrica;FEA;2026-08-22;Executada;AC2-FEA-INS-AT01;AGOSTO
278963;PERIÓDICA;FEA - Elétrica;FEA;2026-08-29;Executada;AC2-FEA-INS-AT01;AGOSTO
278964;PERIÓDICA;FEA - Elétrica;FEA;2026-08-01;Executada;AC2-FEA-INS-AT01;AGOSTO
278965;PERIÓDICA;FEA - Elétrica;FEA;2026-08-01;Executada;AC2-FEA-INS-AT01;AGOSTO
278966;PERIÓDICA;FEA - Elétrica;FEA;2026-08-08;Executada;AC2-FEA-INS-AT01;AGOSTO
278967;PERIÓDICA;FEA - Elétrica;FEA;2026-08-15;Executada;AC2-FEA-INS-AT01;AGOSTO
278968;PERIÓDICA;FEA - Elétrica;FEA;2026-08-22;Executada;AC2-FEA-INS-AT01;AGOSTO
278969;PERIÓDICA;FEA - Elétrica;FEA;2026-08-29;Executada;AC2-FEA-INS-AT01;AGOSTO
278970;PERIÓDICA;FEA - Elétrica;FEA;2026-08-01;Executada;AC2-FEA-INS-AT01;AGOSTO
278971;PERIÓDICA;FEA - Elétrica;FEA;2026-08-01;Executada;AC2-FEA-INS-BR04;AGOSTO
278972;PERIÓDICA;FEA - Elétrica;FEA;2026-08-01;Executada;AC2-FEA-INS-BR04;AGOSTO
278973;PERIÓDICA;FEA - Elétrica;FEA;2026-08-08;Executada;AC2-FEA-INS-BR04;AGOSTO
278974;PERIÓDICA;FEA - Elétrica;FEA;2026-08-15;Executada;AC2-FEA-INS-BR04;AGOSTO
278975;PERIÓDICA;FEA - Elétrica;FEA;2026-08-22;Executada;AC2-FEA-INS-BR04;AGOSTO
278976;PERIÓDICA;FEA - Elétrica;FEA;2026-08-29;Executada;AC2-FEA-INS-BR04;AGOSTO
278977;PERIÓDICA;FEA - Elétrica;FEA;2026-08-01;Executada;AC2-FEA-INS-BR04;AGOSTO
278978;PERIÓDICA;FEA - Elétrica;FEA;2026-08-01;Executada;AC2-FEA-INS-BR04;AGOSTO
278979;PERIÓDICA;FEA - Elétrica;FEA;2026-08-08;Executada;AC2-FEA-INS-BR04;AGOSTO
278980;PERIÓDICA;FEA - Elétrica;FEA;2026-08-15;Executada;AC2-FEA-INS-BR04;AGOSTO
278981;PERIÓDICA;FEA - Elétrica;FEA;2026-08-22;Executada;AC2-FEA-INS-BR04;AGOSTO
278982;PERIÓDICA;FEA - Elétrica;FEA;2026-08-29;Executada;AC2-FEA-INS-BR04;AGOSTO
278983;PERIÓDICA;FEA - Elétrica;FEA;2026-08-01;Executada;AC2-FEA-INS-BR04;AGOSTO
278984;PERIÓDICA;FEA - Elétrica;FEA;2026-08-01;Executada;AC2-FEA-INS-BR05;AGOSTO
278985;PERIÓDICA;FEA - Elétrica;FEA;2026-08-08;Executada;AC2-FEA-INS-BR05;AGOSTO
278986;PERIÓDICA;FEA - Elétrica;FEA;2026-08-15;Executada;AC2-FEA-INS-BR05;AGOSTO
278987;PERIÓDICA;FEA - Elétrica;FEA;2026-08-22;Executada;AC2-FEA-INS-BR05;AGOSTO
278988;PERIÓDICA;FEA - Elétrica;FEA;2026-08-29;Executada;AC2-FEA-INS-BR05;AGOSTO
278989;PERIÓDICA;FEA - Elétrica;FEA;2026-08-01;Executada;AC2-FEA-INS-BR06;AGOSTO
278990;PERIÓDICA;FEA - Elétrica;FEA;2026-08-01;Executada;AC2-FEA-INS-BR06;AGOSTO
278991;PERIÓDICA;FEA - Elétrica;FEA;2026-08-01;Executada;AC2-FEA-INS-CA07;AGOSTO
278992;PERIÓDICA;FEA - Elétrica;FEA;2026-08-22;Executada;AC2-FEA-INS-CA07;AGOSTO
278993;PERIÓDICA;FEA - Hidráulica;FEA;2026-08-01;Executada;AC2-FEA-INS-CI01;AGOSTO
278994;PERIÓDICA;FEA - Hidráulica;FEA;2026-08-01;Executada;AC2-FEA-INS-CI01;AGOSTO
278995;PERIÓDICA;FEA - Hidráulica;FEA;2026-08-17;Executada;AC2-FEA-INS-CI01;AGOSTO
278996;PERIÓDICA;FEA - Hidráulica;FEA;2026-08-01;Executada;AC2-FEA-INS-CI01;AGOSTO
278997;PERIÓDICA;FEA - Hidráulica;FEA;2026-08-01;Executada;AC2-FEA-INS-CI02;AGOSTO
278998;PERIÓDICA;FEA - Hidráulica;FEA;2026-08-01;Executada;AC2-FEA-INS-CI03;AGOSTO
278999;PERIÓDICA;FEA - Hidráulica;FEA;2026-08-01;Executada;AC2-FEA-INS-CI03;AGOSTO
279000;PERIÓDICA;FEA - Hidráulica;FEA;2026-08-22;Executada;AC2-FEA-INS-CI03;AGOSTO
279001;PERIÓDICA;FEA - Elétrica;FEA;2026-08-01;Executada;AC2-FEA-INS-CO09;AGOSTO
279002;PERIÓDICA;FEA - Elétrica;FEA;2026-08-01;Executada;AC2-FEA-INS-PA02;AGOSTO
279003;PERIÓDICA;FEA - Elétrica;FEA;2026-08-01;Executada;AC2-FEA-INS-PA02;AGOSTO
279004;PERIÓDICA;FEA - Elétrica;FEA;2026-08-01;Executada;AC2-FEA-INS-PE08;AGOSTO
279005;PERIÓDICA;FEA - Elétrica;FEA;2026-08-01;Executada;AC2-FEA-INS-SA03;AGOSTO
279006;PERIÓDICA;FEA - Hidráulica;FEA;2026-08-01;Executada;AC2-FEA-INS-SHI1;AGOSTO
279007;PERIÓDICA;FEA - Hidráulica;FEA;2026-08-22;Executada;AC2-FEA-INS-SHI1;AGOSTO
279008;PERIÓDICA;FEA - Lubrificação;FEA;2026-08-01;Executada;AC2-FEA-LUB-AB01;AGOSTO
279009;PERIÓDICA;FEA - Lubrificação;FEA;2026-08-01;Executada;AC2-FEA-LUB-CA12;AGOSTO
279010;PERIÓDICA;FEA - Lubrificação;FEA;2026-08-01;Executada;AC2-FEA-LUB-CE11;AGOSTO
279011;PERIÓDICA;FEA - Lubrificação;FEA;2026-08-01;Executada;AC2-FEA-LUB-CI04;AGOSTO
279012;PERIÓDICA;FEA - Lubrificação;FEA;2026-08-17;Executada;AC2-FEA-LUB-CI04;AGOSTO
279013;PERIÓDICA;FEA - Lubrificação;FEA;2026-08-01;Executada;AC2-FEA-LUB-CI05;AGOSTO
279014;PERIÓDICA;FEA - Lubrificação;FEA;2026-08-17;Executada;AC2-FEA-LUB-CI05;AGOSTO
279015;PERIÓDICA;FEA - Lubrificação;FEA;2026-08-01;Executada;AC2-FEA-LUB-EB06;AGOSTO
279016;PERIÓDICA;FEA - Lubrificação;FEA;2026-08-08;Executada;AC2-FEA-LUB-EB06;AGOSTO
279017;PERIÓDICA;FEA - Lubrificação;FEA;2026-08-15;Executada;AC2-FEA-LUB-EB06;AGOSTO
279018;PERIÓDICA;FEA - Lubrificação;FEA;2026-08-22;Executada;AC2-FEA-LUB-EB06;AGOSTO
279019;PERIÓDICA;FEA - Lubrificação;FEA;2026-08-29;Executada;AC2-FEA-LUB-EB06;AGOSTO
279020;PERIÓDICA;FEA - Lubrificação;FEA;2026-08-01;Executada;AC2-FEA-LUB-PE07;AGOSTO
279021;PERIÓDICA;FEA - Lubrificação;FEA;2026-08-08;Executada;AC2-FEA-LUB-PE07;AGOSTO
279022;PERIÓDICA;FEA - Lubrificação;FEA;2026-08-15;Executada;AC2-FEA-LUB-PE07;AGOSTO
279023;PERIÓDICA;FEA - Lubrificação;FEA;2026-08-22;Executada;AC2-FEA-LUB-PE07;AGOSTO
279024;PERIÓDICA;FEA - Lubrificação;FEA;2026-08-29;Executada;AC2-FEA-LUB-PE07;AGOSTO
279025;PERIÓDICA;FEA - Lubrificação;FEA;2026-08-01;Executada;AC2-FEA-LUB-PO08;AGOSTO
279026;PERIÓDICA;FEA - Lubrificação;FEA;2026-08-08;Executada;AC2-FEA-LUB-PO08;AGOSTO
279027;PERIÓDICA;FEA - Lubrificação;FEA;2026-08-15;Executada;AC2-FEA-LUB-PO08;AGOSTO
279028;PERIÓDICA;FEA - Lubrificação;FEA;2026-08-22;Executada;AC2-FEA-LUB-PO08;AGOSTO
279029;PERIÓDICA;FEA - Lubrificação;FEA;2026-08-29;Executada;AC2-FEA-LUB-PO08;AGOSTO
279030;PERIÓDICA;FEA - Lubrificação;FEA;2026-08-01;Executada;AC2-FEA-LUB-PO13;AGOSTO
279031;PERIÓDICA;FEA - Lubrificação;FEA;2026-08-17;Executada;AC2-FEA-LUB-PO13;AGOSTO
279032;PERIÓDICA;FEA - Lubrificação;FEA;2026-08-01;Executada;AC2-FEA-LUB-PO14;AGOSTO
279033;PERIÓDICA;FEA - Lubrificação;FEA;2026-08-17;Executada;AC2-FEA-LUB-PO14;AGOSTO
279034;PERIÓDICA;FEA - Lubrificação;FEA;2026-08-01;Executada;AC2-FEA-LUB-PO15;AGOSTO
279035;PERIÓDICA;FEA - Lubrificação;FEA;2026-08-08;Executada;AC2-FEA-LUB-PO15;AGOSTO
279036;PERIÓDICA;FEA - Lubrificação;FEA;2026-08-15;Executada;AC2-FEA-LUB-PO15;AGOSTO
279037;PERIÓDICA;FEA - Lubrificação;FEA;2026-08-22;Executada;AC2-FEA-LUB-PO15;AGOSTO
279038;PERIÓDICA;FEA - Lubrificação;FEA;2026-08-29;Executada;AC2-FEA-LUB-PO15;AGOSTO
279039;PERIÓDICA;FEA - Lubrificação;FEA;2026-08-01;Executada;AC2-FEA-LUB-PR09;AGOSTO
279040;PERIÓDICA;Lingotamento Contínuo - Elétrica;Lingotamento Contínuo;2026-08-28;Executada;AC2-LC-IN-CDT-02;AGOSTO
279041;PERIÓDICA;Lingotamento Contínuo - Elétrica;Lingotamento Contínuo;2026-08-27;Executada;AC2-LC-IN-CDT-03;AGOSTO
279042;PERIÓDICA;Lingotamento Contínuo - Elétrica;Lingotamento Contínuo;2026-08-20;Executada;AC2-LC-IN-CMS-08;AGOSTO
279043;PERIÓDICA;Lingotamento Contínuo - Elétrica;Lingotamento Contínuo;2026-08-02;Executada;AC2-LC-IN-CTR-20;AGOSTO
279044;PERIÓDICA;Lingotamento Contínuo - Elétrica;Lingotamento Contínuo;2026-08-18;Executada;AC2-LC-IN-CTR-20;AGOSTO
279045;PERIÓDICA;Lingotamento Contínuo - Elétrica;Lingotamento Contínuo;2026-08-20;Executada;AC2-LC-IN-EXT-09;AGOSTO
279046;PERIÓDICA;Lingotamento Contínuo - Elétrica;Lingotamento Contínuo;2026-08-20;Executada;AC2-LC-IN-EXT-10;AGOSTO
279047;PERIÓDICA;Lingotamento Contínuo - Elétrica;Lingotamento Contínuo;2026-08-20;Executada;AC2-LC-IN-LRE-21;AGOSTO
279048;PERIÓDICA;Lingotamento Contínuo - Elétrica;Lingotamento Contínuo;2026-08-28;Executada;AC2-LC-IN-MGR-17;AGOSTO
279049;PERIÓDICA;Lingotamento Contínuo - Elétrica;Lingotamento Contínuo;2026-08-28;Executada;AC2-LC-IN-MTT-18;AGOSTO
279050;PERIÓDICA;Lingotamento Contínuo - Elétrica;Lingotamento Contínuo;2026-08-03;Executada;AC2-LC-IN-RPM-06;AGOSTO
279051;PERIÓDICA;Lingotamento Contínuo - Elétrica;Lingotamento Contínuo;2026-08-02;Executada;AC2-LC-IN-SED-11;AGOSTO
279052;PERIÓDICA;Lingotamento Contínuo - Elétrica;Lingotamento Contínuo;2026-08-18;Executada;AC2-LC-IN-SED-11;AGOSTO
279053;PERIÓDICA;Lingotamento Contínuo - Elétrica;Lingotamento Contínuo;2026-08-28;Executada;AC2-LC-IN-SED-12;AGOSTO
279054;PERIÓDICA;Lingotamento Contínuo - Elétrica;Lingotamento Contínuo;2026-08-03;Executada;AC2-LC-IN-SHI-23;AGOSTO
279055;PERIÓDICA;Lingotamento Contínuo - Elétrica;Lingotamento Contínuo;2026-08-20;Executada;AC2-LC-IN-SIO-05;AGOSTO
279056;PERIÓDICA;Lingotamento Contínuo - Elétrica;Lingotamento Contínuo;2026-08-20;Executada;AC2-LC-IN-SIQ-19;AGOSTO
279057;PERIÓDICA;Lingotamento Contínuo - Elétrica;Lingotamento Contínuo;2026-08-23;Executada;AC2-LC-IN-SOX-15;AGOSTO
279058;PERIÓDICA;Lingotamento Contínuo - Elétrica;Lingotamento Contínuo;2026-08-03;Executada;AC2-LC-IN-SOX-16;AGOSTO
279059;PERIÓDICA;Lingotamento Contínuo - Elétrica;Lingotamento Contínuo;2026-08-24;Executada;AC2-LC-IN-TOG-00;AGOSTO
279060;PERIÓDICA;Lingotamento Contínuo - Elétrica;Lingotamento Contínuo;2026-08-13;Executada;AC2-LC-IN-TOG-01;AGOSTO
279061;PERIÓDICA;Lingotamento Contínuo - Elétrica;Lingotamento Contínuo;2026-08-29;Executada;AC2-LC-IN-TOG-01;AGOSTO
279062;PERIÓDICA;Lingotamento Contínuo - Elétrica;Lingotamento Contínuo;2026-08-28;Executada;AC2-LC-IN-ULM-07;AGOSTO
279063;PERIÓDICA;Lingotamento Contínuo - Hidráulica;Lingotamento Contínuo;2026-08-03;Executada;AC2-LC-INH-CDT02;AGOSTO
279064;PERIÓDICA;Lingotamento Contínuo - Hidráulica;Lingotamento Contínuo;2026-08-10;Executada;AC2-LC-INH-CDT02;AGOSTO
279065;PERIÓDICA;Lingotamento Contínuo - Hidráulica;Lingotamento Contínuo;2026-08-17;Executada;AC2-LC-INH-CDT02;AGOSTO
279066;PERIÓDICA;Lingotamento Contínuo - Hidráulica;Lingotamento Contínuo;2026-08-24;Executada;AC2-LC-INH-CDT02;AGOSTO
279067;PERIÓDICA;Lingotamento Contínuo - Hidráulica;Lingotamento Contínuo;2026-08-31;Executada;AC2-LC-INH-CDT02;AGOSTO
279068;PERIÓDICA;Lingotamento Contínuo - Hidráulica;Lingotamento Contínuo;2026-08-03;Executada;AC2-LC-INH-CDT03;AGOSTO
279069;PERIÓDICA;Lingotamento Contínuo - Hidráulica;Lingotamento Contínuo;2026-08-10;Executada;AC2-LC-INH-CDT03;AGOSTO
279070;PERIÓDICA;Lingotamento Contínuo - Hidráulica;Lingotamento Contínuo;2026-08-17;Executada;AC2-LC-INH-CDT03;AGOSTO
279071;PERIÓDICA;Lingotamento Contínuo - Hidráulica;Lingotamento Contínuo;2026-08-24;Executada;AC2-LC-INH-CDT03;AGOSTO
279072;PERIÓDICA;Lingotamento Contínuo - Hidráulica;Lingotamento Contínuo;2026-08-31;Executada;AC2-LC-INH-CDT03;AGOSTO
279073;PERIÓDICA;Lingotamento Contínuo - Hidráulica;Lingotamento Contínuo;2026-08-03;Executada;AC2-LC-INH-CTR09;AGOSTO
279074;PERIÓDICA;Lingotamento Contínuo - Hidráulica;Lingotamento Contínuo;2026-08-10;Executada;AC2-LC-INH-CTR09;AGOSTO
279075;PERIÓDICA;Lingotamento Contínuo - Hidráulica;Lingotamento Contínuo;2026-08-17;Executada;AC2-LC-INH-CTR09;AGOSTO
279076;PERIÓDICA;Lingotamento Contínuo - Hidráulica;Lingotamento Contínuo;2026-08-24;Executada;AC2-LC-INH-CTR09;AGOSTO
279077;PERIÓDICA;Lingotamento Contínuo - Hidráulica;Lingotamento Contínuo;2026-08-31;Executada;AC2-LC-INH-CTR09;AGOSTO
279078;PERIÓDICA;Lingotamento Contínuo - Hidráulica;Lingotamento Contínuo;2026-08-03;Executada;AC2-LC-INH-LRE10;AGOSTO
279079;PERIÓDICA;Lingotamento Contínuo - Hidráulica;Lingotamento Contínuo;2026-08-10;Executada;AC2-LC-INH-LRE10;AGOSTO
279080;PERIÓDICA;Lingotamento Contínuo - Hidráulica;Lingotamento Contínuo;2026-08-17;Executada;AC2-LC-INH-LRE10;AGOSTO
279081;PERIÓDICA;Lingotamento Contínuo - Hidráulica;Lingotamento Contínuo;2026-08-24;Executada;AC2-LC-INH-LRE10;AGOSTO
279082;PERIÓDICA;Lingotamento Contínuo - Hidráulica;Lingotamento Contínuo;2026-08-31;Executada;AC2-LC-INH-LRE10;AGOSTO
279083;PERIÓDICA;Lingotamento Contínuo - Hidráulica;Lingotamento Contínuo;2026-08-03;Executada;AC2-LC-INH-MTT08;AGOSTO
279084;PERIÓDICA;Lingotamento Contínuo - Hidráulica;Lingotamento Contínuo;2026-08-10;Executada;AC2-LC-INH-MTT08;AGOSTO
279085;PERIÓDICA;Lingotamento Contínuo - Hidráulica;Lingotamento Contínuo;2026-08-17;Executada;AC2-LC-INH-MTT08;AGOSTO
279086;PERIÓDICA;Lingotamento Contínuo - Hidráulica;Lingotamento Contínuo;2026-08-24;Executada;AC2-LC-INH-MTT08;AGOSTO
279087;PERIÓDICA;Lingotamento Contínuo - Hidráulica;Lingotamento Contínuo;2026-08-31;Executada;AC2-LC-INH-MTT08;AGOSTO
279088;PERIÓDICA;Lingotamento Contínuo - Hidráulica;Lingotamento Contínuo;2026-08-03;Executada;AC2-LC-INH-SED07;AGOSTO
279089;PERIÓDICA;Lingotamento Contínuo - Hidráulica;Lingotamento Contínuo;2026-08-10;Executada;AC2-LC-INH-SED07;AGOSTO
279090;PERIÓDICA;Lingotamento Contínuo - Hidráulica;Lingotamento Contínuo;2026-08-17;Executada;AC2-LC-INH-SED07;AGOSTO
279091;PERIÓDICA;Lingotamento Contínuo - Hidráulica;Lingotamento Contínuo;2026-08-24;Executada;AC2-LC-INH-SED07;AGOSTO
279092;PERIÓDICA;Lingotamento Contínuo - Hidráulica;Lingotamento Contínuo;2026-08-31;Executada;AC2-LC-INH-SED07;AGOSTO
279093;PERIÓDICA;Lingotamento Contínuo - Hidráulica;Lingotamento Contínuo;2026-08-03;Executada;AC2-LC-INH-SHI11;AGOSTO
279094;PERIÓDICA;Lingotamento Contínuo - Hidráulica;Lingotamento Contínuo;2026-08-10;Executada;AC2-LC-INH-SHI11;AGOSTO
279095;PERIÓDICA;Lingotamento Contínuo - Hidráulica;Lingotamento Contínuo;2026-08-17;Executada;AC2-LC-INH-SHI11;AGOSTO
279096;PERIÓDICA;Lingotamento Contínuo - Hidráulica;Lingotamento Contínuo;2026-08-24;Executada;AC2-LC-INH-SHI11;AGOSTO
279097;PERIÓDICA;Lingotamento Contínuo - Hidráulica;Lingotamento Contínuo;2026-08-31;Executada;AC2-LC-INH-SHI11;AGOSTO
279098;PERIÓDICA;Lingotamento Contínuo - Hidráulica;Lingotamento Contínuo;2026-08-03;Executada;AC2-LC-INH-SIO04;AGOSTO
279099;PERIÓDICA;Lingotamento Contínuo - Hidráulica;Lingotamento Contínuo;2026-08-10;Executada;AC2-LC-INH-SIO04;AGOSTO
279100;PERIÓDICA;Lingotamento Contínuo - Hidráulica;Lingotamento Contínuo;2026-08-17;Executada;AC2-LC-INH-SIO04;AGOSTO
279101;PERIÓDICA;Lingotamento Contínuo - Hidráulica;Lingotamento Contínuo;2026-08-24;Executada;AC2-LC-INH-SIO04;AGOSTO
279102;PERIÓDICA;Lingotamento Contínuo - Hidráulica;Lingotamento Contínuo;2026-08-31;Executada;AC2-LC-INH-SIO04;AGOSTO
279103;PERIÓDICA;Lingotamento Contínuo - Hidráulica;Lingotamento Contínuo;2026-08-03;Executada;AC2-LC-INH-TOG00;AGOSTO
279104;PERIÓDICA;Lingotamento Contínuo - Hidráulica;Lingotamento Contínuo;2026-08-10;Executada;AC2-LC-INH-TOG00;AGOSTO
279105;PERIÓDICA;Lingotamento Contínuo - Hidráulica;Lingotamento Contínuo;2026-08-17;Executada;AC2-LC-INH-TOG00;AGOSTO
279106;PERIÓDICA;Lingotamento Contínuo - Hidráulica;Lingotamento Contínuo;2026-08-24;Executada;AC2-LC-INH-TOG00;AGOSTO
279107;PERIÓDICA;Lingotamento Contínuo - Hidráulica;Lingotamento Contínuo;2026-08-31;Executada;AC2-LC-INH-TOG00;AGOSTO
279108;PERIÓDICA;Lingotamento Contínuo - Hidráulica;Lingotamento Contínuo;2026-08-03;Executada;AC2-LC-INH-ULM06;AGOSTO
279109;PERIÓDICA;Lingotamento Contínuo - Hidráulica;Lingotamento Contínuo;2026-08-10;Executada;AC2-LC-INH-ULM06;AGOSTO
279110;PERIÓDICA;Lingotamento Contínuo - Hidráulica;Lingotamento Contínuo;2026-08-17;Executada;AC2-LC-INH-ULM06;AGOSTO
279111;PERIÓDICA;Lingotamento Contínuo - Hidráulica;Lingotamento Contínuo;2026-08-24;Executada;AC2-LC-INH-ULM06;AGOSTO
279112;PERIÓDICA;Lingotamento Contínuo - Hidráulica;Lingotamento Contínuo;2026-08-31;Executada;AC2-LC-INH-ULM06;AGOSTO
279113;PERIÓDICA;Lingotamento Contínuo - Mecânica;Lingotamento Contínuo;2026-08-01;Executada;AC2-LC-INS-CDT33;AGOSTO
279114;PERIÓDICA;Lingotamento Contínuo - Mecânica;Lingotamento Contínuo;2026-08-17;Executada;AC2-LC-INS-CDT33;AGOSTO
279115;PERIÓDICA;Lingotamento Contínuo - Mecânica;Lingotamento Contínuo;2026-08-01;Executada;AC2-LC-INS-CDT34;AGOSTO
279116;PERIÓDICA;Lingotamento Contínuo - Mecânica;Lingotamento Contínuo;2026-08-17;Executada;AC2-LC-INS-CDT34;AGOSTO
279117;PERIÓDICA;Lingotamento Contínuo - Mecânica;Lingotamento Contínuo;2026-08-01;Executada;AC2-LC-INS-CDT70;AGOSTO
279118;PERIÓDICA;Lingotamento Contínuo - Mecânica;Lingotamento Contínuo;2026-08-01;Executada;AC2-LC-INS-CDT71;AGOSTO
279119;PERIÓDICA;Lingotamento Contínuo - Mecânica;Lingotamento Contínuo;2026-08-01;Executada;AC2-LC-INS-CMS48;AGOSTO
279120;PERIÓDICA;Lingotamento Contínuo - Mecânica;Lingotamento Contínuo;2026-08-08;Executada;AC2-LC-INS-CMS48;AGOSTO
279121;PERIÓDICA;Lingotamento Contínuo - Mecânica;Lingotamento Contínuo;2026-08-15;Executada;AC2-LC-INS-CMS48;AGOSTO
279122;PERIÓDICA;Lingotamento Contínuo - Mecânica;Lingotamento Contínuo;2026-08-22;Executada;AC2-LC-INS-CMS48;AGOSTO
279123;PERIÓDICA;Lingotamento Contínuo - Mecânica;Lingotamento Contínuo;2026-08-29;Executada;AC2-LC-INS-CMS48;AGOSTO
279124;PERIÓDICA;Lingotamento Contínuo - Mecânica;Lingotamento Contínuo;2026-08-01;Executada;AC2-LC-INS-CTR58;AGOSTO
279125;PERIÓDICA;Lingotamento Contínuo - Mecânica;Lingotamento Contínuo;2026-08-08;Executada;AC2-LC-INS-CTR58;AGOSTO
279126;PERIÓDICA;Lingotamento Contínuo - Mecânica;Lingotamento Contínuo;2026-08-15;Executada;AC2-LC-INS-CTR58;AGOSTO
279127;PERIÓDICA;Lingotamento Contínuo - Mecânica;Lingotamento Contínuo;2026-08-22;Executada;AC2-LC-INS-CTR58;AGOSTO
279128;PERIÓDICA;Lingotamento Contínuo - Mecânica;Lingotamento Contínuo;2026-08-29;Executada;AC2-LC-INS-CTR58;AGOSTO
279129;PERIÓDICA;Lingotamento Contínuo - Mecânica;Lingotamento Contínuo;2026-08-01;Executada;AC2-LC-INS-ELE61;AGOSTO
279130;PERIÓDICA;Lingotamento Contínuo - Mecânica;Lingotamento Contínuo;2026-08-17;Executada;AC2-LC-INS-ELE61;AGOSTO
279131;PERIÓDICA;Lingotamento Contínuo - Mecânica;Lingotamento Contínuo;2026-08-01;Executada;AC2-LC-INS-ELP60;AGOSTO
279132;PERIÓDICA;Lingotamento Contínuo - Mecânica;Lingotamento Contínuo;2026-08-17;Executada;AC2-LC-INS-ELP60;AGOSTO
279133;PERIÓDICA;Lingotamento Contínuo - Mecânica;Lingotamento Contínuo;2026-08-01;Executada;AC2-LC-INS-LRE59;AGOSTO
279134;PERIÓDICA;Lingotamento Contínuo - Mecânica;Lingotamento Contínuo;2026-08-17;Executada;AC2-LC-INS-LRE59;AGOSTO
279135;PERIÓDICA;Lingotamento Contínuo - Mecânica;Lingotamento Contínuo;2026-08-01;Executada;AC2-LC-INS-MGR55;AGOSTO
279136;PERIÓDICA;Lingotamento Contínuo - Mecânica;Lingotamento Contínuo;2026-08-08;Executada;AC2-LC-INS-MGR55;AGOSTO
279137;PERIÓDICA;Lingotamento Contínuo - Mecânica;Lingotamento Contínuo;2026-08-15;Executada;AC2-LC-INS-MGR55;AGOSTO
279138;PERIÓDICA;Lingotamento Contínuo - Mecânica;Lingotamento Contínuo;2026-08-22;Executada;AC2-LC-INS-MGR55;AGOSTO
279139;PERIÓDICA;Lingotamento Contínuo - Mecânica;Lingotamento Contínuo;2026-08-29;Executada;AC2-LC-INS-MGR55;AGOSTO
279140;PERIÓDICA;Lingotamento Contínuo - Mecânica;Lingotamento Contínuo;2026-08-01;Executada;AC2-LC-INS-MIN53;AGOSTO
279141;PERIÓDICA;Lingotamento Contínuo - Mecânica;Lingotamento Contínuo;2026-08-08;Executada;AC2-LC-INS-MIN53;AGOSTO
279142;PERIÓDICA;Lingotamento Contínuo - Mecânica;Lingotamento Contínuo;2026-08-15;Executada;AC2-LC-INS-MIN53;AGOSTO
279143;PERIÓDICA;Lingotamento Contínuo - Mecânica;Lingotamento Contínuo;2026-08-22;Executada;AC2-LC-INS-MIN53;AGOSTO
279144;PERIÓDICA;Lingotamento Contínuo - Mecânica;Lingotamento Contínuo;2026-08-29;Executada;AC2-LC-INS-MIN53;AGOSTO
279145;PERIÓDICA;Lingotamento Contínuo - Mecânica;Lingotamento Contínuo;2026-08-01;Executada;AC2-LC-INS-MIN53;AGOSTO
279146;PERIÓDICA;Lingotamento Contínuo - Mecânica;Lingotamento Contínuo;2026-08-08;Executada;AC2-LC-INS-MIN53;AGOSTO
279147;PERIÓDICA;Lingotamento Contínuo - Mecânica;Lingotamento Contínuo;2026-08-15;Executada;AC2-LC-INS-MIN53;AGOSTO
279148;PERIÓDICA;Lingotamento Contínuo - Mecânica;Lingotamento Contínuo;2026-08-22;Executada;AC2-LC-INS-MIN53;AGOSTO
279149;PERIÓDICA;Lingotamento Contínuo - Mecânica;Lingotamento Contínuo;2026-08-29;Executada;AC2-LC-INS-MIN53;AGOSTO
279150;PERIÓDICA;Lingotamento Contínuo - Mecânica;Lingotamento Contínuo;2026-08-01;Executada;AC2-LC-INS-MTT56;AGOSTO
279151;PERIÓDICA;Lingotamento Contínuo - Mecânica;Lingotamento Contínuo;2026-08-08;Executada;AC2-LC-INS-MTT56;AGOSTO
279152;PERIÓDICA;Lingotamento Contínuo - Mecânica;Lingotamento Contínuo;2026-08-15;Executada;AC2-LC-INS-MTT56;AGOSTO
279153;PERIÓDICA;Lingotamento Contínuo - Mecânica;Lingotamento Contínuo;2026-08-22;Executada;AC2-LC-INS-MTT56;AGOSTO
279154;PERIÓDICA;Lingotamento Contínuo - Mecânica;Lingotamento Contínuo;2026-08-29;Executada;AC2-LC-INS-MTT56;AGOSTO
279155;PERIÓDICA;Lingotamento Contínuo - Mecânica;Lingotamento Contínuo;2026-08-01;Executada;AC2-LC-INS-SED51;AGOSTO
279156;PERIÓDICA;Lingotamento Contínuo - Mecânica;Lingotamento Contínuo;2026-08-08;Executada;AC2-LC-INS-SED51;AGOSTO
279157;PERIÓDICA;Lingotamento Contínuo - Mecânica;Lingotamento Contínuo;2026-08-15;Executada;AC2-LC-INS-SED51;AGOSTO
279158;PERIÓDICA;Lingotamento Contínuo - Mecânica;Lingotamento Contínuo;2026-08-22;Executada;AC2-LC-INS-SED51;AGOSTO
279159;PERIÓDICA;Lingotamento Contínuo - Mecânica;Lingotamento Contínuo;2026-08-29;Executada;AC2-LC-INS-SED51;AGOSTO
279160;PERIÓDICA;Lingotamento Contínuo - Mecânica;Lingotamento Contínuo;2026-08-03;Executada;AC2-LC-INS-SED52;AGOSTO
279161;PERIÓDICA;Lingotamento Contínuo - Mecânica;Lingotamento Contínuo;2026-08-01;Executada;AC2-LC-INS-SEQ57;AGOSTO
279162;PERIÓDICA;Lingotamento Contínuo - Mecânica;Lingotamento Contínuo;2026-08-08;Executada;AC2-LC-INS-SEQ57;AGOSTO
279163;PERIÓDICA;Lingotamento Contínuo - Mecânica;Lingotamento Contínuo;2026-08-15;Executada;AC2-LC-INS-SEQ57;AGOSTO
279164;PERIÓDICA;Lingotamento Contínuo - Mecânica;Lingotamento Contínuo;2026-08-22;Executada;AC2-LC-INS-SEQ57;AGOSTO
279165;PERIÓDICA;Lingotamento Contínuo - Mecânica;Lingotamento Contínuo;2026-08-29;Executada;AC2-LC-INS-SEQ57;AGOSTO
279166;PERIÓDICA;Lingotamento Contínuo - Mecânica;Lingotamento Contínuo;2026-08-01;Executada;AC2-LC-INS-SIE49;AGOSTO
279167;PERIÓDICA;Lingotamento Contínuo - Mecânica;Lingotamento Contínuo;2026-08-08;Executada;AC2-LC-INS-SIE49;AGOSTO
279168;PERIÓDICA;Lingotamento Contínuo - Mecânica;Lingotamento Contínuo;2026-08-15;Executada;AC2-LC-INS-SIE49;AGOSTO
279169;PERIÓDICA;Lingotamento Contínuo - Mecânica;Lingotamento Contínuo;2026-08-22;Executada;AC2-LC-INS-SIE49;AGOSTO
279170;PERIÓDICA;Lingotamento Contínuo - Mecânica;Lingotamento Contínuo;2026-08-29;Executada;AC2-LC-INS-SIE49;AGOSTO
279171;PERIÓDICA;Lingotamento Contínuo - Mecânica;Lingotamento Contínuo;2026-08-01;Executada;AC2-LC-INS-SIE50;AGOSTO
279172;PERIÓDICA;Lingotamento Contínuo - Mecânica;Lingotamento Contínuo;2026-08-08;Executada;AC2-LC-INS-SIE50;AGOSTO
279173;PERIÓDICA;Lingotamento Contínuo - Mecânica;Lingotamento Contínuo;2026-08-15;Executada;AC2-LC-INS-SIE50;AGOSTO
279174;PERIÓDICA;Lingotamento Contínuo - Mecânica;Lingotamento Contínuo;2026-08-22;Executada;AC2-LC-INS-SIE50;AGOSTO
279175;PERIÓDICA;Lingotamento Contínuo - Mecânica;Lingotamento Contínuo;2026-08-29;Executada;AC2-LC-INS-SIE50;AGOSTO
279176;PERIÓDICA;Lingotamento Contínuo - Mecânica;Lingotamento Contínuo;2026-08-04;Executada;AC2-LC-INS-SIO36;AGOSTO
279177;PERIÓDICA;Lingotamento Contínuo - Mecânica;Lingotamento Contínuo;2026-08-01;Executada;AC2-LC-INS-SOX54;AGOSTO
279178;PERIÓDICA;Lingotamento Contínuo - Mecânica;Lingotamento Contínuo;2026-08-08;Executada;AC2-LC-INS-SOX54;AGOSTO
279179;PERIÓDICA;Lingotamento Contínuo - Mecânica;Lingotamento Contínuo;2026-08-15;Executada;AC2-LC-INS-SOX54;AGOSTO
279180;PERIÓDICA;Lingotamento Contínuo - Mecânica;Lingotamento Contínuo;2026-08-22;Executada;AC2-LC-INS-SOX54;AGOSTO
279181;PERIÓDICA;Lingotamento Contínuo - Mecânica;Lingotamento Contínuo;2026-08-29;Executada;AC2-LC-INS-SOX54;AGOSTO
279182;PERIÓDICA;Lingotamento Contínuo - Mecânica;Lingotamento Contínuo;2026-08-23;Executada;AC2-LC-INS-TOG30;AGOSTO
279183;PERIÓDICA;Lingotamento Contínuo - Lubrificação;Lingotamento Contínuo;2026-08-14;Executada;AC2-LC-LUB-CDT04;AGOSTO
279184;PERIÓDICA;Lingotamento Contínuo - Lubrificação;Lingotamento Contínuo;2026-08-14;Executada;AC2-LC-LUB-CDT05;AGOSTO
279185;PERIÓDICA;Lingotamento Contínuo - Lubrificação;Lingotamento Contínuo;2026-08-01;Executada;AC2-LC-LUB-CMS07;AGOSTO
279186;PERIÓDICA;Lingotamento Contínuo - Lubrificação;Lingotamento Contínuo;2026-08-17;Executada;AC2-LC-LUB-CMS07;AGOSTO
279187;PERIÓDICA;Lingotamento Contínuo - Lubrificação;Lingotamento Contínuo;2026-08-14;Executada;AC2-LC-LUB-CTR16;AGOSTO
279188;PERIÓDICA;Lingotamento Contínuo - Lubrificação;Lingotamento Contínuo;2026-08-14;Executada;AC2-LC-LUB-LRE17;AGOSTO
279189;PERIÓDICA;Lingotamento Contínuo - Lubrificação;Lingotamento Contínuo;2026-08-01;Executada;AC2-LC-LUB-MGR13;AGOSTO
279190;PERIÓDICA;Lingotamento Contínuo - Lubrificação;Lingotamento Contínuo;2026-08-17;Executada;AC2-LC-LUB-MGR13;AGOSTO
279191;PERIÓDICA;Lingotamento Contínuo - Lubrificação;Lingotamento Contínuo;2026-08-03;Executada;AC2-LC-LUB-MIN11;AGOSTO
279192;PERIÓDICA;Lingotamento Contínuo - Lubrificação;Lingotamento Contínuo;2026-08-10;Executada;AC2-LC-LUB-MIN11;AGOSTO
279193;PERIÓDICA;Lingotamento Contínuo - Lubrificação;Lingotamento Contínuo;2026-08-17;Executada;AC2-LC-LUB-MIN11;AGOSTO
279194;PERIÓDICA;Lingotamento Contínuo - Lubrificação;Lingotamento Contínuo;2026-08-24;Executada;AC2-LC-LUB-MIN11;AGOSTO
279195;PERIÓDICA;Lingotamento Contínuo - Lubrificação;Lingotamento Contínuo;2026-08-31;Executada;AC2-LC-LUB-MIN11;AGOSTO
279196;PERIÓDICA;Lingotamento Contínuo - Lubrificação;Lingotamento Contínuo;2026-08-14;Executada;AC2-LC-LUB-MTT14;AGOSTO
279197;PERIÓDICA;Lingotamento Contínuo - Lubrificação;Lingotamento Contínuo;2026-08-01;Executada;AC2-LC-LUB-OSC18;AGOSTO
279198;PERIÓDICA;Lingotamento Contínuo - Lubrificação;Lingotamento Contínuo;2026-08-01;Executada;AC2-LC-LUB-OSC19;AGOSTO
279199;PERIÓDICA;Lingotamento Contínuo - Lubrificação;Lingotamento Contínuo;2026-08-01;Executada;AC2-LC-LUB-OSC20;AGOSTO
279200;PERIÓDICA;Lingotamento Contínuo - Lubrificação;Lingotamento Contínuo;2026-08-03;Executada;AC2-LC-LUB-SED10;AGOSTO
279201;PERIÓDICA;Lingotamento Contínuo - Lubrificação;Lingotamento Contínuo;2026-08-10;Executada;AC2-LC-LUB-SED10;AGOSTO
279202;PERIÓDICA;Lingotamento Contínuo - Lubrificação;Lingotamento Contínuo;2026-08-17;Executada;AC2-LC-LUB-SED10;AGOSTO
279203;PERIÓDICA;Lingotamento Contínuo - Lubrificação;Lingotamento Contínuo;2026-08-24;Executada;AC2-LC-LUB-SED10;AGOSTO
279204;PERIÓDICA;Lingotamento Contínuo - Lubrificação;Lingotamento Contínuo;2026-08-31;Executada;AC2-LC-LUB-SED10;AGOSTO
279205;PERIÓDICA;Lingotamento Contínuo - Lubrificação;Lingotamento Contínuo;2026-08-03;Executada;AC2-LC-LUB-SEQ15;AGOSTO
279206;PERIÓDICA;Lingotamento Contínuo - Lubrificação;Lingotamento Contínuo;2026-08-10;Executada;AC2-LC-LUB-SEQ15;AGOSTO
279207;PERIÓDICA;Lingotamento Contínuo - Lubrificação;Lingotamento Contínuo;2026-08-17;Executada;AC2-LC-LUB-SEQ15;AGOSTO
279208;PERIÓDICA;Lingotamento Contínuo - Lubrificação;Lingotamento Contínuo;2026-08-24;Executada;AC2-LC-LUB-SEQ15;AGOSTO
279209;PERIÓDICA;Lingotamento Contínuo - Lubrificação;Lingotamento Contínuo;2026-08-31;Executada;AC2-LC-LUB-SEQ15;AGOSTO
279210;PERIÓDICA;Lingotamento Contínuo - Lubrificação;Lingotamento Contínuo;2026-08-06;Executada;AC2-LC-LUB-SIE08;AGOSTO
279211;PERIÓDICA;Lingotamento Contínuo - Lubrificação;Lingotamento Contínuo;2026-08-22;Executada;AC2-LC-LUB-SIE08;AGOSTO
279212;PERIÓDICA;Lingotamento Contínuo - Lubrificação;Lingotamento Contínuo;2026-08-06;Executada;AC2-LC-LUB-SIE09;AGOSTO
279213;PERIÓDICA;Lingotamento Contínuo - Lubrificação;Lingotamento Contínuo;2026-08-22;Executada;AC2-LC-LUB-SIE09;AGOSTO
279214;PERIÓDICA;Lingotamento Contínuo - Lubrificação;Lingotamento Contínuo;2026-08-03;Executada;AC2-LC-LUB-SOX12;AGOSTO
279215;PERIÓDICA;Lingotamento Contínuo - Lubrificação;Lingotamento Contínuo;2026-08-10;Executada;AC2-LC-LUB-SOX12;AGOSTO
279216;PERIÓDICA;Lingotamento Contínuo - Lubrificação;Lingotamento Contínuo;2026-08-17;Executada;AC2-LC-LUB-SOX12;AGOSTO
279217;PERIÓDICA;Lingotamento Contínuo - Lubrificação;Lingotamento Contínuo;2026-08-24;Executada;AC2-LC-LUB-SOX12;AGOSTO
279218;PERIÓDICA;Lingotamento Contínuo - Lubrificação;Lingotamento Contínuo;2026-08-31;Executada;AC2-LC-LUB-SOX12;AGOSTO
279219;PERIÓDICA;Lingotamento Contínuo - Lubrificação;Lingotamento Contínuo;2026-08-08;Executada;AC2-LC-LUB-TOG00;AGOSTO
279220;PERIÓDICA;Lingotamento Contínuo - Lubrificação;Lingotamento Contínuo;2026-08-01;Executada;AC2-LC-LUB-TOG01;AGOSTO
279221;PERIÓDICA;Lingotamento Contínuo - Lubrificação;Lingotamento Contínuo;2026-08-17;Executada;AC2-LC-LUB-TOG01;AGOSTO
279222;PERIÓDICA;Lingotamento Contínuo - Lubrificação;Lingotamento Contínuo;2026-08-08;Executada;AC2-LC-LUB-TOG02;AGOSTO
279223;PERIÓDICA;Lingotamento Contínuo - Lubrificação;Lingotamento Contínuo;2026-08-01;Executada;AC2-LC-LUB-TOG03;AGOSTO
279224;PERIÓDICA;Lingotamento Contínuo - Lubrificação;Lingotamento Contínuo;2026-08-17;Executada;AC2-LC-LUB-TOG03;AGOSTO
279225;PERIÓDICA;Lingotamento Contínuo - Lubrificação;Lingotamento Contínuo;2026-08-01;Executada;AC2-LC-LUB-UPR21;AGOSTO
279226;PERIÓDICA;Lingotamento Contínuo - Lubrificação;Lingotamento Contínuo;2026-08-01;Executada;AC2-LC-LUB-UPR22;AGOSTO
279227;PERIÓDICA;Lingotamento Contínuo - Lubrificação;Lingotamento Contínuo;2026-08-01;Executada;AC2-LC-LUB-UPR23;AGOSTO
279228;PERIÓDICA;Lingotamento Contínuo - Lubrificação;Lingotamento Contínuo;2026-08-01;Executada;AC2-LC-LUB-UPR24;AGOSTO
279229;PERIÓDICA;Lingotamento Contínuo - Elétrica;Lingotamento Contínuo;2026-08-26;Executada;AC2-RE-IN-AQD-39;AGOSTO
279230;PERIÓDICA;Lingotamento Contínuo - Elétrica;Lingotamento Contínuo;2026-08-26;Executada;AC2-RE-IN-AQH-38;AGOSTO
279231;PERIÓDICA;Lingotamento Contínuo - Elétrica;Lingotamento Contínuo;2026-08-29;Executada;AC2-RE-IN-AQV-37;AGOSTO
279232;PERIÓDICA;Lingotamento Contínuo - Elétrica;Lingotamento Contínuo;2026-08-24;Executada;AC2-RE-IN-UHI-47;AGOSTO
279233;PERIÓDICA;Lingotamento Contínuo - Elétrica;Lingotamento Contínuo;2026-08-01;Executada;AC2-RE-IN-VID-46;AGOSTO
279234;PERIÓDICA;Lingotamento Contínuo - Hidráulica;Lingotamento Contínuo;2026-08-08;Executada;AC2-RE-INH-AQD02;AGOSTO
279235;PERIÓDICA;Lingotamento Contínuo - Hidráulica;Lingotamento Contínuo;2026-08-24;Executada;AC2-RE-INH-AQD02;AGOSTO
279236;PERIÓDICA;Lingotamento Contínuo - Hidráulica;Lingotamento Contínuo;2026-08-01;Executada;AC2-RE-INH-AQH01;AGOSTO
279237;PERIÓDICA;Lingotamento Contínuo - Hidráulica;Lingotamento Contínuo;2026-08-17;Executada;AC2-RE-INH-AQH01;AGOSTO
279238;PERIÓDICA;Lingotamento Contínuo - Hidráulica;Lingotamento Contínuo;2026-08-01;Executada;AC2-RE-INH-AQV00;AGOSTO
279239;PERIÓDICA;Lingotamento Contínuo - Hidráulica;Lingotamento Contínuo;2026-08-17;Executada;AC2-RE-INH-AQV00;AGOSTO
279240;PERIÓDICA;Lingotamento Contínuo - Hidráulica;Lingotamento Contínuo;2026-08-08;Executada;AC2-RE-INH-UHI03;AGOSTO
279241;PERIÓDICA;Lingotamento Contínuo - Hidráulica;Lingotamento Contínuo;2026-08-24;Executada;AC2-RE-INH-UHI03;AGOSTO
279242;PERIÓDICA;Lingotamento Contínuo - Mecânica;Lingotamento Contínuo;2026-08-01;Executada;AC2-RE-INS-AQD64;AGOSTO
279243;PERIÓDICA;Lingotamento Contínuo - Mecânica;Lingotamento Contínuo;2026-08-17;Executada;AC2-RE-INS-AQD64;AGOSTO
279244;PERIÓDICA;Lingotamento Contínuo - Mecânica;Lingotamento Contínuo;2026-08-01;Executada;AC2-RE-INS-AQH63;AGOSTO
279245;PERIÓDICA;Lingotamento Contínuo - Mecânica;Lingotamento Contínuo;2026-08-17;Executada;AC2-RE-INS-AQH63;AGOSTO
279246;PERIÓDICA;Lingotamento Contínuo - Mecânica;Lingotamento Contínuo;2026-08-01;Executada;AC2-RE-INS-AQV62;AGOSTO
279247;PERIÓDICA;Lingotamento Contínuo - Mecânica;Lingotamento Contínuo;2026-08-17;Executada;AC2-RE-INS-AQV62;AGOSTO
279248;PERIÓDICA;Lingotamento Contínuo - Mecânica;Lingotamento Contínuo;2026-08-01;Executada;AC2-RE-INS-CAR65;AGOSTO
279249;PERIÓDICA;Lingotamento Contínuo - Mecânica;Lingotamento Contínuo;2026-08-17;Executada;AC2-RE-INS-CAR65;AGOSTO
279250;PERIÓDICA;Lingotamento Contínuo - Mecânica;Lingotamento Contínuo;2026-08-08;Executada;AC2-RE-INS-PRP67;AGOSTO
279251;PERIÓDICA;Lingotamento Contínuo - Mecânica;Lingotamento Contínuo;2026-08-24;Executada;AC2-RE-INS-PRP67;AGOSTO
279252;PERIÓDICA;Lingotamento Contínuo - Mecânica;Lingotamento Contínuo;2026-08-05;Executada;AC2-RE-INS-VID69;AGOSTO
279253;PERIÓDICA;Lingotamento Contínuo - Lubrificação;Lingotamento Contínuo;2026-08-15;Executada;AC2-RE-LUB-AQD27;AGOSTO
279254;PERIÓDICA;Lingotamento Contínuo - Lubrificação;Lingotamento Contínuo;2026-08-15;Executada;AC2-RE-LUB-AQH26;AGOSTO
279255;PERIÓDICA;Lingotamento Contínuo - Lubrificação;Lingotamento Contínuo;2026-08-15;Executada;AC2-RE-LUB-AQV25;AGOSTO
279256;PERIÓDICA;Lingotamento Contínuo - Lubrificação;Lingotamento Contínuo;2026-08-06;Executada;AC2-RE-LUB-CAR28;AGOSTO
279257;PERIÓDICA;Lingotamento Contínuo - Lubrificação;Lingotamento Contínuo;2026-08-06;Executada;AC2-RE-LUB-EST29;AGOSTO
279258;PERIÓDICA;Lingotamento Contínuo - Lubrificação;Lingotamento Contínuo;2026-08-06;Executada;AC2-RE-LUB-PAN30;AGOSTO
279259;PERIÓDICA;Lingotamento Contínuo - Lubrificação;Lingotamento Contínuo;2026-08-06;Executada;AC2-RE-LUB-PAN31;AGOSTO
279260;PERIÓDICA;Lingotamento Contínuo - Lubrificação;Lingotamento Contínuo;2026-08-06;Executada;AC2-RE-LUB-PAN32;AGOSTO
279261;PERIÓDICA;Lingotamento Contínuo - Lubrificação;Lingotamento Contínuo;2026-08-06;Executada;AC2-RE-LUB-PAN33;AGOSTO
279262;PERIÓDICA;Lingotamento Contínuo - Lubrificação;Lingotamento Contínuo;2026-08-06;Executada;AC2-RE-LUB-PAN34;AGOSTO
279263;PERIÓDICA;Lingotamento Contínuo - Lubrificação;Lingotamento Contínuo;2026-08-06;Executada;AC2-RE-LUB-PAN35;AGOSTO
279264;PERIÓDICA;Lingotamento Contínuo - Lubrificação;Lingotamento Contínuo;2026-08-06;Executada;AC2-RE-LUB-VID36;AGOSTO
279265;PERIÓDICA;Refrigeração;Refrigeração;2026-08-15;Executada;AC2-P21-RFG-AR1;AGOSTO
279266;PERIÓDICA;Refrigeração;Refrigeração;2026-08-15;Executada;AC2-P21-RFG-AR2;AGOSTO
279267;PERIÓDICA;Refrigeração;Refrigeração;2026-08-16;Executada;AC2-P22-RFG-AR3;AGOSTO
279268;PERIÓDICA;Refrigeração;Refrigeração;2026-08-16;Executada;AC2-P22-RFG-AR4;AGOSTO
279269;PERIÓDICA;Refrigeração;Refrigeração;2026-08-12;Executada;AC2-P23-RFG-AR5;AGOSTO
279270;PERIÓDICA;Refrigeração;Refrigeração;2026-08-28;Executada;AC2-P23-RFG-AR5;AGOSTO
279271;PERIÓDICA;Refrigeração;Refrigeração;2026-08-12;Executada;AC2-P23-RFG-AR6;AGOSTO
279272;PERIÓDICA;Refrigeração;Refrigeração;2026-08-28;Executada;AC2-P23-RFG-AR6;AGOSTO
279273;PERIÓDICA;Refrigeração;Refrigeração;2026-08-12;Executada;AC2-P23-RFG-AR7;AGOSTO
279274;PERIÓDICA;Refrigeração;Refrigeração;2026-08-28;Executada;AC2-P23-RFG-AR7;AGOSTO
279275;PERIÓDICA;Refrigeração;Refrigeração;2026-08-06;Executada;AC2-P24-RF-AR10;AGOSTO
279276;PERIÓDICA;Refrigeração;Refrigeração;2026-08-22;Executada;AC2-P24-RF-AR10;AGOSTO
279277;PERIÓDICA;Refrigeração;Refrigeração;2026-08-06;Não Executada;AC2-P24-RFG-AR8;AGOSTO
279278;PERIÓDICA;Refrigeração;Refrigeração;2026-08-22;Executada;AC2-P24-RFG-AR8;AGOSTO
279279;PERIÓDICA;Refrigeração;Refrigeração;2026-08-06;Executada;AC2-P24-RFG-AR9;AGOSTO
279280;PERIÓDICA;Refrigeração;Refrigeração;2026-08-22;Executada;AC2-P24-RFG-AR9;AGOSTO
279281;PERIÓDICA;Refrigeração;Refrigeração;2026-08-01;Não Executada;AC2-P25-RF-AR11;AGOSTO
279282;PERIÓDICA;Refrigeração;Refrigeração;2026-08-17;Executada;AC2-P25-RF-AR11;AGOSTO
279283;PERIÓDICA;Refrigeração;Refrigeração;2026-08-02;Executada;AC2-P25-RF-AR12;AGOSTO
279284;PERIÓDICA;Refrigeração;Refrigeração;2026-08-18;Executada;AC2-P25-RF-AR12;AGOSTO
279285;PERIÓDICA;Refrigeração;Refrigeração;2026-08-14;Executada;AC2-P26-RF-AR13;AGOSTO
279286;PERIÓDICA;Refrigeração;Refrigeração;2026-08-30;Executada;AC2-P26-RF-AR13;AGOSTO
279287;PERIÓDICA;Refrigeração;Refrigeração;2026-08-14;Executada;AC2-P26-RF-AR14;AGOSTO
279288;PERIÓDICA;Refrigeração;Refrigeração;2026-08-30;Executada;AC2-P26-RF-AR14;AGOSTO
279289;PERIÓDICA;Refrigeração;Refrigeração;2026-08-15;Executada;AC2-P27-RF-AR15;AGOSTO
279290;PERIÓDICA;Refrigeração;Refrigeração;2026-08-31;Executada;AC2-P27-RF-AR15;AGOSTO
279291;PERIÓDICA;Refrigeração;Refrigeração;2026-08-15;Executada;AC2-P27-RF-AR16;AGOSTO
279292;PERIÓDICA;Refrigeração;Refrigeração;2026-08-31;Executada;AC2-P27-RF-AR16;AGOSTO
279293;PERIÓDICA;Pontes Rolantes - Lubrificação;Garra 1;2026-08-13;Executada;AC2-PR-GAR-GAR1;AGOSTO
279294;PERIÓDICA;Pontes Rolantes - Lubrificação;Garra 1;2026-08-29;Executada;AC2-PR-GAR-GAR1;AGOSTO
279295;PERIÓDICA;Pontes Rolantes - Lubrificação;Garra 2;2026-08-02;Executada;AC2-PR-GAR-GAR2;AGOSTO
279296;PERIÓDICA;Pontes Rolantes - Lubrificação;Garra 2;2026-08-18;Executada;AC2-PR-GAR-GAR2;AGOSTO
279297;PERIÓDICA;Pontes Rolantes - Mecânica;Ponte 21;2026-08-09;Executada;AC2-PR21-INSP-00;AGOSTO
279298;PERIÓDICA;Pontes Rolantes - Mecânica;Ponte 21;2026-08-25;Executada;AC2-PR21-INSP-00;AGOSTO
279299;PERIÓDICA;Pontes Rolantes - Mecânica;Ponte 21;2026-08-09;Executada;AC2-PR21-INSP-01;AGOSTO
279300;PERIÓDICA;Pontes Rolantes - Mecânica;Ponte 21;2026-08-25;Executada;AC2-PR21-INSP-01;AGOSTO
279301;PERIÓDICA;Pontes Rolantes - Mecânica;Ponte 21;2026-08-09;Executada;AC2-PR21-INSP-02;AGOSTO
279302;PERIÓDICA;Pontes Rolantes - Mecânica;Ponte 21;2026-08-25;Executada;AC2-PR21-INSP-02;AGOSTO
279303;PERIÓDICA;Pontes Rolantes - Mecânica;Ponte 21;2026-08-09;Executada;AC2-PR21-INSP-03;AGOSTO
279304;PERIÓDICA;Pontes Rolantes - Mecânica;Ponte 21;2026-08-25;Executada;AC2-PR21-INSP-03;AGOSTO
279305;PERIÓDICA;Pontes Rolantes - Mecânica;Ponte 21;2026-08-09;Executada;AC2-PR21-INSP-04;AGOSTO
279306;PERIÓDICA;Pontes Rolantes - Mecânica;Ponte 21;2026-08-25;Executada;AC2-PR21-INSP-04;AGOSTO
279307;PERIÓDICA;Pontes Rolantes - Mecânica;Ponte 21;2026-08-09;Executada;AC2-PR21-INSP-05;AGOSTO
279308;PERIÓDICA;Pontes Rolantes - Mecânica;Ponte 21;2026-08-25;Executada;AC2-PR21-INSP-05;AGOSTO
279309;PERIÓDICA;Pontes Rolantes - Elétrica;Ponte 21;2026-08-01;Executada;AC2-PR21-INSP-45;AGOSTO
279310;PERIÓDICA;Pontes Rolantes - Elétrica;Ponte 21;2026-08-17;Executada;AC2-PR21-INSP-45;AGOSTO
279311;PERIÓDICA;Pontes Rolantes - Elétrica;Ponte 21;2026-08-15;Executada;AC2-PR21-INSP-46;AGOSTO
279312;PERIÓDICA;Pontes Rolantes - Elétrica;Ponte 21;2026-08-31;Executada;AC2-PR21-INSP-46;AGOSTO
279313;PERIÓDICA;Pontes Rolantes - Elétrica;Ponte 21;2026-08-15;Executada;AC2-PR21-INSP-47;AGOSTO
279314;PERIÓDICA;Pontes Rolantes - Elétrica;Ponte 21;2026-08-31;Executada;AC2-PR21-INSP-47;AGOSTO
279315;PERIÓDICA;Pontes Rolantes - Elétrica;Ponte 21;2026-08-15;Executada;AC2-PR21-INSP-48;AGOSTO
279316;PERIÓDICA;Pontes Rolantes - Elétrica;Ponte 21;2026-08-31;Executada;AC2-PR21-INSP-48;AGOSTO
279317;PERIÓDICA;Pontes Rolantes - Elétrica;Ponte 21;2026-08-15;Executada;AC2-PR21-INSP-49;AGOSTO
279318;PERIÓDICA;Pontes Rolantes - Elétrica;Ponte 21;2026-08-31;Executada;AC2-PR21-INSP-49;AGOSTO
279319;PERIÓDICA;Pontes Rolantes - Elétrica;Ponte 21;2026-08-15;Executada;AC2-PR21-INSP-50;AGOSTO
279320;PERIÓDICA;Pontes Rolantes - Elétrica;Ponte 21;2026-08-31;Executada;AC2-PR21-INSP-50;AGOSTO
279321;PERIÓDICA;Pontes Rolantes - Lubrificação;Ponte 21;2026-08-02;Executada;AC2-PR21-LUBR-00;AGOSTO
279322;PERIÓDICA;Pontes Rolantes - Lubrificação;Ponte 21;2026-08-18;Executada;AC2-PR21-LUBR-00;AGOSTO
279323;PERIÓDICA;Pontes Rolantes - Lubrificação;Ponte 21;2026-08-02;Executada;AC2-PR21-LUBR-01;AGOSTO
279324;PERIÓDICA;Pontes Rolantes - Lubrificação;Ponte 21;2026-08-18;Executada;AC2-PR21-LUBR-01;AGOSTO
279325;PERIÓDICA;Pontes Rolantes - Lubrificação;Ponte 21;2026-08-17;Executada;AC2-PR21-LUBR-02;AGOSTO
279326;PERIÓDICA;Pontes Rolantes - Lubrificação;Ponte 21;2026-08-17;Executada;AC2-PR21-LUBR-03;AGOSTO
279327;PERIÓDICA;Pontes Rolantes - Lubrificação;Ponte 21;2026-08-01;Executada;AC2-PR21-LUBR-04;AGOSTO
279328;PERIÓDICA;Pontes Rolantes - Mecânica;Ponte 22;2026-08-01;Executada;AC2-PR22-INSP-06;AGOSTO
279329;PERIÓDICA;Pontes Rolantes - Mecânica;Ponte 22;2026-08-17;Executada;AC2-PR22-INSP-06;AGOSTO
279330;PERIÓDICA;Pontes Rolantes - Mecânica;Ponte 22;2026-08-01;Executada;AC2-PR22-INSP-07;AGOSTO
279331;PERIÓDICA;Pontes Rolantes - Mecânica;Ponte 22;2026-08-17;Executada;AC2-PR22-INSP-07;AGOSTO
279332;PERIÓDICA;Pontes Rolantes - Mecânica;Ponte 22;2026-08-01;Executada;AC2-PR22-INSP-08;AGOSTO
279333;PERIÓDICA;Pontes Rolantes - Mecânica;Ponte 22;2026-08-17;Executada;AC2-PR22-INSP-08;AGOSTO
279334;PERIÓDICA;Pontes Rolantes - Mecânica;Ponte 22;2026-08-01;Executada;AC2-PR22-INSP-09;AGOSTO
279335;PERIÓDICA;Pontes Rolantes - Mecânica;Ponte 22;2026-08-17;Executada;AC2-PR22-INSP-09;AGOSTO
279336;PERIÓDICA;Pontes Rolantes - Mecânica;Ponte 22;2026-08-01;Executada;AC2-PR22-INSP-10;AGOSTO
279337;PERIÓDICA;Pontes Rolantes - Mecânica;Ponte 22;2026-08-17;Executada;AC2-PR22-INSP-10;AGOSTO
279338;PERIÓDICA;Pontes Rolantes - Mecânica;Ponte 22;2026-08-01;Executada;AC2-PR22-INSP-11;AGOSTO
279339;PERIÓDICA;Pontes Rolantes - Mecânica;Ponte 22;2026-08-17;Executada;AC2-PR22-INSP-11;AGOSTO
279340;PERIÓDICA;Pontes Rolantes - Elétrica;Ponte 22;2026-08-04;Executada;AC2-PR22-INSP-51;AGOSTO
279341;PERIÓDICA;Pontes Rolantes - Elétrica;Ponte 22;2026-08-20;Executada;AC2-PR22-INSP-51;AGOSTO
279342;PERIÓDICA;Pontes Rolantes - Elétrica;Ponte 22;2026-08-04;Executada;AC2-PR22-INSP-52;AGOSTO
279343;PERIÓDICA;Pontes Rolantes - Elétrica;Ponte 22;2026-08-20;Executada;AC2-PR22-INSP-52;AGOSTO
279344;PERIÓDICA;Pontes Rolantes - Elétrica;Ponte 22;2026-08-04;Executada;AC2-PR22-INSP-53;AGOSTO
279345;PERIÓDICA;Pontes Rolantes - Elétrica;Ponte 22;2026-08-20;Executada;AC2-PR22-INSP-53;AGOSTO
279346;PERIÓDICA;Pontes Rolantes - Elétrica;Ponte 22;2026-08-04;Executada;AC2-PR22-INSP-54;AGOSTO
279347;PERIÓDICA;Pontes Rolantes - Elétrica;Ponte 22;2026-08-20;Executada;AC2-PR22-INSP-54;AGOSTO
279348;PERIÓDICA;Pontes Rolantes - Elétrica;Ponte 22;2026-08-04;Executada;AC2-PR22-INSP-55;AGOSTO
279349;PERIÓDICA;Pontes Rolantes - Elétrica;Ponte 22;2026-08-20;Executada;AC2-PR22-INSP-55;AGOSTO
279350;PERIÓDICA;Pontes Rolantes - Elétrica;Ponte 22;2026-08-04;Executada;AC2-PR22-INSP-56;AGOSTO
279351;PERIÓDICA;Pontes Rolantes - Elétrica;Ponte 22;2026-08-20;Executada;AC2-PR22-INSP-56;AGOSTO
279352;PERIÓDICA;Pontes Rolantes - Lubrificação;Ponte 22;2026-08-05;Executada;AC2-PR22-LUBR-05;AGOSTO
279353;PERIÓDICA;Pontes Rolantes - Lubrificação;Ponte 22;2026-08-21;Executada;AC2-PR22-LUBR-05;AGOSTO
279354;PERIÓDICA;Pontes Rolantes - Lubrificação;Ponte 22;2026-08-05;Executada;AC2-PR22-LUBR-06;AGOSTO
279355;PERIÓDICA;Pontes Rolantes - Lubrificação;Ponte 22;2026-08-21;Executada;AC2-PR22-LUBR-06;AGOSTO
279356;PERIÓDICA;Pontes Rolantes - Lubrificação;Ponte 22;2026-08-06;Executada;AC2-PR22-LUBR-07;AGOSTO
279357;PERIÓDICA;Pontes Rolantes - Lubrificação;Ponte 22;2026-08-20;Executada;AC2-PR22-LUBR-08;AGOSTO
279358;PERIÓDICA;Pontes Rolantes - Lubrificação;Ponte 22;2026-08-06;Executada;AC2-PR22-LUBR-09;AGOSTO
279359;PERIÓDICA;Pontes Rolantes - Mecânica;Ponte 23;2026-08-12;Executada;AC2-PR23-INSP-12;AGOSTO
279360;PERIÓDICA;Pontes Rolantes - Mecânica;Ponte 23;2026-08-28;Executada;AC2-PR23-INSP-12;AGOSTO
279361;PERIÓDICA;Pontes Rolantes - Mecânica;Ponte 23;2026-08-07;Executada;AC2-PR23-INSP-13;AGOSTO
279362;PERIÓDICA;Pontes Rolantes - Mecânica;Ponte 23;2026-08-23;Executada;AC2-PR23-INSP-13;AGOSTO
279363;PERIÓDICA;Pontes Rolantes - Mecânica;Ponte 23;2026-08-12;Executada;AC2-PR23-INSP-14;AGOSTO
279364;PERIÓDICA;Pontes Rolantes - Mecânica;Ponte 23;2026-08-28;Executada;AC2-PR23-INSP-14;AGOSTO
279365;PERIÓDICA;Pontes Rolantes - Mecânica;Ponte 23;2026-08-09;Executada;AC2-PR23-INSP-15;AGOSTO
279366;PERIÓDICA;Pontes Rolantes - Mecânica;Ponte 23;2026-08-25;Executada;AC2-PR23-INSP-15;AGOSTO
279367;PERIÓDICA;Pontes Rolantes - Mecânica;Ponte 23;2026-08-15;Executada;AC2-PR23-INSP-16;AGOSTO
279368;PERIÓDICA;Pontes Rolantes - Mecânica;Ponte 23;2026-08-31;Executada;AC2-PR23-INSP-16;AGOSTO
279369;PERIÓDICA;Pontes Rolantes - Mecânica;Ponte 23;2026-08-12;Executada;AC2-PR23-INSP-17;AGOSTO
279370;PERIÓDICA;Pontes Rolantes - Mecânica;Ponte 23;2026-08-28;Executada;AC2-PR23-INSP-17;AGOSTO
279371;PERIÓDICA;Pontes Rolantes - Elétrica;Ponte 23;2026-08-06;Executada;AC2-PR23-INSP-57;AGOSTO
279372;PERIÓDICA;Pontes Rolantes - Elétrica;Ponte 23;2026-08-22;Executada;AC2-PR23-INSP-57;AGOSTO
279373;PERIÓDICA;Pontes Rolantes - Elétrica;Ponte 23;2026-08-06;Executada;AC2-PR23-INSP-58;AGOSTO
279374;PERIÓDICA;Pontes Rolantes - Elétrica;Ponte 23;2026-08-22;Executada;AC2-PR23-INSP-58;AGOSTO
279375;PERIÓDICA;Pontes Rolantes - Elétrica;Ponte 23;2026-08-06;Executada;AC2-PR23-INSP-59;AGOSTO
279376;PERIÓDICA;Pontes Rolantes - Elétrica;Ponte 23;2026-08-22;Executada;AC2-PR23-INSP-59;AGOSTO
279377;PERIÓDICA;Pontes Rolantes - Elétrica;Ponte 23;2026-08-06;Executada;AC2-PR23-INSP-60;AGOSTO
279378;PERIÓDICA;Pontes Rolantes - Elétrica;Ponte 23;2026-08-22;Executada;AC2-PR23-INSP-60;AGOSTO
279379;PERIÓDICA;Pontes Rolantes - Elétrica;Ponte 23;2026-08-06;Executada;AC2-PR23-INSP-61;AGOSTO
279380;PERIÓDICA;Pontes Rolantes - Elétrica;Ponte 23;2026-08-22;Executada;AC2-PR23-INSP-61;AGOSTO
279381;PERIÓDICA;Pontes Rolantes - Lubrificação;Ponte 23;2026-08-07;Executada;AC2-PR23-LUBR-10;AGOSTO
279382;PERIÓDICA;Pontes Rolantes - Lubrificação;Ponte 23;2026-08-23;Executada;AC2-PR23-LUBR-10;AGOSTO
279383;PERIÓDICA;Pontes Rolantes - Lubrificação;Ponte 23;2026-08-07;Executada;AC2-PR23-LUBR-11;AGOSTO
279384;PERIÓDICA;Pontes Rolantes - Lubrificação;Ponte 23;2026-08-23;Executada;AC2-PR23-LUBR-11;AGOSTO
279385;PERIÓDICA;Pontes Rolantes - Lubrificação;Ponte 23;2026-08-10;Executada;AC2-PR23-LUBR-12;AGOSTO
279386;PERIÓDICA;Pontes Rolantes - Lubrificação;Ponte 23;2026-08-10;Executada;AC2-PR23-LUBR-13;AGOSTO
279387;PERIÓDICA;Pontes Rolantes - Lubrificação;Ponte 23;2026-08-10;Executada;AC2-PR23-LUBR-14;AGOSTO
279388;PERIÓDICA;Pontes Rolantes - Mecânica;Ponte 24;2026-08-01;Executada;AC2-PR24-INSP-18;AGOSTO
279389;PERIÓDICA;Pontes Rolantes - Mecânica;Ponte 24;2026-08-17;Executada;AC2-PR24-INSP-18;AGOSTO
279390;PERIÓDICA;Pontes Rolantes - Mecânica;Ponte 24;2026-08-12;Executada;AC2-PR24-INSP-19;AGOSTO
279391;PERIÓDICA;Pontes Rolantes - Mecânica;Ponte 24;2026-08-28;Executada;AC2-PR24-INSP-19;AGOSTO
279392;PERIÓDICA;Pontes Rolantes - Mecânica;Ponte 24;2026-08-01;Executada;AC2-PR24-INSP-20;AGOSTO
279393;PERIÓDICA;Pontes Rolantes - Mecânica;Ponte 24;2026-08-17;Executada;AC2-PR24-INSP-20;AGOSTO
279394;PERIÓDICA;Pontes Rolantes - Mecânica;Ponte 24;2026-08-12;Executada;AC2-PR24-INSP-21;AGOSTO
279395;PERIÓDICA;Pontes Rolantes - Mecânica;Ponte 24;2026-08-28;Executada;AC2-PR24-INSP-21;AGOSTO
279396;PERIÓDICA;Pontes Rolantes - Mecânica;Ponte 24;2026-08-12;Executada;AC2-PR24-INSP-22;AGOSTO
279397;PERIÓDICA;Pontes Rolantes - Mecânica;Ponte 24;2026-08-28;Executada;AC2-PR24-INSP-22;AGOSTO
279398;PERIÓDICA;Pontes Rolantes - Mecânica;Ponte 24;2026-08-01;Executada;AC2-PR24-INSP-23;AGOSTO
279399;PERIÓDICA;Pontes Rolantes - Mecânica;Ponte 24;2026-08-17;Executada;AC2-PR24-INSP-23;AGOSTO
279400;PERIÓDICA;Pontes Rolantes - Elétrica;Ponte 24;2026-08-05;Executada;AC2-PR24-INSP-62;AGOSTO
279401;PERIÓDICA;Pontes Rolantes - Elétrica;Ponte 24;2026-08-21;Executada;AC2-PR24-INSP-62;AGOSTO
279402;PERIÓDICA;Pontes Rolantes - Elétrica;Ponte 24;2026-08-05;Executada;AC2-PR24-INSP-63;AGOSTO
279403;PERIÓDICA;Pontes Rolantes - Elétrica;Ponte 24;2026-08-21;Executada;AC2-PR24-INSP-63;AGOSTO
279404;PERIÓDICA;Pontes Rolantes - Elétrica;Ponte 24;2026-08-05;Executada;AC2-PR24-INSP-64;AGOSTO
279405;PERIÓDICA;Pontes Rolantes - Elétrica;Ponte 24;2026-08-21;Executada;AC2-PR24-INSP-64;AGOSTO
279406;PERIÓDICA;Pontes Rolantes - Elétrica;Ponte 24;2026-08-05;Executada;AC2-PR24-INSP-65;AGOSTO
279407;PERIÓDICA;Pontes Rolantes - Elétrica;Ponte 24;2026-08-21;Executada;AC2-PR24-INSP-65;AGOSTO
279408;PERIÓDICA;Pontes Rolantes - Elétrica;Ponte 24;2026-08-05;Executada;AC2-PR24-INSP-66;AGOSTO
279409;PERIÓDICA;Pontes Rolantes - Elétrica;Ponte 24;2026-08-21;Executada;AC2-PR24-INSP-66;AGOSTO
279410;PERIÓDICA;Pontes Rolantes - Mecânica;Ponte 24;2026-08-01;Executada;AC2-PR24-INSP-88;AGOSTO
279411;PERIÓDICA;Pontes Rolantes - Mecânica;Ponte 24;2026-08-02;Executada;AC2-PR24-INSP-88;AGOSTO
279412;PERIÓDICA;Pontes Rolantes - Mecânica;Ponte 24;2026-08-03;Executada;AC2-PR24-INSP-88;AGOSTO
279413;PERIÓDICA;Pontes Rolantes - Mecânica;Ponte 24;2026-08-04;Executada;AC2-PR24-INSP-88;AGOSTO
279414;PERIÓDICA;Pontes Rolantes - Mecânica;Ponte 24;2026-08-05;Executada;AC2-PR24-INSP-88;AGOSTO
279415;PERIÓDICA;Pontes Rolantes - Mecânica;Ponte 24;2026-08-06;Executada;AC2-PR24-INSP-88;AGOSTO
279416;PERIÓDICA;Pontes Rolantes - Mecânica;Ponte 24;2026-08-07;Executada;AC2-PR24-INSP-88;AGOSTO
279417;PERIÓDICA;Pontes Rolantes - Mecânica;Ponte 24;2026-08-08;Executada;AC2-PR24-INSP-88;AGOSTO
279418;PERIÓDICA;Pontes Rolantes - Mecânica;Ponte 24;2026-08-09;Executada;AC2-PR24-INSP-88;AGOSTO
279419;PERIÓDICA;Pontes Rolantes - Mecânica;Ponte 24;2026-08-10;Executada;AC2-PR24-INSP-88;AGOSTO
279420;PERIÓDICA;Pontes Rolantes - Mecânica;Ponte 24;2026-08-11;Executada;AC2-PR24-INSP-88;AGOSTO
279421;PERIÓDICA;Pontes Rolantes - Mecânica;Ponte 24;2026-08-12;Executada;AC2-PR24-INSP-88;AGOSTO
279422;PERIÓDICA;Pontes Rolantes - Mecânica;Ponte 24;2026-08-13;Executada;AC2-PR24-INSP-88;AGOSTO
279423;PERIÓDICA;Pontes Rolantes - Mecânica;Ponte 24;2026-08-14;Executada;AC2-PR24-INSP-88;AGOSTO
279424;PERIÓDICA;Pontes Rolantes - Mecânica;Ponte 24;2026-08-15;Executada;AC2-PR24-INSP-88;AGOSTO
279425;PERIÓDICA;Pontes Rolantes - Mecânica;Ponte 24;2026-08-16;Executada;AC2-PR24-INSP-88;AGOSTO
279426;PERIÓDICA;Pontes Rolantes - Mecânica;Ponte 24;2026-08-17;Executada;AC2-PR24-INSP-88;AGOSTO
279427;PERIÓDICA;Pontes Rolantes - Mecânica;Ponte 24;2026-08-18;Executada;AC2-PR24-INSP-88;AGOSTO
279428;PERIÓDICA;Pontes Rolantes - Mecânica;Ponte 24;2026-08-19;Executada;AC2-PR24-INSP-88;AGOSTO
279429;PERIÓDICA;Pontes Rolantes - Mecânica;Ponte 24;2026-08-20;Executada;AC2-PR24-INSP-88;AGOSTO
279430;PERIÓDICA;Pontes Rolantes - Mecânica;Ponte 24;2026-08-21;Executada;AC2-PR24-INSP-88;AGOSTO
279431;PERIÓDICA;Pontes Rolantes - Mecânica;Ponte 24;2026-08-22;Executada;AC2-PR24-INSP-88;AGOSTO
279432;PERIÓDICA;Pontes Rolantes - Mecânica;Ponte 24;2026-08-23;Executada;AC2-PR24-INSP-88;AGOSTO
279433;PERIÓDICA;Pontes Rolantes - Mecânica;Ponte 24;2026-08-24;Executada;AC2-PR24-INSP-88;AGOSTO
279434;PERIÓDICA;Pontes Rolantes - Mecânica;Ponte 24;2026-08-25;Executada;AC2-PR24-INSP-88;AGOSTO
279435;PERIÓDICA;Pontes Rolantes - Mecânica;Ponte 24;2026-08-26;Executada;AC2-PR24-INSP-88;AGOSTO
279436;PERIÓDICA;Pontes Rolantes - Mecânica;Ponte 24;2026-08-27;Não Executada;AC2-PR24-INSP-88;AGOSTO
279437;PERIÓDICA;Pontes Rolantes - Mecânica;Ponte 24;2026-08-28;Executada;AC2-PR24-INSP-88;AGOSTO
279438;PERIÓDICA;Pontes Rolantes - Mecânica;Ponte 24;2026-08-29;Não Executada;AC2-PR24-INSP-88;AGOSTO
279439;PERIÓDICA;Pontes Rolantes - Mecânica;Ponte 24;2026-08-30;Não Executada;AC2-PR24-INSP-88;AGOSTO
279440;PERIÓDICA;Pontes Rolantes - Mecânica;Ponte 24;2026-08-31;Não Executada;AC2-PR24-INSP-88;AGOSTO
279441;PERIÓDICA;Pontes Rolantes - Lubrificação;Ponte 24;2026-08-06;Não Executada;AC2-PR24-LUBR-15;AGOSTO
279442;PERIÓDICA;Pontes Rolantes - Lubrificação;Ponte 24;2026-08-22;Executada;AC2-PR24-LUBR-15;AGOSTO
279443;PERIÓDICA;Pontes Rolantes - Lubrificação;Ponte 24;2026-08-06;Não Executada;AC2-PR24-LUBR-16;AGOSTO
279444;PERIÓDICA;Pontes Rolantes - Lubrificação;Ponte 24;2026-08-22;Executada;AC2-PR24-LUBR-16;AGOSTO
279445;PERIÓDICA;Pontes Rolantes - Lubrificação;Ponte 24;2026-08-01;Executada;AC2-PR24-LUBR-17;AGOSTO
279446;PERIÓDICA;Pontes Rolantes - Lubrificação;Ponte 24;2026-08-01;Executada;AC2-PR24-LUBR-18;AGOSTO
279447;PERIÓDICA;Pontes Rolantes - Lubrificação;Ponte 24;2026-08-21;Executada;AC2-PR24-LUBR-41;AGOSTO
279448;PERIÓDICA;Pontes Rolantes - Mecânica;Ponte 25;2026-08-08;Executada;AC2-PR25-INSP-24;AGOSTO
279449;PERIÓDICA;Pontes Rolantes - Mecânica;Ponte 25;2026-08-24;Executada;AC2-PR25-INSP-24;AGOSTO
279450;PERIÓDICA;Pontes Rolantes - Mecânica;Ponte 25;2026-08-02;Executada;AC2-PR25-INSP-25;AGOSTO
279451;PERIÓDICA;Pontes Rolantes - Mecânica;Ponte 25;2026-08-18;Executada;AC2-PR25-INSP-25;AGOSTO
279452;PERIÓDICA;Pontes Rolantes - Mecânica;Ponte 25;2026-08-08;Executada;AC2-PR25-INSP-26;AGOSTO
279453;PERIÓDICA;Pontes Rolantes - Mecânica;Ponte 25;2026-08-24;Executada;AC2-PR25-INSP-26;AGOSTO
279454;PERIÓDICA;Pontes Rolantes - Mecânica;Ponte 25;2026-08-08;Executada;AC2-PR25-INSP-27;AGOSTO
279455;PERIÓDICA;Pontes Rolantes - Mecânica;Ponte 25;2026-08-24;Executada;AC2-PR25-INSP-27;AGOSTO
279456;PERIÓDICA;Pontes Rolantes - Mecânica;Ponte 25;2026-08-08;Executada;AC2-PR25-INSP-28;AGOSTO
279457;PERIÓDICA;Pontes Rolantes - Mecânica;Ponte 25;2026-08-24;Executada;AC2-PR25-INSP-28;AGOSTO
279458;PERIÓDICA;Pontes Rolantes - Elétrica;Ponte 25;2026-08-03;Executada;AC2-PR25-INSP-67;AGOSTO
279459;PERIÓDICA;Pontes Rolantes - Elétrica;Ponte 25;2026-08-19;Executada;AC2-PR25-INSP-67;AGOSTO
279460;PERIÓDICA;Pontes Rolantes - Elétrica;Ponte 25;2026-08-03;Executada;AC2-PR25-INSP-68;AGOSTO
279461;PERIÓDICA;Pontes Rolantes - Elétrica;Ponte 25;2026-08-19;Executada;AC2-PR25-INSP-68;AGOSTO
279462;PERIÓDICA;Pontes Rolantes - Elétrica;Ponte 25;2026-08-03;Executada;AC2-PR25-INSP-69;AGOSTO
279463;PERIÓDICA;Pontes Rolantes - Elétrica;Ponte 25;2026-08-19;Executada;AC2-PR25-INSP-69;AGOSTO
279464;PERIÓDICA;Pontes Rolantes - Elétrica;Ponte 25;2026-08-03;Executada;AC2-PR25-INSP-70;AGOSTO
279465;PERIÓDICA;Pontes Rolantes - Elétrica;Ponte 25;2026-08-19;Executada;AC2-PR25-INSP-70;AGOSTO
279466;PERIÓDICA;Pontes Rolantes - Elétrica;Ponte 25;2026-08-03;Executada;AC2-PR25-INSP-71;AGOSTO
279467;PERIÓDICA;Pontes Rolantes - Elétrica;Ponte 25;2026-08-19;Executada;AC2-PR25-INSP-71;AGOSTO
279468;PERIÓDICA;Pontes Rolantes - Lubrificação;Ponte 25;2026-08-08;Executada;AC2-PR25-LUBR-20;AGOSTO
279469;PERIÓDICA;Pontes Rolantes - Lubrificação;Ponte 25;2026-08-24;Executada;AC2-PR25-LUBR-20;AGOSTO
279470;PERIÓDICA;Pontes Rolantes - Lubrificação;Ponte 25;2026-08-08;Executada;AC2-PR25-LUBR-21;AGOSTO
279471;PERIÓDICA;Pontes Rolantes - Lubrificação;Ponte 25;2026-08-24;Executada;AC2-PR25-LUBR-21;AGOSTO
279472;PERIÓDICA;Pontes Rolantes - Lubrificação;Ponte 25;2026-08-08;Executada;AC2-PR25-LUBR-22;AGOSTO
279473;PERIÓDICA;Pontes Rolantes - Lubrificação;Ponte 25;2026-08-08;Executada;AC2-PR25-LUBR-23;AGOSTO
279474;PERIÓDICA;Pontes Rolantes - Lubrificação;Ponte 25;2026-08-08;Executada;AC2-PR25-LUBR-24;AGOSTO
279475;PERIÓDICA;Pontes Rolantes - Mecânica;Ponte 26;2026-08-05;Executada;AC2-PR26-INSP-29;AGOSTO
279476;PERIÓDICA;Pontes Rolantes - Mecânica;Ponte 26;2026-08-21;Executada;AC2-PR26-INSP-29;AGOSTO
279477;PERIÓDICA;Pontes Rolantes - Mecânica;Ponte 26;2026-08-05;Executada;AC2-PR26-INSP-30;AGOSTO
279478;PERIÓDICA;Pontes Rolantes - Mecânica;Ponte 26;2026-08-21;Executada;AC2-PR26-INSP-30;AGOSTO
279479;PERIÓDICA;Pontes Rolantes - Mecânica;Ponte 26;2026-08-05;Executada;AC2-PR26-INSP-31;AGOSTO
279480;PERIÓDICA;Pontes Rolantes - Mecânica;Ponte 26;2026-08-21;Executada;AC2-PR26-INSP-31;AGOSTO
279481;PERIÓDICA;Pontes Rolantes - Mecânica;Ponte 26;2026-08-05;Executada;AC2-PR26-INSP-33;AGOSTO
279482;PERIÓDICA;Pontes Rolantes - Mecânica;Ponte 26;2026-08-21;Executada;AC2-PR26-INSP-33;AGOSTO
279483;PERIÓDICA;Pontes Rolantes - Mecânica;Ponte 26;2026-08-05;Executada;AC2-PR26-INSP-34;AGOSTO
279484;PERIÓDICA;Pontes Rolantes - Mecânica;Ponte 26;2026-08-21;Executada;AC2-PR26-INSP-34;AGOSTO
279485;PERIÓDICA;Pontes Rolantes - Mecânica;Ponte 26;2026-08-05;Executada;AC2-PR26-INSP-35;AGOSTO
279486;PERIÓDICA;Pontes Rolantes - Mecânica;Ponte 26;2026-08-21;Executada;AC2-PR26-INSP-35;AGOSTO
279487;PERIÓDICA;Pontes Rolantes - Elétrica;Ponte 26;2026-08-01;Executada;AC2-PR26-INSP-72;AGOSTO
279488;PERIÓDICA;Pontes Rolantes - Elétrica;Ponte 26;2026-08-17;Executada;AC2-PR26-INSP-72;AGOSTO
279489;PERIÓDICA;Pontes Rolantes - Elétrica;Ponte 26;2026-08-01;Executada;AC2-PR26-INSP-73;AGOSTO
279490;PERIÓDICA;Pontes Rolantes - Elétrica;Ponte 26;2026-08-17;Executada;AC2-PR26-INSP-73;AGOSTO
279491;PERIÓDICA;Pontes Rolantes - Elétrica;Ponte 26;2026-08-01;Executada;AC2-PR26-INSP-74;AGOSTO
279492;PERIÓDICA;Pontes Rolantes - Elétrica;Ponte 26;2026-08-17;Executada;AC2-PR26-INSP-74;AGOSTO
279493;PERIÓDICA;Pontes Rolantes - Elétrica;Ponte 26;2026-08-01;Executada;AC2-PR26-INSP-75;AGOSTO
279494;PERIÓDICA;Pontes Rolantes - Elétrica;Ponte 26;2026-08-17;Executada;AC2-PR26-INSP-75;AGOSTO
279495;PERIÓDICA;Pontes Rolantes - Elétrica;Ponte 26;2026-08-01;Executada;AC2-PR26-INSP-76;AGOSTO
279496;PERIÓDICA;Pontes Rolantes - Elétrica;Ponte 26;2026-08-17;Executada;AC2-PR26-INSP-76;AGOSTO
279497;PERIÓDICA;Pontes Rolantes - Elétrica;Ponte 26;2026-08-01;Executada;AC2-PR26-INSP-77;AGOSTO
279498;PERIÓDICA;Pontes Rolantes - Elétrica;Ponte 26;2026-08-17;Executada;AC2-PR26-INSP-77;AGOSTO
279499;PERIÓDICA;Pontes Rolantes - Lubrificação;Ponte 26;2026-08-14;Executada;AC2-PR26-LUBR-25;AGOSTO
279500;PERIÓDICA;Pontes Rolantes - Lubrificação;Ponte 26;2026-08-30;Executada;AC2-PR26-LUBR-25;AGOSTO
279501;PERIÓDICA;Pontes Rolantes - Lubrificação;Ponte 26;2026-08-14;Executada;AC2-PR26-LUBR-26;AGOSTO
279502;PERIÓDICA;Pontes Rolantes - Lubrificação;Ponte 26;2026-08-30;Executada;AC2-PR26-LUBR-26;AGOSTO
279503;PERIÓDICA;Pontes Rolantes - Lubrificação;Ponte 26;2026-08-16;Executada;AC2-PR26-LUBR-27;AGOSTO
279504;PERIÓDICA;Pontes Rolantes - Lubrificação;Ponte 26;2026-08-16;Executada;AC2-PR26-LUBR-28;AGOSTO
279505;PERIÓDICA;Pontes Rolantes - Lubrificação;Ponte 26;2026-08-16;Executada;AC2-PR26-LUBR-29;AGOSTO
279506;PERIÓDICA;Pontes Rolantes - Lubrificação;Ponte 26;2026-08-13;Executada;AC2-PR26-LUBR-38;AGOSTO
279507;PERIÓDICA;Pontes Rolantes - Lubrificação;Ponte 26;2026-08-29;Executada;AC2-PR26-LUBR-38;AGOSTO
279508;PERIÓDICA;Pontes Rolantes - Lubrificação;Ponte 26;2026-08-12;Executada;AC2-PR26-LUBR-39;AGOSTO
279509;PERIÓDICA;Pontes Rolantes - Lubrificação;Ponte 26;2026-08-28;Executada;AC2-PR26-LUBR-39;AGOSTO
279510;PERIÓDICA;Pontes Rolantes - Mecânica;Ponte 27;2026-08-08;Executada;AC2-PR27-INSP-36;AGOSTO
279511;PERIÓDICA;Pontes Rolantes - Mecânica;Ponte 27;2026-08-24;Executada;AC2-PR27-INSP-36;AGOSTO
279512;PERIÓDICA;Pontes Rolantes - Mecânica;Ponte 27;2026-08-08;Executada;AC2-PR27-INSP-37;AGOSTO
279513;PERIÓDICA;Pontes Rolantes - Mecânica;Ponte 27;2026-08-24;Executada;AC2-PR27-INSP-37;AGOSTO
279514;PERIÓDICA;Pontes Rolantes - Mecânica;Ponte 27;2026-08-08;Executada;AC2-PR27-INSP-38;AGOSTO
279515;PERIÓDICA;Pontes Rolantes - Mecânica;Ponte 27;2026-08-24;Executada;AC2-PR27-INSP-38;AGOSTO
279516;PERIÓDICA;Pontes Rolantes - Mecânica;Ponte 27;2026-08-08;Executada;AC2-PR27-INSP-39;AGOSTO
279517;PERIÓDICA;Pontes Rolantes - Mecânica;Ponte 27;2026-08-24;Executada;AC2-PR27-INSP-39;AGOSTO
279518;PERIÓDICA;Pontes Rolantes - Mecânica;Ponte 27;2026-08-08;Executada;AC2-PR27-INSP-40;AGOSTO
279519;PERIÓDICA;Pontes Rolantes - Mecânica;Ponte 27;2026-08-24;Executada;AC2-PR27-INSP-40;AGOSTO
279520;PERIÓDICA;Pontes Rolantes - Mecânica;Ponte 27;2026-08-08;Executada;AC2-PR27-INSP-41;AGOSTO
279521;PERIÓDICA;Pontes Rolantes - Mecânica;Ponte 27;2026-08-24;Executada;AC2-PR27-INSP-41;AGOSTO
279522;PERIÓDICA;Pontes Rolantes - Elétrica;Ponte 27;2026-08-03;Executada;AC2-PR27-INSP-78;AGOSTO
279523;PERIÓDICA;Pontes Rolantes - Elétrica;Ponte 27;2026-08-19;Executada;AC2-PR27-INSP-78;AGOSTO
279524;PERIÓDICA;Pontes Rolantes - Elétrica;Ponte 27;2026-08-03;Executada;AC2-PR27-INSP-79;AGOSTO
279525;PERIÓDICA;Pontes Rolantes - Elétrica;Ponte 27;2026-08-19;Executada;AC2-PR27-INSP-79;AGOSTO
279526;PERIÓDICA;Pontes Rolantes - Elétrica;Ponte 27;2026-08-03;Executada;AC2-PR27-INSP-80;AGOSTO
279527;PERIÓDICA;Pontes Rolantes - Elétrica;Ponte 27;2026-08-19;Executada;AC2-PR27-INSP-80;AGOSTO
279528;PERIÓDICA;Pontes Rolantes - Elétrica;Ponte 27;2026-08-03;Executada;AC2-PR27-INSP-81;AGOSTO
279529;PERIÓDICA;Pontes Rolantes - Elétrica;Ponte 27;2026-08-19;Executada;AC2-PR27-INSP-81;AGOSTO
279530;PERIÓDICA;Pontes Rolantes - Elétrica;Ponte 27;2026-08-03;Executada;AC2-PR27-INSP-82;AGOSTO
279531;PERIÓDICA;Pontes Rolantes - Elétrica;Ponte 27;2026-08-19;Executada;AC2-PR27-INSP-82;AGOSTO
279532;PERIÓDICA;Pontes Rolantes - Elétrica;Ponte 27;2026-08-03;Executada;AC2-PR27-INSP-83;AGOSTO
279533;PERIÓDICA;Pontes Rolantes - Elétrica;Ponte 27;2026-08-19;Executada;AC2-PR27-INSP-83;AGOSTO
279534;PERIÓDICA;Pontes Rolantes - Lubrificação;Ponte 27;2026-08-12;Executada;AC2-PR27-LUBR-30;AGOSTO
279535;PERIÓDICA;Pontes Rolantes - Lubrificação;Ponte 27;2026-08-28;Executada;AC2-PR27-LUBR-30;AGOSTO
279536;PERIÓDICA;Pontes Rolantes - Lubrificação;Ponte 27;2026-08-12;Executada;AC2-PR27-LUBR-31;AGOSTO
279537;PERIÓDICA;Pontes Rolantes - Lubrificação;Ponte 27;2026-08-28;Executada;AC2-PR27-LUBR-31;AGOSTO
279538;PERIÓDICA;Pontes Rolantes - Lubrificação;Ponte 27;2026-08-03;Executada;AC2-PR27-LUBR-32;AGOSTO
279539;PERIÓDICA;Pontes Rolantes - Lubrificação;Ponte 27;2026-08-03;Executada;AC2-PR27-LUBR-33;AGOSTO
279540;PERIÓDICA;Pontes Rolantes - Lubrificação;Ponte 27;2026-08-27;Executada;AC2-PR27-LUBR-34;AGOSTO
279541;PERIÓDICA;Pontes Rolantes - Mecânica;Ponte 28;2026-08-20;Executada;AC2-PR28-INSP-42;AGOSTO
279542;PERIÓDICA;Pontes Rolantes - Mecânica;Ponte 28;2026-08-20;Executada;AC2-PR28-INSP-43;AGOSTO
279543;PERIÓDICA;Pontes Rolantes - Mecânica;Ponte 28;2026-08-20;Executada;AC2-PR28-INSP-44;AGOSTO
279544;PERIÓDICA;Pontes Rolantes - Lubrificação;Ponte Rolante;2026-08-17;Executada;AC2-REDUT-ELEV1;AGOSTO
279545;PERIÓDICA;Pontes Rolantes - Lubrificação;Ponte Rolante;2026-08-20;Executada;AC2-REDUT-ELEV2;AGOSTO
279546;PERIÓDICA;FEA - Hidráulica;FEA;2026-08-20;Executada;AC2-FEA-PRD-SH01;AGOSTO
279547;PERIÓDICA;FEA - Hidráulica;Forno Elétrico;2026-08-20;Executada;AC2-FP-PRD-SHI01;AGOSTO
279548;PERIÓDICA;Lingotamento Contínuo - Hidráulica;Lingotamento Contínuo;2026-08-20;Executada;AC2-LC-PRD-SHI01;AGOSTO
279549;PERIÓDICA;Lingotamento Contínuo - Hidráulica;Lingotamento Contínuo;2026-08-20;Executada;AC2-LC-PRD-SHI02;AGOSTO
279550;PERIÓDICA;Lingotamento Contínuo - Mecânica;Lingotamento Contínuo;2026-08-01;Executada;AC2-LC-REV-CTR22;AGOSTO
279551;PERIÓDICA;Lingotamento Contínuo - Mecânica;Lingotamento Contínuo;2026-08-17;Executada;AC2-LC-REV-CTR22;AGOSTO
279552;PERIÓDICA;Lingotamento Contínuo - Elétrica;Lingotamento Contínuo;2026-08-01;Executada;AC2-LC-REV-CTR43;AGOSTO
279553;PERIÓDICA;Lingotamento Contínuo - Elétrica;Lingotamento Contínuo;2026-08-08;Executada;AC2-LC-REV-CTR43;AGOSTO
279554;PERIÓDICA;Lingotamento Contínuo - Elétrica;Lingotamento Contínuo;2026-08-15;Executada;AC2-LC-REV-CTR43;AGOSTO
279555;PERIÓDICA;Lingotamento Contínuo - Elétrica;Lingotamento Contínuo;2026-08-22;Executada;AC2-LC-REV-CTR43;AGOSTO
279556;PERIÓDICA;Lingotamento Contínuo - Elétrica;Lingotamento Contínuo;2026-08-29;Executada;AC2-LC-REV-CTR43;AGOSTO
279557;PERIÓDICA;Lingotamento Contínuo - Elétrica;Lingotamento Contínuo;2026-08-06;Executada;AC2-LC-REV-SED37;AGOSTO
279558;PERIÓDICA;Lingotamento Contínuo - Elétrica;Lingotamento Contínuo;2026-08-22;Executada;AC2-LC-REV-SED37;AGOSTO
279559;PERIÓDICA;Lingotamento Contínuo - Elétrica;Lingotamento Contínuo;2026-08-27;Executada;AC2-LC-REV-SED47;AGOSTO
279560;PERIÓDICA;Lingotamento Contínuo - Mecânica;Lingotamento Contínuo;2026-08-01;Executada;AC2-LC-REV-SOX19;AGOSTO
279561;PERIÓDICA;Lingotamento Contínuo - Mecânica;Lingotamento Contínuo;2026-08-17;Executada;AC2-LC-REV-SOX19;AGOSTO
279562;PERIÓDICA;Lingotamento Contínuo - Mecânica;Lingotamento Contínuo;2026-08-01;Executada;AC2-LC-REV-SOX20;AGOSTO
279563;PERIÓDICA;Lingotamento Contínuo - Mecânica;Lingotamento Contínuo;2026-08-17;Executada;AC2-LC-REV-SOX20;AGOSTO
279564;PERIÓDICA;Lingotamento Contínuo - Mecânica;Lingotamento Contínuo;2026-08-01;Executada;AC2-LC-REV-SOX21;AGOSTO
279565;PERIÓDICA;Lingotamento Contínuo - Mecânica;Lingotamento Contínuo;2026-08-17;Executada;AC2-LC-REV-SOX21;AGOSTO
279566;PERIÓDICA;Lingotamento Contínuo - Elétrica;Lingotamento Contínuo;2026-08-01;Executada;AC2-LC-REV-SOX39;AGOSTO
279567;PERIÓDICA;Lingotamento Contínuo - Elétrica;Lingotamento Contínuo;2026-08-17;Executada;AC2-LC-REV-SOX39;AGOSTO
279568;PERIÓDICA;Lingotamento Contínuo - Hidráulica;Lingotamento Contínuo;2026-08-28;Executada;AC2-LC-REV-TOG-0;AGOSTO
279569;PERIÓDICA;Lingotamento Contínuo - Elétrica;Lingotamento Contínuo;2026-08-09;Executada;AC2-LC-REV-TOG28;AGOSTO
279570;PERIÓDICA;Lingotamento Contínuo - Hidráulica;Lingotamento Contínuo;2026-08-20;Executada;AC2-LC-REV-UHO13;AGOSTO
279571;PERIÓDICA;Lingotamento Contínuo - Hidráulica;Lingotamento Contínuo;2026-08-20;Executada;AC2-LC-REV-UHP11;AGOSTO
279572;PERIÓDICA;Lingotamento Contínuo - Elétrica;Lingotamento Contínuo;2026-08-01;Executada;AC2-LC-REV-MPR51;AGOSTO
279573;PERIÓDICA;Lingotamento Contínuo - Elétrica;Lingotamento Contínuo;2026-08-23;Executada;AC2-LC-REV-UHI56;AGOSTO
279574;PERIÓDICA;Lingotamento Contínuo - Elétrica;Lingotamento Contínuo;2026-08-01;Executada;AC2-LC-REV-VID55;AGOSTO
279575;PERIÓDICA;Pontes Rolantes - Mecânica;Ponte 21;2026-08-17;Executada;AC2-PR21-REV-000;AGOSTO
279576;PERIÓDICA;Pontes Rolantes - Mecânica;Ponte 21;2026-08-17;Executada;AC2-PR21-REV-001;AGOSTO
279577;PERIÓDICA;Pontes Rolantes - Mecânica;Ponte 21;2026-08-17;Executada;AC2-PR21-REV-002;AGOSTO
279578;PERIÓDICA;Pontes Rolantes - Mecânica;Ponte 21;2026-08-17;Executada;AC2-PR21-REV-003;AGOSTO
279579;PERIÓDICA;Pontes Rolantes - Mecânica;Ponte 21;2026-08-11;Executada;AC2-PR21-REV-005;AGOSTO
279580;PERIÓDICA;Pontes Rolantes - Mecânica;Ponte 21;2026-08-01;Executada;AC2-PR21-REV-006;AGOSTO
279581;PERIÓDICA;Pontes Rolantes - Mecânica;Ponte 21;2026-08-01;Executada;AC2-PR21-REV-007;AGOSTO
279582;PERIÓDICA;Pontes Rolantes - Elétrica;Ponte 21;2026-08-17;Executada;AC2-PR21-REV-041;AGOSTO
279583;PERIÓDICA;Pontes Rolantes - Elétrica;Ponte 21;2026-08-17;Executada;AC2-PR21-REV-042;AGOSTO
279584;PERIÓDICA;Pontes Rolantes - Elétrica;Ponte 21;2026-08-17;Executada;AC2-PR21-REV-043;AGOSTO
279585;PERIÓDICA;Pontes Rolantes - Elétrica;Ponte 21;2026-08-17;Executada;AC2-PR21-REV-044;AGOSTO
279586;PERIÓDICA;Pontes Rolantes - Elétrica;Ponte 21;2026-08-17;Executada;AC2-PR21-REV-045;AGOSTO
279587;PERIÓDICA;Pontes Rolantes - Elétrica;Ponte 21;2026-08-17;Executada;AC2-PR21-REV-046;AGOSTO
279588;PERIÓDICA;Pontes Rolantes - Mecânica;Ponte 22;2026-08-06;Executada;AC2-PR22-REV-009;AGOSTO
279589;PERIÓDICA;Pontes Rolantes - Mecânica;Ponte 22;2026-08-06;Executada;AC2-PR22-REV-011;AGOSTO
279590;PERIÓDICA;Pontes Rolantes - Mecânica;Ponte 22;2026-08-06;Executada;AC2-PR22-REV-013;AGOSTO
279591;PERIÓDICA;Pontes Rolantes - Mecânica;Ponte 22;2026-08-06;Executada;AC2-PR22-REV-015;AGOSTO
279592;PERIÓDICA;Pontes Rolantes - Mecânica;Ponte 22;2026-08-03;Executada;AC2-PR22-REV-017;AGOSTO
279593;PERIÓDICA;Pontes Rolantes - Elétrica;Ponte 22;2026-08-17;Executada;AC2-PR22-REV-047;AGOSTO
279594;PERIÓDICA;Pontes Rolantes - Elétrica;Ponte 22;2026-08-17;Executada;AC2-PR22-REV-048;AGOSTO
279595;PERIÓDICA;Pontes Rolantes - Elétrica;Ponte 22;2026-08-17;Executada;AC2-PR22-REV-049;AGOSTO
279596;PERIÓDICA;Pontes Rolantes - Elétrica;Ponte 22;2026-08-17;Executada;AC2-PR22-REV-050;AGOSTO
279597;PERIÓDICA;Pontes Rolantes - Elétrica;Ponte 22;2026-08-17;Executada;AC2-PR22-REV-051;AGOSTO
279598;PERIÓDICA;Pontes Rolantes - Elétrica;Ponte 22;2026-08-17;Executada;AC2-PR22-REV-052;AGOSTO
279599;PERIÓDICA;Pontes Rolantes - Mecânica;Ponte 23;2026-08-22;Executada;AC2-PR23-REV-018;AGOSTO
279600;PERIÓDICA;Pontes Rolantes - Mecânica;Ponte 23;2026-08-16;Executada;AC2-PR23-REV-021;AGOSTO
279601;PERIÓDICA;Pontes Rolantes - Mecânica;Ponte 23;2026-08-22;Executada;AC2-PR23-REV-024;AGOSTO
279602;PERIÓDICA;Pontes Rolantes - Mecânica;Ponte 23;2026-08-10;Executada;AC2-PR23-REV-028;AGOSTO
279603;PERIÓDICA;Pontes Rolantes - Elétrica;Ponte 23;2026-08-07;Executada;AC2-PR23-REV-053;AGOSTO
279604;PERIÓDICA;Pontes Rolantes - Elétrica;Ponte 23;2026-08-23;Executada;AC2-PR23-REV-053;AGOSTO
279605;PERIÓDICA;Pontes Rolantes - Elétrica;Ponte 23;2026-08-07;Executada;AC2-PR23-REV-054;AGOSTO
279606;PERIÓDICA;Pontes Rolantes - Elétrica;Ponte 23;2026-08-23;Executada;AC2-PR23-REV-054;AGOSTO
279607;PERIÓDICA;Pontes Rolantes - Elétrica;Ponte 23;2026-08-07;Executada;AC2-PR23-REV-055;AGOSTO
279608;PERIÓDICA;Pontes Rolantes - Elétrica;Ponte 23;2026-08-23;Executada;AC2-PR23-REV-055;AGOSTO
279609;PERIÓDICA;Pontes Rolantes - Elétrica;Ponte 23;2026-08-07;Executada;AC2-PR23-REV-056;AGOSTO
279610;PERIÓDICA;Pontes Rolantes - Elétrica;Ponte 23;2026-08-23;Executada;AC2-PR23-REV-056;AGOSTO
279611;PERIÓDICA;Pontes Rolantes - Elétrica;Ponte 23;2026-08-07;Executada;AC2-PR23-REV-057;AGOSTO
279612;PERIÓDICA;Pontes Rolantes - Elétrica;Ponte 23;2026-08-23;Executada;AC2-PR23-REV-057;AGOSTO
279613;PERIÓDICA;Pontes Rolantes - Mecânica;Ponte 24;2026-08-06;Executada;AC2-PR24-REV-030;AGOSTO
279614;PERIÓDICA;Pontes Rolantes - Mecânica;Ponte 24;2026-08-07;Executada;AC2-PR24-REV-032;AGOSTO
279615;PERIÓDICA;Pontes Rolantes - Mecânica;Ponte 24;2026-08-06;Executada;AC2-PR24-REV-035;AGOSTO
279616;PERIÓDICA;Pontes Rolantes - Mecânica;Ponte 24;2026-08-06;Executada;AC2-PR24-REV-039;AGOSTO
279617;PERIÓDICA;Pontes Rolantes - Elétrica;Ponte 24;2026-08-06;Executada;AC2-PR24-REV-058;AGOSTO
279618;PERIÓDICA;Pontes Rolantes - Elétrica;Ponte 24;2026-08-22;Executada;AC2-PR24-REV-058;AGOSTO
279619;PERIÓDICA;Pontes Rolantes - Elétrica;Ponte 24;2026-08-06;Executada;AC2-PR24-REV-059;AGOSTO
279620;PERIÓDICA;Pontes Rolantes - Elétrica;Ponte 24;2026-08-22;Executada;AC2-PR24-REV-059;AGOSTO
279621;PERIÓDICA;Pontes Rolantes - Elétrica;Ponte 24;2026-08-06;Executada;AC2-PR24-REV-060;AGOSTO
279622;PERIÓDICA;Pontes Rolantes - Elétrica;Ponte 24;2026-08-22;Executada;AC2-PR24-REV-060;AGOSTO
279623;PERIÓDICA;Pontes Rolantes - Elétrica;Ponte 24;2026-08-09;Não Executada;AC2-PR24-REV-061;AGOSTO
279624;PERIÓDICA;Pontes Rolantes - Elétrica;Ponte 24;2026-08-25;Executada;AC2-PR24-REV-061;AGOSTO
279625;PERIÓDICA;Pontes Rolantes - Elétrica;Ponte 24;2026-08-06;Executada;AC2-PR24-REV-062;AGOSTO
279626;PERIÓDICA;Pontes Rolantes - Elétrica;Ponte 24;2026-08-22;Executada;AC2-PR24-REV-062;AGOSTO
279627;PERIÓDICA;Pontes Rolantes - Mecânica;Ponte 25;2026-08-08;Executada;AC2-PR25-REV-063;AGOSTO
279628;PERIÓDICA;Pontes Rolantes - Mecânica;Ponte 25;2026-08-08;Executada;AC2-PR25-REV-065;AGOSTO
279629;PERIÓDICA;Pontes Rolantes - Mecânica;Ponte 25;2026-08-08;Executada;AC2-PR25-REV-067;AGOSTO
279630;PERIÓDICA;Pontes Rolantes - Mecânica;Ponte 25;2026-08-05;Executada;AC2-PR25-REV-070;AGOSTO
279631;PERIÓDICA;Pontes Rolantes - Elétrica;Ponte 25;2026-08-08;Executada;AC2-PR25-REV-091;AGOSTO
279632;PERIÓDICA;Pontes Rolantes - Elétrica;Ponte 25;2026-08-08;Executada;AC2-PR25-REV-092;AGOSTO
279633;PERIÓDICA;Pontes Rolantes - Elétrica;Ponte 25;2026-08-08;Executada;AC2-PR25-REV-093;AGOSTO
279634;PERIÓDICA;Pontes Rolantes - Elétrica;Ponte 25;2026-08-08;Executada;AC2-PR25-REV-094;AGOSTO
279635;PERIÓDICA;Pontes Rolantes - Elétrica;Ponte 25;2026-08-08;Executada;AC2-PR25-REV-095;AGOSTO
279636;PERIÓDICA;Pontes Rolantes - Mecânica;Ponte 26;2026-08-29;Executada;AC2-PR26-REV-071;AGOSTO
279637;PERIÓDICA;Pontes Rolantes - Mecânica;Ponte 26;2026-08-29;Executada;AC2-PR26-REV-073;AGOSTO
279638;PERIÓDICA;Pontes Rolantes - Mecânica;Ponte 26;2026-08-29;Executada;AC2-PR26-REV-075;AGOSTO
279639;PERIÓDICA;Pontes Rolantes - Mecânica;Ponte 26;2026-08-16;Executada;AC2-PR26-REV-078;AGOSTO
279640;PERIÓDICA;Pontes Rolantes - Elétrica;Ponte 26;2026-08-20;Executada;AC2-PR26-REV-096;AGOSTO
279641;PERIÓDICA;Pontes Rolantes - Elétrica;Ponte 26;2026-08-20;Executada;AC2-PR26-REV-097;AGOSTO
279642;PERIÓDICA;Pontes Rolantes - Elétrica;Ponte 26;2026-08-20;Executada;AC2-PR26-REV-098;AGOSTO
279643;PERIÓDICA;Pontes Rolantes - Elétrica;Ponte 26;2026-08-20;Executada;AC2-PR26-REV-099;AGOSTO
279644;PERIÓDICA;Pontes Rolantes - Elétrica;Ponte 26;2026-08-20;Executada;AC2-PR26-REV-100;AGOSTO
279645;PERIÓDICA;Pontes Rolantes - Elétrica;Ponte 26;2026-08-20;Executada;AC2-PR26-REV-101;AGOSTO
279646;PERIÓDICA;Pontes Rolantes - Mecânica;Ponte 26;2026-08-29;Executada;AC2-PR26-REV-112;AGOSTO
279647;PERIÓDICA;Pontes Rolantes - Mecânica;Ponte 27;2026-08-03;Executada;AC2-PR27-REV-079;AGOSTO
279648;PERIÓDICA;Pontes Rolantes - Mecânica;Ponte 27;2026-08-03;Executada;AC2-PR27-REV-081;AGOSTO
279649;PERIÓDICA;Pontes Rolantes - Mecânica;Ponte 27;2026-08-03;Executada;AC2-PR27-REV-083;AGOSTO
279650;PERIÓDICA;Pontes Rolantes - Elétrica;Ponte 27;2026-08-03;Executada;AC2-PR27-REV-102;AGOSTO
279651;PERIÓDICA;Pontes Rolantes - Elétrica;Ponte 27;2026-08-03;Executada;AC2-PR27-REV-103;AGOSTO
279652;PERIÓDICA;Pontes Rolantes - Elétrica;Ponte 27;2026-08-03;Executada;AC2-PR27-REV-104;AGOSTO
279653;PERIÓDICA;Pontes Rolantes - Elétrica;Ponte 27;2026-08-03;Executada;AC2-PR27-REV-105;AGOSTO
279654;PERIÓDICA;Pontes Rolantes - Elétrica;Ponte 27;2026-08-03;Executada;AC2-PR27-REV-106;AGOSTO
279655;PERIÓDICA;Pontes Rolantes - Elétrica;Ponte 27;2026-08-03;Executada;AC2-PR27-REV-107;AGOSTO
279656;PERIÓDICA;Pontes Rolantes - Mecânica;Ponte 27;2026-08-03;Executada;AC2-PR27-REV-113;AGOSTO
279657;PERIÓDICA;Pontes Rolantes - Mecânica;Ponte 28;2026-08-24;Executada;AC2-PR28-REV-087;AGOSTO
279658;PERIÓDICA;Pontes Rolantes - Mecânica;Ponte 28;2026-08-27;Executada;AC2-PR28-REV-088;AGOSTO
279659;PERIÓDICA;Pontes Rolantes - Mecânica;Ponte 28;2026-08-24;Executada;AC2-PR28-REV-089;AGOSTO
260247;PERIÓDICA;Pontes Rolantes - Lubrificação;Ponte 25;2026-04-18;Executada;AC2-PR25-LUBR-21;ABRIL
264885;PERIÓDICA;Pontes Rolantes - Elétrica;Ponte 21;2026-05-01;Não Executada;AC2-PR21-INSP-45;MAIO
264887;PERIÓDICA;Pontes Rolantes - Elétrica;Ponte 21;2026-05-01;Não Executada;AC2-PR21-INSP-46;MAIO
264889;PERIÓDICA;Pontes Rolantes - Elétrica;Ponte 21;2026-05-01;Não Executada;AC2-PR21-INSP-47;MAIO
264891;PERIÓDICA;Pontes Rolantes - Elétrica;Ponte 21;2026-05-01;Não Executada;AC2-PR21-INSP-48;MAIO
264893;PERIÓDICA;Pontes Rolantes - Elétrica;Ponte 21;2026-05-01;Não Executada;AC2-PR21-INSP-49;MAIO
264895;PERIÓDICA;Pontes Rolantes - Elétrica;Ponte 21;2026-05-01;Não Executada;AC2-PR21-INSP-50;MAIO
264910;PERIÓDICA;Pontes Rolantes - Elétrica;Ponte 22;2026-05-01;Não Executada;AC2-PR22-INSP-51;MAIO
264912;PERIÓDICA;Pontes Rolantes - Elétrica;Ponte 22;2026-05-01;Não Executada;AC2-PR22-INSP-52;MAIO
264914;PERIÓDICA;Pontes Rolantes - Elétrica;Ponte 22;2026-05-01;Não Executada;AC2-PR22-INSP-53;MAIO
264916;PERIÓDICA;Pontes Rolantes - Elétrica;Ponte 22;2026-05-01;Não Executada;AC2-PR22-INSP-54;MAIO
264918;PERIÓDICA;Pontes Rolantes - Elétrica;Ponte 22;2026-05-01;Não Executada;AC2-PR22-INSP-55;MAIO
264920;PERIÓDICA;Pontes Rolantes - Elétrica;Ponte 22;2026-05-01;Não Executada;AC2-PR22-INSP-56;MAIO
264935;PERIÓDICA;Pontes Rolantes - Elétrica;Ponte 23;2026-05-01;Não Executada;AC2-PR23-INSP-57;MAIO
264937;PERIÓDICA;Pontes Rolantes - Elétrica;Ponte 23;2026-05-01;Não Executada;AC2-PR23-INSP-58;MAIO
264939;PERIÓDICA;Pontes Rolantes - Elétrica;Ponte 23;2026-05-01;Não Executada;AC2-PR23-INSP-59;MAIO
264941;PERIÓDICA;Pontes Rolantes - Elétrica;Ponte 23;2026-05-01;Não Executada;AC2-PR23-INSP-60;MAIO
264943;PERIÓDICA;Pontes Rolantes - Elétrica;Ponte 23;2026-05-01;Não Executada;AC2-PR23-INSP-61;MAIO
264953;PERIÓDICA;Pontes Rolantes - Elétrica;Ponte 24;2026-05-01;Não Executada;AC2-PR24-INSP-62;MAIO
264955;PERIÓDICA;Pontes Rolantes - Elétrica;Ponte 24;2026-05-01;Não Executada;AC2-PR24-INSP-63;MAIO
264957;PERIÓDICA;Pontes Rolantes - Elétrica;Ponte 24;2026-05-01;Não Executada;AC2-PR24-INSP-64;MAIO
264959;PERIÓDICA;Pontes Rolantes - Elétrica;Ponte 24;2026-05-01;Não Executada;AC2-PR24-INSP-65;MAIO
264961;PERIÓDICA;Pontes Rolantes - Elétrica;Ponte 24;2026-05-01;Não Executada;AC2-PR24-INSP-66;MAIO
264974;PERIÓDICA;Pontes Rolantes - Elétrica;Ponte 25;2026-05-01;Não Executada;AC2-PR25-INSP-67;MAIO
264976;PERIÓDICA;Pontes Rolantes - Elétrica;Ponte 25;2026-05-01;Não Executada;AC2-PR25-INSP-68;MAIO
264978;PERIÓDICA;Pontes Rolantes - Elétrica;Ponte 25;2026-05-01;Não Executada;AC2-PR25-INSP-69;MAIO
264980;PERIÓDICA;Pontes Rolantes - Elétrica;Ponte 25;2026-05-01;Não Executada;AC2-PR25-INSP-70;MAIO
264982;PERIÓDICA;Pontes Rolantes - Elétrica;Ponte 25;2026-05-01;Não Executada;AC2-PR25-INSP-71;MAIO
264996;PERIÓDICA;Pontes Rolantes - Elétrica;Ponte 26;2026-05-01;Não Executada;AC2-PR26-INSP-72;MAIO
264998;PERIÓDICA;Pontes Rolantes - Elétrica;Ponte 26;2026-05-01;Não Executada;AC2-PR26-INSP-73;MAIO
265000;PERIÓDICA;Pontes Rolantes - Elétrica;Ponte 26;2026-05-01;Não Executada;AC2-PR26-INSP-74;MAIO
265002;PERIÓDICA;Pontes Rolantes - Elétrica;Ponte 26;2026-05-01;Não Executada;AC2-PR26-INSP-75;MAIO
265004;PERIÓDICA;Pontes Rolantes - Elétrica;Ponte 26;2026-05-01;Não Executada;AC2-PR26-INSP-76;MAIO
265006;PERIÓDICA;Pontes Rolantes - Elétrica;Ponte 26;2026-05-01;Não Executada;AC2-PR26-INSP-77;MAIO
265021;PERIÓDICA;Pontes Rolantes - Elétrica;Ponte 27;2026-05-01;Não Executada;AC2-PR27-INSP-78;MAIO
265023;PERIÓDICA;Pontes Rolantes - Elétrica;Ponte 27;2026-05-01;Não Executada;AC2-PR27-INSP-79;MAIO
265025;PERIÓDICA;Pontes Rolantes - Elétrica;Ponte 27;2026-05-01;Não Executada;AC2-PR27-INSP-80;MAIO
265027;PERIÓDICA;Pontes Rolantes - Elétrica;Ponte 27;2026-05-01;Não Executada;AC2-PR27-INSP-81;MAIO
265029;PERIÓDICA;Pontes Rolantes - Elétrica;Ponte 27;2026-05-01;Não Executada;AC2-PR27-INSP-82;MAIO
265031;PERIÓDICA;Pontes Rolantes - Elétrica;Ponte 27;2026-05-01;Não Executada;AC2-PR27-INSP-83;MAIO
265113;PERIÓDICA;Pontes Rolantes - Elétrica;Ponte 21;2026-05-01;Não Executada;AC2-PR21-REV-041;MAIO
265114;PERIÓDICA;Pontes Rolantes - Elétrica;Ponte 21;2026-05-01;Não Executada;AC2-PR21-REV-042;MAIO
265116;PERIÓDICA;Pontes Rolantes - Elétrica;Ponte 21;2026-05-01;Não Executada;AC2-PR21-REV-044;MAIO
265117;PERIÓDICA;Pontes Rolantes - Elétrica;Ponte 21;2026-05-01;Não Executada;AC2-PR21-REV-045;MAIO
265118;PERIÓDICA;Pontes Rolantes - Elétrica;Ponte 21;2026-05-01;Não Executada;AC2-PR21-REV-046;MAIO
265127;PERIÓDICA;Pontes Rolantes - Elétrica;Ponte 22;2026-05-01;Não Executada;AC2-PR22-REV-047;MAIO
265128;PERIÓDICA;Pontes Rolantes - Elétrica;Ponte 22;2026-05-01;Não Executada;AC2-PR22-REV-048;MAIO
265129;PERIÓDICA;Pontes Rolantes - Elétrica;Ponte 22;2026-05-01;Não Executada;AC2-PR22-REV-049;MAIO
265130;PERIÓDICA;Pontes Rolantes - Elétrica;Ponte 22;2026-05-01;Não Executada;AC2-PR22-REV-050;MAIO
265131;PERIÓDICA;Pontes Rolantes - Elétrica;Ponte 22;2026-05-01;Não Executada;AC2-PR22-REV-051;MAIO
265132;PERIÓDICA;Pontes Rolantes - Elétrica;Ponte 22;2026-05-01;Não Executada;AC2-PR22-REV-052;MAIO
265139;PERIÓDICA;Pontes Rolantes - Elétrica;Ponte 23;2026-05-01;Não Executada;AC2-PR23-REV-053;MAIO
265141;PERIÓDICA;Pontes Rolantes - Elétrica;Ponte 23;2026-05-01;Não Executada;AC2-PR23-REV-054;MAIO
265143;PERIÓDICA;Pontes Rolantes - Elétrica;Ponte 23;2026-05-01;Não Executada;AC2-PR23-REV-055;MAIO
265147;PERIÓDICA;Pontes Rolantes - Elétrica;Ponte 23;2026-05-01;Não Executada;AC2-PR23-REV-057;MAIO
265156;PERIÓDICA;Pontes Rolantes - Elétrica;Ponte 24;2026-05-01;Não Executada;AC2-PR24-REV-058;MAIO
265158;PERIÓDICA;Pontes Rolantes - Elétrica;Ponte 24;2026-05-01;Não Executada;AC2-PR24-REV-059;MAIO
265160;PERIÓDICA;Pontes Rolantes - Elétrica;Ponte 24;2026-05-01;Não Executada;AC2-PR24-REV-060;MAIO
265162;PERIÓDICA;Pontes Rolantes - Elétrica;Ponte 24;2026-05-01;Não Executada;AC2-PR24-REV-061;MAIO
265164;PERIÓDICA;Pontes Rolantes - Elétrica;Ponte 24;2026-05-01;Não Executada;AC2-PR24-REV-062;MAIO
265174;PERIÓDICA;Pontes Rolantes - Elétrica;Ponte 25;2026-05-01;Não Executada;AC2-PR25-REV-091;MAIO
265175;PERIÓDICA;Pontes Rolantes - Elétrica;Ponte 25;2026-05-01;Não Executada;AC2-PR25-REV-092;MAIO
265176;PERIÓDICA;Pontes Rolantes - Elétrica;Ponte 25;2026-05-01;Não Executada;AC2-PR25-REV-093;MAIO
265177;PERIÓDICA;Pontes Rolantes - Elétrica;Ponte 25;2026-05-01;Não Executada;AC2-PR25-REV-094;MAIO
265178;PERIÓDICA;Pontes Rolantes - Elétrica;Ponte 25;2026-05-01;Não Executada;AC2-PR25-REV-095;MAIO
265187;PERIÓDICA;Pontes Rolantes - Elétrica;Ponte 26;2026-05-01;Não Executada;AC2-PR26-REV-096;MAIO
265188;PERIÓDICA;Pontes Rolantes - Elétrica;Ponte 26;2026-05-01;Não Executada;AC2-PR26-REV-097;MAIO
265189;PERIÓDICA;Pontes Rolantes - Elétrica;Ponte 26;2026-05-01;Não Executada;AC2-PR26-REV-098;MAIO
265190;PERIÓDICA;Pontes Rolantes - Elétrica;Ponte 26;2026-05-01;Não Executada;AC2-PR26-REV-099;MAIO
265191;PERIÓDICA;Pontes Rolantes - Elétrica;Ponte 26;2026-05-01;Não Executada;AC2-PR26-REV-100;MAIO
265192;PERIÓDICA;Pontes Rolantes - Elétrica;Ponte 26;2026-05-01;Não Executada;AC2-PR26-REV-101;MAIO
265202;PERIÓDICA;Pontes Rolantes - Elétrica;Ponte 27;2026-05-01;Não Executada;AC2-PR27-REV-102;MAIO
265203;PERIÓDICA;Pontes Rolantes - Elétrica;Ponte 27;2026-05-01;Não Executada;AC2-PR27-REV-103;MAIO
265204;PERIÓDICA;Pontes Rolantes - Elétrica;Ponte 27;2026-05-01;Não Executada;AC2-PR27-REV-104;MAIO
265205;PERIÓDICA;Pontes Rolantes - Elétrica;Ponte 27;2026-05-01;Não Executada;AC2-PR27-REV-105;MAIO
265206;PERIÓDICA;Pontes Rolantes - Elétrica;Ponte 27;2026-05-01;Não Executada;AC2-PR27-REV-106;MAIO
265207;PERIÓDICA;Pontes Rolantes - Elétrica;Ponte 27;2026-05-01;Não Executada;AC2-PR27-REV-107;MAIO
265213;PERIÓDICA;Pontes Rolantes - Elétrica;Ponte 28;2026-05-01;Não Executada;AC2-PR28-REV-108;MAIO
265214;PERIÓDICA;Pontes Rolantes - Elétrica;Ponte 28;2026-05-01;Não Executada;AC2-PR28-REV-109;MAIO
265215;PERIÓDICA;Pontes Rolantes - Elétrica;Ponte 28;2026-05-01;Não Executada;AC2-PR28-REV-110;MAIO
265216;PERIÓDICA;Pontes Rolantes - Elétrica;Ponte 28;2026-05-01;Não Executada;AC2-PR28-REV-111;MAIO
268948;PERIÓDICA;Pontes Rolantes - Lubrificação;Garra 1;2026-06-19;Executada;AC2-PR-GAR-GAR1;JUNHO
268996;PERIÓDICA;Pontes Rolantes - Mecânica;Ponte 22;2026-06-24;Não Executada;AC2-PR22-INSP-06;JUNHO
268999;PERIÓDICA;Pontes Rolantes - Mecânica;Ponte 22;2026-06-22;Não Executada;AC2-PR22-INSP-07;JUNHO
269002;PERIÓDICA;Pontes Rolantes - Mecânica;Ponte 22;2026-06-19;Executada;AC2-PR22-INSP-08;JUNHO
269005;PERIÓDICA;Pontes Rolantes - Mecânica;Ponte 22;2026-06-19;Não Executada;AC2-PR22-INSP-09;JUNHO
269008;PERIÓDICA;Pontes Rolantes - Mecânica;Ponte 22;2026-06-21;Não Executada;AC2-PR22-INSP-10;JUNHO
269011;PERIÓDICA;Pontes Rolantes - Mecânica;Ponte 22;2026-06-24;Não Executada;AC2-PR22-INSP-11;JUNHO
284926;PERIÓDICA;FEA - Elétrica;FEA;2026-09-01;Executada;AC2-FEA-INS-RE1;SETEMBRO
284927;PERIÓDICA;FEA - Elétrica;FEA;2026-09-01;Executada;AC2-FEA-INS-AT01;SETEMBRO
284928;PERIÓDICA;FEA - Elétrica;FEA;2026-09-08;Executada;AC2-FEA-INS-AT01;SETEMBRO
284929;PERIÓDICA;FEA - Elétrica;FEA;2026-09-15;Executada;AC2-FEA-INS-AT01;SETEMBRO
284930;PERIÓDICA;FEA - Elétrica;FEA;2026-09-22;Pendente;AC2-FEA-INS-AT01;SETEMBRO
284931;PERIÓDICA;FEA - Elétrica;FEA;2026-09-29;Pendente;AC2-FEA-INS-AT01;SETEMBRO
284932;PERIÓDICA;FEA - Elétrica;FEA;2026-09-02;Executada;AC2-FEA-INS-AT01;SETEMBRO
284933;PERIÓDICA;FEA - Elétrica;FEA;2026-09-09;Executada;AC2-FEA-INS-AT01;SETEMBRO
284934;PERIÓDICA;FEA - Elétrica;FEA;2026-09-16;Executada;AC2-FEA-INS-AT01;SETEMBRO
284935;PERIÓDICA;FEA - Elétrica;FEA;2026-09-23;Pendente;AC2-FEA-INS-AT01;SETEMBRO
284936;PERIÓDICA;FEA - Elétrica;FEA;2026-09-30;Pendente;AC2-FEA-INS-AT01;SETEMBRO
284937;PERIÓDICA;FEA - Elétrica;FEA;2026-09-03;Executada;AC2-FEA-INS-BR04;SETEMBRO
284938;PERIÓDICA;FEA - Elétrica;FEA;2026-09-10;Executada;AC2-FEA-INS-BR04;SETEMBRO
284939;PERIÓDICA;FEA - Elétrica;FEA;2026-09-17;Executada;AC2-FEA-INS-BR04;SETEMBRO
284940;PERIÓDICA;FEA - Elétrica;FEA;2026-09-24;Pendente;AC2-FEA-INS-BR04;SETEMBRO
284941;PERIÓDICA;FEA - Elétrica;FEA;2026-09-10;Executada;AC2-FEA-INS-BR04;SETEMBRO
284942;PERIÓDICA;FEA - Elétrica;FEA;2026-09-03;Executada;AC2-FEA-INS-BR04;SETEMBRO
284943;PERIÓDICA;FEA - Elétrica;FEA;2026-09-10;Executada;AC2-FEA-INS-BR04;SETEMBRO
284944;PERIÓDICA;FEA - Elétrica;FEA;2026-09-17;Executada;AC2-FEA-INS-BR04;SETEMBRO
284945;PERIÓDICA;FEA - Elétrica;FEA;2026-09-24;Executada;AC2-FEA-INS-BR04;SETEMBRO
284946;PERIÓDICA;FEA - Elétrica;FEA;2026-09-03;Executada;AC2-FEA-INS-BR05;SETEMBRO
284947;PERIÓDICA;FEA - Elétrica;FEA;2026-09-10;Executada;AC2-FEA-INS-BR05;SETEMBRO
284948;PERIÓDICA;FEA - Elétrica;FEA;2026-09-17;Executada;AC2-FEA-INS-BR05;SETEMBRO
284949;PERIÓDICA;FEA - Elétrica;FEA;2026-09-24;Executada;AC2-FEA-INS-BR05;SETEMBRO
284950;PERIÓDICA;FEA - Elétrica;FEA;2026-09-04;Executada;AC2-FEA-INS-BR06;SETEMBRO
284951;PERIÓDICA;FEA - Elétrica;FEA;2026-09-04;Executada;AC2-FEA-INS-BR06;SETEMBRO
284952;PERIÓDICA;FEA - Elétrica;FEA;2026-09-16;Executada;AC2-FEA-INS-CA07;SETEMBRO
284953;PERIÓDICA;FEA - Hidráulica;FEA;2026-09-03;Pendente;AC2-FEA-INS-CI01;SETEMBRO
284954;PERIÓDICA;FEA - Hidráulica;FEA;2026-09-01;Pendente;AC2-FEA-INS-CI01;SETEMBRO
284955;PERIÓDICA;FEA - Hidráulica;FEA;2026-09-17;Pendente;AC2-FEA-INS-CI01;SETEMBRO
284956;PERIÓDICA;FEA - Hidráulica;FEA;2026-09-04;Pendente;AC2-FEA-INS-CI01;SETEMBRO
284957;PERIÓDICA;FEA - Hidráulica;FEA;2026-09-05;Pendente;AC2-FEA-INS-CI02;SETEMBRO
284958;PERIÓDICA;FEA - Hidráulica;FEA;2026-09-24;Pendente;AC2-FEA-INS-CI03;SETEMBRO
284959;PERIÓDICA;FEA - Hidráulica;FEA;2026-09-08;Pendente;AC2-FEA-INS-CI03;SETEMBRO
284960;PERIÓDICA;FEA - Hidráulica;FEA;2026-09-29;Pendente;AC2-FEA-INS-CI03;SETEMBRO
284961;PERIÓDICA;FEA - Elétrica;FEA;2026-09-01;Executada;AC2-FEA-INS-IG10;SETEMBRO
284962;PERIÓDICA;FEA - Elétrica;FEA;2026-09-01;Pendente;AC2-FEA-INS-MT11;SETEMBRO
284963;PERIÓDICA;FEA - Elétrica;FEA;2026-09-01;Pendente;AC2-FEA-INS-PA03;SETEMBRO
284964;PERIÓDICA;FEA - Elétrica;FEA;2026-09-01;Executada;AC2-FEA-INS-PO15;SETEMBRO
284965;PERIÓDICA;FEA - Elétrica;FEA;2026-09-01;Pendente;AC2-FEA-INS-RE12;SETEMBRO
284966;PERIÓDICA;FEA - Elétrica;FEA;2026-09-01;Executada;AC2-FEA-INS-SE13;SETEMBRO
284967;PERIÓDICA;FEA - Elétrica;FEA;2026-09-01;Pendente;AC2-FEA-INS-SH14;SETEMBRO
284968;PERIÓDICA;FEA - Hidráulica;FEA;2026-09-15;Pendente;AC2-FEA-INS-SHI1;SETEMBRO
284969;PERIÓDICA;FEA - Elétrica;FEA;2026-09-01;Pendente;AC2-FEA-INS-SO16;SETEMBRO
284970;PERIÓDICA;FEA - Hidráulica;FEA;2026-09-24;Executada;AC2-FEA-LUB-AB01;SETEMBRO
284971;PERIÓDICA;FEA - Hidráulica;FEA;2026-09-04;Executada;AC2-FEA-LUB-CA12;SETEMBRO
284972;PERIÓDICA;FEA - Hidráulica;FEA;2026-09-05;Executada;AC2-FEA-LUB-CE11;SETEMBRO
284973;PERIÓDICA;FEA - Hidráulica;FEA;2026-09-01;Executada;AC2-FEA-LUB-CI04;SETEMBRO
284974;PERIÓDICA;FEA - Hidráulica;FEA;2026-09-17;Executada;AC2-FEA-LUB-CI04;SETEMBRO
284975;PERIÓDICA;FEA - Hidráulica;FEA;2026-09-01;Executada;AC2-FEA-LUB-CI05;SETEMBRO
284976;PERIÓDICA;FEA - Hidráulica;FEA;2026-09-17;Executada;AC2-FEA-LUB-CI05;SETEMBRO
284977;PERIÓDICA;FEA - Hidráulica;FEA;2026-09-03;Executada;AC2-FEA-LUB-EB06;SETEMBRO
284978;PERIÓDICA;FEA - Hidráulica;FEA;2026-09-10;Executada;AC2-FEA-LUB-EB06;SETEMBRO
284979;PERIÓDICA;FEA - Hidráulica;FEA;2026-09-17;Executada;AC2-FEA-LUB-EB06;SETEMBRO
284980;PERIÓDICA;FEA - Hidráulica;FEA;2026-09-24;Executada;AC2-FEA-LUB-EB06;SETEMBRO
284981;PERIÓDICA;FEA - Hidráulica;FEA;2026-09-03;Executada;AC2-FEA-LUB-PE07;SETEMBRO
284982;PERIÓDICA;FEA - Hidráulica;FEA;2026-09-10;Executada;AC2-FEA-LUB-PE07;SETEMBRO
284983;PERIÓDICA;FEA - Hidráulica;FEA;2026-09-17;Executada;AC2-FEA-LUB-PE07;SETEMBRO
284984;PERIÓDICA;FEA - Hidráulica;FEA;2026-09-24;Executada;AC2-FEA-LUB-PE07;SETEMBRO
284985;PERIÓDICA;FEA - Hidráulica;FEA;2026-09-03;Executada;AC2-FEA-LUB-PO08;SETEMBRO
284986;PERIÓDICA;FEA - Hidráulica;FEA;2026-09-10;Executada;AC2-FEA-LUB-PO08;SETEMBRO
284987;PERIÓDICA;FEA - Hidráulica;FEA;2026-09-17;Executada;AC2-FEA-LUB-PO08;SETEMBRO
284988;PERIÓDICA;FEA - Hidráulica;FEA;2026-09-24;Executada;AC2-FEA-LUB-PO08;SETEMBRO
284989;PERIÓDICA;FEA - Hidráulica;FEA;2026-09-01;Executada;AC2-FEA-LUB-PO13;SETEMBRO
284990;PERIÓDICA;FEA - Hidráulica;FEA;2026-09-17;Executada;AC2-FEA-LUB-PO13;SETEMBRO
284991;PERIÓDICA;FEA - Hidráulica;FEA;2026-09-01;Executada;AC2-FEA-LUB-PO14;SETEMBRO
284992;PERIÓDICA;FEA - Hidráulica;FEA;2026-09-17;Executada;AC2-FEA-LUB-PO14;SETEMBRO
284993;PERIÓDICA;FEA - Hidráulica;FEA;2026-09-03;Executada;AC2-FEA-LUB-PO15;SETEMBRO
284994;PERIÓDICA;FEA - Hidráulica;FEA;2026-09-10;Executada;AC2-FEA-LUB-PO15;SETEMBRO
284995;PERIÓDICA;FEA - Hidráulica;FEA;2026-09-17;Executada;AC2-FEA-LUB-PO15;SETEMBRO
284996;PERIÓDICA;FEA - Hidráulica;FEA;2026-09-24;Executada;AC2-FEA-LUB-PO15;SETEMBRO
284997;PERIÓDICA;FEA - Hidráulica;FEA;2026-09-18;Executada;AC2-FEA-LUB-PR09;SETEMBRO
284998;PERIÓDICA;Forno Panela - Elétrica;Não informado;2026-09-01;Pendente;AC2-FP-INS-CAP01;SETEMBRO
284999;PERIÓDICA;Forno Panela - Elétrica;Não informado;2026-09-17;Pendente;AC2-FP-INS-CAP01;SETEMBRO
285000;PERIÓDICA;Lingotamento Contínuo - Elétrica;Lingotamento Contínuo;2026-09-01;Executada;AC-LC-PNL-ELE-C2;SETEMBRO
285001;PERIÓDICA;Lingotamento Contínuo - Elétrica;Lingotamento Contínuo;2026-09-26;Pendente;AC2-LC-IN-CDT-02;SETEMBRO
285002;PERIÓDICA;Lingotamento Contínuo - Elétrica;Lingotamento Contínuo;2026-09-26;Pendente;AC2-LC-IN-CDT-03;SETEMBRO
285003;PERIÓDICA;Lingotamento Contínuo - Elétrica;Lingotamento Contínuo;2026-09-20;Pendente;AC2-LC-IN-CMS-08;SETEMBRO
285004;PERIÓDICA;Lingotamento Contínuo - Elétrica;Lingotamento Contínuo;2026-09-04;Pendente;AC2-LC-IN-CTR-20;SETEMBRO
285005;PERIÓDICA;Lingotamento Contínuo - Elétrica;Lingotamento Contínuo;2026-09-20;Pendente;AC2-LC-IN-CTR-20;SETEMBRO
285006;PERIÓDICA;Lingotamento Contínuo - Elétrica;Lingotamento Contínuo;2026-09-03;Pendente;AC2-LC-IN-ELE-22;SETEMBRO
285007;PERIÓDICA;Lingotamento Contínuo - Elétrica;Lingotamento Contínuo;2026-09-19;Pendente;AC2-LC-IN-EXT-09;SETEMBRO
285008;PERIÓDICA;Lingotamento Contínuo - Elétrica;Lingotamento Contínuo;2026-09-19;Pendente;AC2-LC-IN-EXT-10;SETEMBRO
285009;PERIÓDICA;Lingotamento Contínuo - Elétrica;Lingotamento Contínuo;2026-09-19;Pendente;AC2-LC-IN-LRE-21;SETEMBRO
285010;PERIÓDICA;Lingotamento Contínuo - Elétrica;Lingotamento Contínuo;2026-09-26;Pendente;AC2-LC-IN-MGR-17;SETEMBRO
285011;PERIÓDICA;Lingotamento Contínuo - Elétrica;Lingotamento Contínuo;2026-09-04;Pendente;AC2-LC-IN-MIN-14;SETEMBRO
285012;PERIÓDICA;Lingotamento Contínuo - Elétrica;Lingotamento Contínuo;2026-09-26;Pendente;AC2-LC-IN-MTT-18;SETEMBRO
285013;PERIÓDICA;Lingotamento Contínuo - Elétrica;Lingotamento Contínuo;2026-09-04;Pendente;AC2-LC-IN-NOB-29;SETEMBRO
285014;PERIÓDICA;Lingotamento Contínuo - Elétrica;Lingotamento Contínuo;2026-09-04;Pendente;AC2-LC-IN-PNL-24;SETEMBRO
285015;PERIÓDICA;Lingotamento Contínuo - Elétrica;Lingotamento Contínuo;2026-09-04;Pendente;AC2-LC-IN-PNL-25;SETEMBRO
285016;PERIÓDICA;Lingotamento Contínuo - Elétrica;Lingotamento Contínuo;2026-09-04;Pendente;AC2-LC-IN-PNL-26;SETEMBRO
285017;PERIÓDICA;Lingotamento Contínuo - Elétrica;Lingotamento Contínuo;2026-09-04;Pendente;AC2-LC-IN-PNL-27;SETEMBRO
285018;PERIÓDICA;Lingotamento Contínuo - Elétrica;Lingotamento Contínuo;2026-09-04;Pendente;AC2-LC-IN-PNL-28;SETEMBRO
285019;PERIÓDICA;Lingotamento Contínuo - Elétrica;Lingotamento Contínuo;2026-09-05;Pendente;AC2-LC-IN-RPM-06;SETEMBRO
285020;PERIÓDICA;Lingotamento Contínuo - Elétrica;Lingotamento Contínuo;2026-09-04;Pendente;AC2-LC-IN-SED-11;SETEMBRO
285021;PERIÓDICA;Lingotamento Contínuo - Elétrica;Lingotamento Contínuo;2026-09-20;Pendente;AC2-LC-IN-SED-11;SETEMBRO
285022;PERIÓDICA;Lingotamento Contínuo - Elétrica;Lingotamento Contínuo;2026-09-26;Pendente;AC2-LC-IN-SED-12;SETEMBRO
285023;PERIÓDICA;Lingotamento Contínuo - Elétrica;Lingotamento Contínuo;2026-09-01;Pendente;AC2-LC-IN-SED-13;SETEMBRO
285024;PERIÓDICA;Lingotamento Contínuo - Elétrica;Lingotamento Contínuo;2026-09-04;Pendente;AC2-LC-IN-SIO-04;SETEMBRO
285025;PERIÓDICA;Lingotamento Contínuo - Elétrica;Lingotamento Contínuo;2026-09-19;Pendente;AC2-LC-IN-SIO-05;SETEMBRO
285026;PERIÓDICA;Lingotamento Contínuo - Elétrica;Lingotamento Contínuo;2026-09-19;Pendente;AC2-LC-IN-SIQ-19;SETEMBRO
285027;PERIÓDICA;Lingotamento Contínuo - Elétrica;Lingotamento Contínuo;2026-09-26;Pendente;AC2-LC-IN-SOX-15;SETEMBRO
285028;PERIÓDICA;Lingotamento Contínuo - Elétrica;Lingotamento Contínuo;2026-09-26;Pendente;AC2-LC-IN-TOG-00;SETEMBRO
285029;PERIÓDICA;Lingotamento Contínuo - Elétrica;Lingotamento Contínuo;2026-09-11;Pendente;AC2-LC-IN-TOG-01;SETEMBRO
285030;PERIÓDICA;Lingotamento Contínuo - Elétrica;Lingotamento Contínuo;2026-09-27;Pendente;AC2-LC-IN-TOG-01;SETEMBRO
285031;PERIÓDICA;Lingotamento Contínuo - Elétrica;Lingotamento Contínuo;2026-09-25;Pendente;AC2-LC-IN-ULM-07;SETEMBRO
285032;PERIÓDICA;Lingotamento Contínuo - Hidráulica;Lingotamento Contínuo;2026-09-02;Executada;AC2-LC-INH-CDT02;SETEMBRO
285033;PERIÓDICA;Lingotamento Contínuo - Hidráulica;Lingotamento Contínuo;2026-09-09;Executada;AC2-LC-INH-CDT02;SETEMBRO
285034;PERIÓDICA;Lingotamento Contínuo - Hidráulica;Lingotamento Contínuo;2026-09-16;Executada;AC2-LC-INH-CDT02;SETEMBRO
285035;PERIÓDICA;Lingotamento Contínuo - Hidráulica;Lingotamento Contínuo;2026-09-23;Pendente;AC2-LC-INH-CDT02;SETEMBRO
285036;PERIÓDICA;Lingotamento Contínuo - Hidráulica;Lingotamento Contínuo;2026-09-30;Pendente;AC2-LC-INH-CDT02;SETEMBRO
285037;PERIÓDICA;Lingotamento Contínuo - Hidráulica;Lingotamento Contínuo;2026-09-03;Executada;AC2-LC-INH-CDT03;SETEMBRO
285038;PERIÓDICA;Lingotamento Contínuo - Hidráulica;Lingotamento Contínuo;2026-09-10;Executada;AC2-LC-INH-CDT03;SETEMBRO
285039;PERIÓDICA;Lingotamento Contínuo - Hidráulica;Lingotamento Contínuo;2026-09-17;Executada;AC2-LC-INH-CDT03;SETEMBRO
285040;PERIÓDICA;Lingotamento Contínuo - Hidráulica;Lingotamento Contínuo;2026-09-24;Pendente;AC2-LC-INH-CDT03;SETEMBRO
285041;PERIÓDICA;Lingotamento Contínuo - Hidráulica;Lingotamento Contínuo;2026-09-03;Executada;AC2-LC-INH-CTR09;SETEMBRO
285042;PERIÓDICA;Lingotamento Contínuo - Hidráulica;Lingotamento Contínuo;2026-09-10;Executada;AC2-LC-INH-CTR09;SETEMBRO
285043;PERIÓDICA;Lingotamento Contínuo - Hidráulica;Lingotamento Contínuo;2026-09-17;Executada;AC2-LC-INH-CTR09;SETEMBRO
285044;PERIÓDICA;Lingotamento Contínuo - Hidráulica;Lingotamento Contínuo;2026-09-24;Pendente;AC2-LC-INH-CTR09;SETEMBRO
285045;PERIÓDICA;Lingotamento Contínuo - Hidráulica;Lingotamento Contínuo;2026-09-03;Executada;AC2-LC-INH-LRE10;SETEMBRO
285046;PERIÓDICA;Lingotamento Contínuo - Hidráulica;Lingotamento Contínuo;2026-09-10;Executada;AC2-LC-INH-LRE10;SETEMBRO
285047;PERIÓDICA;Lingotamento Contínuo - Hidráulica;Lingotamento Contínuo;2026-09-17;Executada;AC2-LC-INH-LRE10;SETEMBRO
285048;PERIÓDICA;Lingotamento Contínuo - Hidráulica;Lingotamento Contínuo;2026-09-24;Pendente;AC2-LC-INH-LRE10;SETEMBRO
285049;PERIÓDICA;Lingotamento Contínuo - Hidráulica;Lingotamento Contínuo;2026-09-03;Executada;AC2-LC-INH-MTT08;SETEMBRO
285050;PERIÓDICA;Lingotamento Contínuo - Hidráulica;Lingotamento Contínuo;2026-09-10;Executada;AC2-LC-INH-MTT08;SETEMBRO
285051;PERIÓDICA;Lingotamento Contínuo - Hidráulica;Lingotamento Contínuo;2026-09-17;Executada;AC2-LC-INH-MTT08;SETEMBRO
285052;PERIÓDICA;Lingotamento Contínuo - Hidráulica;Lingotamento Contínuo;2026-09-24;Pendente;AC2-LC-INH-MTT08;SETEMBRO
285053;PERIÓDICA;Lingotamento Contínuo - Hidráulica;Lingotamento Contínuo;2026-09-03;Executada;AC2-LC-INH-SED07;SETEMBRO
285054;PERIÓDICA;Lingotamento Contínuo - Hidráulica;Lingotamento Contínuo;2026-09-10;Executada;AC2-LC-INH-SED07;SETEMBRO
285055;PERIÓDICA;Lingotamento Contínuo - Hidráulica;Lingotamento Contínuo;2026-09-17;Executada;AC2-LC-INH-SED07;SETEMBRO
285056;PERIÓDICA;Lingotamento Contínuo - Hidráulica;Lingotamento Contínuo;2026-09-24;Pendente;AC2-LC-INH-SED07;SETEMBRO
285057;PERIÓDICA;Lingotamento Contínuo - Hidráulica;Lingotamento Contínuo;2026-09-03;Executada;AC2-LC-INH-SHI11;SETEMBRO
285058;PERIÓDICA;Lingotamento Contínuo - Hidráulica;Lingotamento Contínuo;2026-09-10;Executada;AC2-LC-INH-SHI11;SETEMBRO
285059;PERIÓDICA;Lingotamento Contínuo - Hidráulica;Lingotamento Contínuo;2026-09-17;Executada;AC2-LC-INH-SHI11;SETEMBRO
285060;PERIÓDICA;Lingotamento Contínuo - Hidráulica;Lingotamento Contínuo;2026-09-24;Pendente;AC2-LC-INH-SHI11;SETEMBRO
285061;PERIÓDICA;Lingotamento Contínuo - Hidráulica;Lingotamento Contínuo;2026-09-03;Executada;AC2-LC-INH-SIO04;SETEMBRO
285062;PERIÓDICA;Lingotamento Contínuo - Hidráulica;Lingotamento Contínuo;2026-09-10;Executada;AC2-LC-INH-SIO04;SETEMBRO
285063;PERIÓDICA;Lingotamento Contínuo - Hidráulica;Lingotamento Contínuo;2026-09-17;Executada;AC2-LC-INH-SIO04;SETEMBRO
285064;PERIÓDICA;Lingotamento Contínuo - Hidráulica;Lingotamento Contínuo;2026-09-24;Pendente;AC2-LC-INH-SIO04;SETEMBRO
285065;PERIÓDICA;Lingotamento Contínuo - Hidráulica;Lingotamento Contínuo;2026-09-02;Executada;AC2-LC-INH-SIO05;SETEMBRO
285066;PERIÓDICA;Lingotamento Contínuo - Hidráulica;Lingotamento Contínuo;2026-09-03;Executada;AC2-LC-INH-TOG00;SETEMBRO
285067;PERIÓDICA;Lingotamento Contínuo - Hidráulica;Lingotamento Contínuo;2026-09-10;Executada;AC2-LC-INH-TOG00;SETEMBRO
285068;PERIÓDICA;Lingotamento Contínuo - Hidráulica;Lingotamento Contínuo;2026-09-17;Executada;AC2-LC-INH-TOG00;SETEMBRO
285069;PERIÓDICA;Lingotamento Contínuo - Hidráulica;Lingotamento Contínuo;2026-09-24;Executada;AC2-LC-INH-TOG00;SETEMBRO
285070;PERIÓDICA;Lingotamento Contínuo - Hidráulica;Lingotamento Contínuo;2026-09-28;Pendente;AC2-LC-INH-TOG01;SETEMBRO
285071;PERIÓDICA;Lingotamento Contínuo - Hidráulica;Lingotamento Contínuo;2026-09-04;Executada;AC2-LC-INH-ULM06;SETEMBRO
285072;PERIÓDICA;Lingotamento Contínuo - Hidráulica;Lingotamento Contínuo;2026-09-11;Executada;AC2-LC-INH-ULM06;SETEMBRO
285073;PERIÓDICA;Lingotamento Contínuo - Hidráulica;Lingotamento Contínuo;2026-09-18;Executada;AC2-LC-INH-ULM06;SETEMBRO
285074;PERIÓDICA;Lingotamento Contínuo - Hidráulica;Lingotamento Contínuo;2026-09-25;Pendente;AC2-LC-INH-ULM06;SETEMBRO
285075;PERIÓDICA;Lingotamento Contínuo - Mecânica;Lingotamento Contínuo;2026-09-02;Executada;AC2-LC-INS-CDT33;SETEMBRO
285076;PERIÓDICA;Lingotamento Contínuo - Mecânica;Lingotamento Contínuo;2026-09-18;Pendente;AC2-LC-INS-CDT33;SETEMBRO
285077;PERIÓDICA;Lingotamento Contínuo - Mecânica;Lingotamento Contínuo;2026-09-02;Executada;AC2-LC-INS-CDT34;SETEMBRO
285078;PERIÓDICA;Lingotamento Contínuo - Mecânica;Lingotamento Contínuo;2026-09-18;Executada;AC2-LC-INS-CDT34;SETEMBRO
285079;PERIÓDICA;Lingotamento Contínuo - Mecânica;Lingotamento Contínuo;2026-09-01;Executada;AC2-LC-INS-CDT70;SETEMBRO
285080;PERIÓDICA;Lingotamento Contínuo - Mecânica;Lingotamento Contínuo;2026-09-01;Executada;AC2-LC-INS-CDT71;SETEMBRO
285081;PERIÓDICA;Lingotamento Contínuo - Mecânica;Lingotamento Contínuo;2026-09-01;Executada;AC2-LC-INS-CMS48;SETEMBRO
285082;PERIÓDICA;Lingotamento Contínuo - Mecânica;Lingotamento Contínuo;2026-09-08;Executada;AC2-LC-INS-CMS48;SETEMBRO
285083;PERIÓDICA;Lingotamento Contínuo - Mecânica;Lingotamento Contínuo;2026-09-15;Executada;AC2-LC-INS-CMS48;SETEMBRO
285084;PERIÓDICA;Lingotamento Contínuo - Mecânica;Lingotamento Contínuo;2026-09-22;Executada;AC2-LC-INS-CMS48;SETEMBRO
285085;PERIÓDICA;Lingotamento Contínuo - Mecânica;Lingotamento Contínuo;2026-09-29;Executada;AC2-LC-INS-CMS48;SETEMBRO
285086;PERIÓDICA;Lingotamento Contínuo - Mecânica;Lingotamento Contínuo;2026-09-01;Executada;AC2-LC-INS-CTR58;SETEMBRO
285087;PERIÓDICA;Lingotamento Contínuo - Mecânica;Lingotamento Contínuo;2026-09-08;Executada;AC2-LC-INS-CTR58;SETEMBRO
285088;PERIÓDICA;Lingotamento Contínuo - Mecânica;Lingotamento Contínuo;2026-09-15;Executada;AC2-LC-INS-CTR58;SETEMBRO
285089;PERIÓDICA;Lingotamento Contínuo - Mecânica;Lingotamento Contínuo;2026-09-22;Executada;AC2-LC-INS-CTR58;SETEMBRO
285090;PERIÓDICA;Lingotamento Contínuo - Mecânica;Lingotamento Contínuo;2026-09-29;Executada;AC2-LC-INS-CTR58;SETEMBRO
285091;PERIÓDICA;Lingotamento Contínuo - Mecânica;Lingotamento Contínuo;2026-09-01;Executada;AC2-LC-INS-ELE61;SETEMBRO
285092;PERIÓDICA;Lingotamento Contínuo - Mecânica;Lingotamento Contínuo;2026-09-17;Executada;AC2-LC-INS-ELE61;SETEMBRO
285093;PERIÓDICA;Lingotamento Contínuo - Mecânica;Lingotamento Contínuo;2026-09-01;Executada;AC2-LC-INS-ELP60;SETEMBRO
285094;PERIÓDICA;Lingotamento Contínuo - Mecânica;Lingotamento Contínuo;2026-09-17;Executada;AC2-LC-INS-ELP60;SETEMBRO
285095;PERIÓDICA;Lingotamento Contínuo - Mecânica;Lingotamento Contínuo;2026-09-01;Executada;AC2-LC-INS-LRE59;SETEMBRO
285096;PERIÓDICA;Lingotamento Contínuo - Mecânica;Lingotamento Contínuo;2026-09-17;Executada;AC2-LC-INS-LRE59;SETEMBRO
285097;PERIÓDICA;Lingotamento Contínuo - Mecânica;Lingotamento Contínuo;2026-09-01;Executada;AC2-LC-INS-MGR55;SETEMBRO
285098;PERIÓDICA;Lingotamento Contínuo - Mecânica;Lingotamento Contínuo;2026-09-08;Executada;AC2-LC-INS-MGR55;SETEMBRO
285099;PERIÓDICA;Lingotamento Contínuo - Mecânica;Lingotamento Contínuo;2026-09-15;Executada;AC2-LC-INS-MGR55;SETEMBRO
285100;PERIÓDICA;Lingotamento Contínuo - Mecânica;Lingotamento Contínuo;2026-09-22;Executada;AC2-LC-INS-MGR55;SETEMBRO
285101;PERIÓDICA;Lingotamento Contínuo - Mecânica;Lingotamento Contínuo;2026-09-29;Executada;AC2-LC-INS-MGR55;SETEMBRO
285102;PERIÓDICA;Lingotamento Contínuo - Mecânica;Lingotamento Contínuo;2026-09-01;Executada;AC2-LC-INS-MIN53;SETEMBRO
285103;PERIÓDICA;Lingotamento Contínuo - Mecânica;Lingotamento Contínuo;2026-09-08;Executada;AC2-LC-INS-MIN53;SETEMBRO
285104;PERIÓDICA;Lingotamento Contínuo - Mecânica;Lingotamento Contínuo;2026-09-15;Executada;AC2-LC-INS-MIN53;SETEMBRO
285105;PERIÓDICA;Lingotamento Contínuo - Mecânica;Lingotamento Contínuo;2026-09-22;Executada;AC2-LC-INS-MIN53;SETEMBRO
285106;PERIÓDICA;Lingotamento Contínuo - Mecânica;Lingotamento Contínuo;2026-09-29;Executada;AC2-LC-INS-MIN53;SETEMBRO
285107;PERIÓDICA;Lingotamento Contínuo - Mecânica;Lingotamento Contínuo;2026-09-01;Executada;AC2-LC-INS-MIN53;SETEMBRO
285108;PERIÓDICA;Lingotamento Contínuo - Mecânica;Lingotamento Contínuo;2026-09-08;Executada;AC2-LC-INS-MIN53;SETEMBRO
285109;PERIÓDICA;Lingotamento Contínuo - Mecânica;Lingotamento Contínuo;2026-09-15;Executada;AC2-LC-INS-MIN53;SETEMBRO
285110;PERIÓDICA;Lingotamento Contínuo - Mecânica;Lingotamento Contínuo;2026-09-22;Executada;AC2-LC-INS-MIN53;SETEMBRO
285111;PERIÓDICA;Lingotamento Contínuo - Mecânica;Lingotamento Contínuo;2026-09-29;Executada;AC2-LC-INS-MIN53;SETEMBRO
285112;PERIÓDICA;Lingotamento Contínuo - Mecânica;Lingotamento Contínuo;2026-09-01;Executada;AC2-LC-INS-MTT56;SETEMBRO
285113;PERIÓDICA;Lingotamento Contínuo - Mecânica;Lingotamento Contínuo;2026-09-08;Executada;AC2-LC-INS-MTT56;SETEMBRO
285114;PERIÓDICA;Lingotamento Contínuo - Mecânica;Lingotamento Contínuo;2026-09-15;Executada;AC2-LC-INS-MTT56;SETEMBRO
285115;PERIÓDICA;Lingotamento Contínuo - Mecânica;Lingotamento Contínuo;2026-09-22;Executada;AC2-LC-INS-MTT56;SETEMBRO
285116;PERIÓDICA;Lingotamento Contínuo - Mecânica;Lingotamento Contínuo;2026-09-29;Executada;AC2-LC-INS-MTT56;SETEMBRO
285117;PERIÓDICA;Lingotamento Contínuo - Mecânica;Lingotamento Contínuo;2026-09-01;Executada;AC2-LC-INS-SED51;SETEMBRO
285118;PERIÓDICA;Lingotamento Contínuo - Mecânica;Lingotamento Contínuo;2026-09-08;Executada;AC2-LC-INS-SED51;SETEMBRO
285119;PERIÓDICA;Lingotamento Contínuo - Mecânica;Lingotamento Contínuo;2026-09-15;Executada;AC2-LC-INS-SED51;SETEMBRO
285120;PERIÓDICA;Lingotamento Contínuo - Mecânica;Lingotamento Contínuo;2026-09-22;Executada;AC2-LC-INS-SED51;SETEMBRO
285121;PERIÓDICA;Lingotamento Contínuo - Mecânica;Lingotamento Contínuo;2026-09-29;Executada;AC2-LC-INS-SED51;SETEMBRO
285122;PERIÓDICA;Lingotamento Contínuo - Mecânica;Lingotamento Contínuo;2026-09-06;Executada;AC2-LC-INS-SED52;SETEMBRO
285123;PERIÓDICA;Lingotamento Contínuo - Mecânica;Lingotamento Contínuo;2026-09-01;Executada;AC2-LC-INS-SEQ57;SETEMBRO
285124;PERIÓDICA;Lingotamento Contínuo - Mecânica;Lingotamento Contínuo;2026-09-08;Executada;AC2-LC-INS-SEQ57;SETEMBRO
285125;PERIÓDICA;Lingotamento Contínuo - Mecânica;Lingotamento Contínuo;2026-09-15;Executada;AC2-LC-INS-SEQ57;SETEMBRO
285126;PERIÓDICA;Lingotamento Contínuo - Mecânica;Lingotamento Contínuo;2026-09-22;Executada;AC2-LC-INS-SEQ57;SETEMBRO
285127;PERIÓDICA;Lingotamento Contínuo - Mecânica;Lingotamento Contínuo;2026-09-29;Executada;AC2-LC-INS-SEQ57;SETEMBRO
285128;PERIÓDICA;Lingotamento Contínuo - Mecânica;Lingotamento Contínuo;2026-09-01;Executada;AC2-LC-INS-SIE49;SETEMBRO
285129;PERIÓDICA;Lingotamento Contínuo - Mecânica;Lingotamento Contínuo;2026-09-08;Executada;AC2-LC-INS-SIE49;SETEMBRO
285130;PERIÓDICA;Lingotamento Contínuo - Mecânica;Lingotamento Contínuo;2026-09-15;Executada;AC2-LC-INS-SIE49;SETEMBRO
285131;PERIÓDICA;Lingotamento Contínuo - Mecânica;Lingotamento Contínuo;2026-09-22;Executada;AC2-LC-INS-SIE49;SETEMBRO
285132;PERIÓDICA;Lingotamento Contínuo - Mecânica;Lingotamento Contínuo;2026-09-29;Executada;AC2-LC-INS-SIE49;SETEMBRO
285133;PERIÓDICA;Lingotamento Contínuo - Mecânica;Lingotamento Contínuo;2026-09-01;Executada;AC2-LC-INS-SIE50;SETEMBRO
285134;PERIÓDICA;Lingotamento Contínuo - Mecânica;Lingotamento Contínuo;2026-09-08;Executada;AC2-LC-INS-SIE50;SETEMBRO
285135;PERIÓDICA;Lingotamento Contínuo - Mecânica;Lingotamento Contínuo;2026-09-15;Executada;AC2-LC-INS-SIE50;SETEMBRO
285136;PERIÓDICA;Lingotamento Contínuo - Mecânica;Lingotamento Contínuo;2026-09-22;Executada;AC2-LC-INS-SIE50;SETEMBRO
285137;PERIÓDICA;Lingotamento Contínuo - Mecânica;Lingotamento Contínuo;2026-09-29;Executada;AC2-LC-INS-SIE50;SETEMBRO
285138;PERIÓDICA;Lingotamento Contínuo - Mecânica;Lingotamento Contínuo;2026-09-10;Pendente;AC2-LC-INS-SIO36;SETEMBRO
285139;PERIÓDICA;Lingotamento Contínuo - Mecânica;Lingotamento Contínuo;2026-09-01;Executada;AC2-LC-INS-SOX54;SETEMBRO
285140;PERIÓDICA;Lingotamento Contínuo - Mecânica;Lingotamento Contínuo;2026-09-08;Executada;AC2-LC-INS-SOX54;SETEMBRO
285141;PERIÓDICA;Lingotamento Contínuo - Mecânica;Lingotamento Contínuo;2026-09-15;Executada;AC2-LC-INS-SOX54;SETEMBRO
285142;PERIÓDICA;Lingotamento Contínuo - Mecânica;Lingotamento Contínuo;2026-09-22;Executada;AC2-LC-INS-SOX54;SETEMBRO
285143;PERIÓDICA;Lingotamento Contínuo - Mecânica;Lingotamento Contínuo;2026-09-29;Executada;AC2-LC-INS-SOX54;SETEMBRO
285144;PERIÓDICA;Lingotamento Contínuo - Mecânica;Lingotamento Contínuo;2026-09-23;Pendente;AC2-LC-INS-TOG30;SETEMBRO
285145;PERIÓDICA;Lingotamento Contínuo - Lubrificação;Lingotamento Contínuo;2026-09-10;Executada;AC2-LC-LUB-CDT04;SETEMBRO
285146;PERIÓDICA;Lingotamento Contínuo - Lubrificação;Lingotamento Contínuo;2026-09-10;Executada;AC2-LC-LUB-CDT05;SETEMBRO
285147;PERIÓDICA;Lingotamento Contínuo - Lubrificação;Lingotamento Contínuo;2026-09-01;Executada;AC2-LC-LUB-CMS07;SETEMBRO
285148;PERIÓDICA;Lingotamento Contínuo - Lubrificação;Lingotamento Contínuo;2026-09-17;Executada;AC2-LC-LUB-CMS07;SETEMBRO
285149;PERIÓDICA;Lingotamento Contínuo - Lubrificação;Lingotamento Contínuo;2026-09-10;Executada;AC2-LC-LUB-CTR16;SETEMBRO
285150;PERIÓDICA;Lingotamento Contínuo - Lubrificação;Lingotamento Contínuo;2026-09-03;Executada;AC2-LC-LUB-LRE17;SETEMBRO
285151;PERIÓDICA;Lingotamento Contínuo - Lubrificação;Lingotamento Contínuo;2026-09-01;Executada;AC2-LC-LUB-MGR13;SETEMBRO
285152;PERIÓDICA;Lingotamento Contínuo - Lubrificação;Lingotamento Contínuo;2026-09-17;Executada;AC2-LC-LUB-MGR13;SETEMBRO
285153;PERIÓDICA;Lingotamento Contínuo - Lubrificação;Lingotamento Contínuo;2026-09-03;Executada;AC2-LC-LUB-MIN11;SETEMBRO
285154;PERIÓDICA;Lingotamento Contínuo - Lubrificação;Lingotamento Contínuo;2026-09-10;Executada;AC2-LC-LUB-MIN11;SETEMBRO
285155;PERIÓDICA;Lingotamento Contínuo - Lubrificação;Lingotamento Contínuo;2026-09-17;Executada;AC2-LC-LUB-MIN11;SETEMBRO
285156;PERIÓDICA;Lingotamento Contínuo - Lubrificação;Lingotamento Contínuo;2026-09-24;Executada;AC2-LC-LUB-MIN11;SETEMBRO
285157;PERIÓDICA;Lingotamento Contínuo - Lubrificação;Lingotamento Contínuo;2026-09-04;Executada;AC2-LC-LUB-MTT14;SETEMBRO
285158;PERIÓDICA;Lingotamento Contínuo - Lubrificação;Lingotamento Contínuo;2026-09-03;Executada;AC2-LC-LUB-SED10;SETEMBRO
285159;PERIÓDICA;Lingotamento Contínuo - Lubrificação;Lingotamento Contínuo;2026-09-10;Executada;AC2-LC-LUB-SED10;SETEMBRO
285160;PERIÓDICA;Lingotamento Contínuo - Lubrificação;Lingotamento Contínuo;2026-09-17;Executada;AC2-LC-LUB-SED10;SETEMBRO
285161;PERIÓDICA;Lingotamento Contínuo - Lubrificação;Lingotamento Contínuo;2026-09-24;Executada;AC2-LC-LUB-SED10;SETEMBRO
285162;PERIÓDICA;Lingotamento Contínuo - Lubrificação;Lingotamento Contínuo;2026-09-03;Executada;AC2-LC-LUB-SEQ15;SETEMBRO
285163;PERIÓDICA;Lingotamento Contínuo - Lubrificação;Lingotamento Contínuo;2026-09-10;Executada;AC2-LC-LUB-SEQ15;SETEMBRO
285164;PERIÓDICA;Lingotamento Contínuo - Lubrificação;Lingotamento Contínuo;2026-09-17;Executada;AC2-LC-LUB-SEQ15;SETEMBRO
285165;PERIÓDICA;Lingotamento Contínuo - Lubrificação;Lingotamento Contínuo;2026-09-24;Executada;AC2-LC-LUB-SEQ15;SETEMBRO
285166;PERIÓDICA;Lingotamento Contínuo - Lubrificação;Lingotamento Contínuo;2026-09-01;Executada;AC2-LC-LUB-SIE08;SETEMBRO
285167;PERIÓDICA;Lingotamento Contínuo - Lubrificação;Lingotamento Contínuo;2026-09-17;Executada;AC2-LC-LUB-SIE08;SETEMBRO
285168;PERIÓDICA;Lingotamento Contínuo - Lubrificação;Lingotamento Contínuo;2026-09-01;Executada;AC2-LC-LUB-SIE09;SETEMBRO
285169;PERIÓDICA;Lingotamento Contínuo - Lubrificação;Lingotamento Contínuo;2026-09-17;Executada;AC2-LC-LUB-SIE09;SETEMBRO
285170;PERIÓDICA;Lingotamento Contínuo - Lubrificação;Lingotamento Contínuo;2026-09-10;Executada;AC2-LC-LUB-SIO06;SETEMBRO
285171;PERIÓDICA;Lingotamento Contínuo - Lubrificação;Lingotamento Contínuo;2026-09-03;Executada;AC2-LC-LUB-SOX12;SETEMBRO
285172;PERIÓDICA;Lingotamento Contínuo - Lubrificação;Lingotamento Contínuo;2026-09-10;Executada;AC2-LC-LUB-SOX12;SETEMBRO
285173;PERIÓDICA;Lingotamento Contínuo - Lubrificação;Lingotamento Contínuo;2026-09-17;Executada;AC2-LC-LUB-SOX12;SETEMBRO
285174;PERIÓDICA;Lingotamento Contínuo - Lubrificação;Lingotamento Contínuo;2026-09-24;Executada;AC2-LC-LUB-SOX12;SETEMBRO
285175;PERIÓDICA;Lingotamento Contínuo - Lubrificação;Lingotamento Contínuo;2026-09-04;Executada;AC2-LC-LUB-TOG00;SETEMBRO
285176;PERIÓDICA;Lingotamento Contínuo - Lubrificação;Lingotamento Contínuo;2026-09-01;Executada;AC2-LC-LUB-TOG01;SETEMBRO
285177;PERIÓDICA;Lingotamento Contínuo - Lubrificação;Lingotamento Contínuo;2026-09-17;Executada;AC2-LC-LUB-TOG01;SETEMBRO
285178;PERIÓDICA;Lingotamento Contínuo - Lubrificação;Lingotamento Contínuo;2026-09-04;Executada;AC2-LC-LUB-TOG02;SETEMBRO
285179;PERIÓDICA;Lingotamento Contínuo - Lubrificação;Lingotamento Contínuo;2026-09-01;Executada;AC2-LC-LUB-TOG03;SETEMBRO
285180;PERIÓDICA;Lingotamento Contínuo - Lubrificação;Lingotamento Contínuo;2026-09-17;Executada;AC2-LC-LUB-TOG03;SETEMBRO
285181;PERIÓDICA;Lingotamento Contínuo - Elétrica;Lingotamento Contínuo;2026-09-05;Pendente;AC2-RE-IN-AQD-39;SETEMBRO
285182;PERIÓDICA;Lingotamento Contínuo - Elétrica;Lingotamento Contínuo;2026-09-05;Pendente;AC2-RE-IN-AQH-38;SETEMBRO
285183;PERIÓDICA;Lingotamento Contínuo - Elétrica;Lingotamento Contínuo;2026-09-05;Pendente;AC2-RE-IN-AQV-37;SETEMBRO
285184;PERIÓDICA;Lingotamento Contínuo - Elétrica;Lingotamento Contínuo;2026-09-26;Pendente;AC2-RE-IN-UHI-47;SETEMBRO
285185;PERIÓDICA;Lingotamento Contínuo - Hidráulica;Lingotamento Contínuo;2026-09-09;Executada;AC2-RE-INH-AQD02;SETEMBRO
285186;PERIÓDICA;Lingotamento Contínuo - Hidráulica;Lingotamento Contínuo;2026-09-25;Pendente;AC2-RE-INH-AQD02;SETEMBRO
285187;PERIÓDICA;Lingotamento Contínuo - Hidráulica;Lingotamento Contínuo;2026-09-03;Executada;AC2-RE-INH-AQH01;SETEMBRO
285188;PERIÓDICA;Lingotamento Contínuo - Hidráulica;Lingotamento Contínuo;2026-09-19;Executada;AC2-RE-INH-AQH01;SETEMBRO
285189;PERIÓDICA;Lingotamento Contínuo - Hidráulica;Lingotamento Contínuo;2026-09-03;Executada;AC2-RE-INH-AQV00;SETEMBRO
285190;PERIÓDICA;Lingotamento Contínuo - Hidráulica;Lingotamento Contínuo;2026-09-19;Executada;AC2-RE-INH-AQV00;SETEMBRO
285191;PERIÓDICA;Lingotamento Contínuo - Hidráulica;Lingotamento Contínuo;2026-09-09;Executada;AC2-RE-INH-UHI03;SETEMBRO
285192;PERIÓDICA;Lingotamento Contínuo - Hidráulica;Lingotamento Contínuo;2026-09-25;Pendente;AC2-RE-INH-UHI03;SETEMBRO
285193;PERIÓDICA;Lingotamento Contínuo - Mecânica;Lingotamento Contínuo;2026-09-01;Executada;AC2-RE-INS-AQD64;SETEMBRO
285194;PERIÓDICA;Lingotamento Contínuo - Mecânica;Lingotamento Contínuo;2026-09-17;Executada;AC2-RE-INS-AQD64;SETEMBRO
285195;PERIÓDICA;Lingotamento Contínuo - Mecânica;Lingotamento Contínuo;2026-09-01;Pendente;AC2-RE-INS-AQH63;SETEMBRO
285196;PERIÓDICA;Lingotamento Contínuo - Mecânica;Lingotamento Contínuo;2026-09-17;Pendente;AC2-RE-INS-AQH63;SETEMBRO
285197;PERIÓDICA;Lingotamento Contínuo - Mecânica;Lingotamento Contínuo;2026-09-01;Pendente;AC2-RE-INS-AQV62;SETEMBRO
285198;PERIÓDICA;Lingotamento Contínuo - Mecânica;Lingotamento Contínuo;2026-09-17;Pendente;AC2-RE-INS-AQV62;SETEMBRO
285199;PERIÓDICA;Lingotamento Contínuo - Mecânica;Lingotamento Contínuo;2026-09-01;Pendente;AC2-RE-INS-CAR65;SETEMBRO
285200;PERIÓDICA;Lingotamento Contínuo - Mecânica;Lingotamento Contínuo;2026-09-17;Pendente;AC2-RE-INS-CAR65;SETEMBRO
285201;PERIÓDICA;Lingotamento Contínuo - Mecânica;Lingotamento Contínuo;2026-09-09;Pendente;AC2-RE-INS-PRP67;SETEMBRO
285202;PERIÓDICA;Lingotamento Contínuo - Mecânica;Lingotamento Contínuo;2026-09-25;Pendente;AC2-RE-INS-PRP67;SETEMBRO
285203;PERIÓDICA;Lingotamento Contínuo - Mecânica;Lingotamento Contínuo;2026-09-05;Pendente;AC2-RE-INS-VID69;SETEMBRO
285204;PERIÓDICA;Lingotamento Contínuo - Lubrificação;Lingotamento Contínuo;2026-09-10;Executada;AC2-RE-LUB-AQD27;SETEMBRO
285205;PERIÓDICA;Lingotamento Contínuo - Lubrificação;Lingotamento Contínuo;2026-09-10;Executada;AC2-RE-LUB-AQH26;SETEMBRO
285206;PERIÓDICA;Lingotamento Contínuo - Lubrificação;Lingotamento Contínuo;2026-09-10;Executada;AC2-RE-LUB-AQV25;SETEMBRO
285207;PERIÓDICA;Lingotamento Contínuo - Lubrificação;Lingotamento Contínuo;2026-09-01;Executada;AC2-RE-LUB-CAR28;SETEMBRO
285208;PERIÓDICA;Lingotamento Contínuo - Lubrificação;Lingotamento Contínuo;2026-09-10;Executada;AC2-RE-LUB-EST29;SETEMBRO
285209;PERIÓDICA;Lingotamento Contínuo - Lubrificação;Lingotamento Contínuo;2026-09-06;Executada;AC2-RE-LUB-PAN30;SETEMBRO
285210;PERIÓDICA;Lingotamento Contínuo - Lubrificação;Lingotamento Contínuo;2026-09-06;Executada;AC2-RE-LUB-PAN31;SETEMBRO
285211;PERIÓDICA;Lingotamento Contínuo - Lubrificação;Lingotamento Contínuo;2026-09-06;Executada;AC2-RE-LUB-PAN32;SETEMBRO
285212;PERIÓDICA;Lingotamento Contínuo - Lubrificação;Lingotamento Contínuo;2026-09-06;Executada;AC2-RE-LUB-PAN33;SETEMBRO
285213;PERIÓDICA;Lingotamento Contínuo - Lubrificação;Lingotamento Contínuo;2026-09-06;Executada;AC2-RE-LUB-PAN34;SETEMBRO
285214;PERIÓDICA;Lingotamento Contínuo - Lubrificação;Lingotamento Contínuo;2026-09-06;Executada;AC2-RE-LUB-PAN35;SETEMBRO
285215;PERIÓDICA;Lingotamento Contínuo - Lubrificação;Lingotamento Contínuo;2026-09-03;Executada;AC2-RE-LUB-VID36;SETEMBRO
285216;PERIÓDICA;Refrigeração;Refrigeração;2026-09-17;Executada;AC2-P21-RFG-AR1;SETEMBRO
285217;PERIÓDICA;Refrigeração;Refrigeração;2026-09-17;Executada;AC2-P21-RFG-AR2;SETEMBRO
285218;PERIÓDICA;Refrigeração;Refrigeração;2026-09-11;Executada;AC2-P22-RFG-AR3;SETEMBRO
285219;PERIÓDICA;Refrigeração;Refrigeração;2026-09-11;Executada;AC2-P22-RFG-AR4;SETEMBRO
285220;PERIÓDICA;Refrigeração;Refrigeração;2026-09-09;Executada;AC2-P23-RFG-AR5;SETEMBRO
285221;PERIÓDICA;Refrigeração;Refrigeração;2026-09-25;Pendente;AC2-P23-RFG-AR5;SETEMBRO
285222;PERIÓDICA;Refrigeração;Refrigeração;2026-09-09;Executada;AC2-P23-RFG-AR6;SETEMBRO
285223;PERIÓDICA;Refrigeração;Refrigeração;2026-09-25;Pendente;AC2-P23-RFG-AR6;SETEMBRO
285224;PERIÓDICA;Refrigeração;Refrigeração;2026-09-09;Executada;AC2-P23-RFG-AR7;SETEMBRO
285225;PERIÓDICA;Refrigeração;Refrigeração;2026-09-25;Pendente;AC2-P23-RFG-AR7;SETEMBRO
285226;PERIÓDICA;Refrigeração;Refrigeração;2026-09-03;Executada;AC2-P24-RF-AR10;SETEMBRO
285227;PERIÓDICA;Refrigeração;Refrigeração;2026-09-19;Pendente;AC2-P24-RF-AR10;SETEMBRO
285228;PERIÓDICA;Refrigeração;Refrigeração;2026-09-03;Pendente;AC2-P24-RFG-AR8;SETEMBRO
285229;PERIÓDICA;Refrigeração;Refrigeração;2026-09-19;Pendente;AC2-P24-RFG-AR8;SETEMBRO
285230;PERIÓDICA;Refrigeração;Refrigeração;2026-09-03;Pendente;AC2-P24-RFG-AR9;SETEMBRO
285231;PERIÓDICA;Refrigeração;Refrigeração;2026-09-19;Pendente;AC2-P24-RFG-AR9;SETEMBRO
285232;PERIÓDICA;Refrigeração;Refrigeração;2026-09-05;Executada;AC2-P25-RF-AR11;SETEMBRO
285233;PERIÓDICA;Refrigeração;Refrigeração;2026-09-21;Pendente;AC2-P25-RF-AR11;SETEMBRO
285234;PERIÓDICA;Refrigeração;Refrigeração;2026-09-05;Executada;AC2-P25-RF-AR12;SETEMBRO
285235;PERIÓDICA;Refrigeração;Refrigeração;2026-09-21;Pendente;AC2-P25-RF-AR12;SETEMBRO
285236;PERIÓDICA;Refrigeração;Refrigeração;2026-09-11;Pendente;AC2-P26-RF-AR13;SETEMBRO
285237;PERIÓDICA;Refrigeração;Refrigeração;2026-09-27;Pendente;AC2-P26-RF-AR13;SETEMBRO
285238;PERIÓDICA;Refrigeração;Refrigeração;2026-09-11;Pendente;AC2-P26-RF-AR14;SETEMBRO
285239;PERIÓDICA;Refrigeração;Refrigeração;2026-09-27;Pendente;AC2-P26-RF-AR14;SETEMBRO
285240;PERIÓDICA;Refrigeração;Refrigeração;2026-09-12;Executada;AC2-P27-RF-AR15;SETEMBRO
285241;PERIÓDICA;Refrigeração;Refrigeração;2026-09-28;Executada;AC2-P27-RF-AR15;SETEMBRO
285242;PERIÓDICA;Refrigeração;Refrigeração;2026-09-12;Executada;AC2-P27-RF-AR16;SETEMBRO
285243;PERIÓDICA;Refrigeração;Refrigeração;2026-09-28;Pendente;AC2-P27-RF-AR16;SETEMBRO
285244;PERIÓDICA;Pontes Rolantes - Lubrificação;Garra 1;2026-09-13;Executada;AC2-PR-GAR-GAR1;SETEMBRO
285245;PERIÓDICA;Pontes Rolantes - Lubrificação;Garra 1;2026-09-29;Pendente;AC2-PR-GAR-GAR1;SETEMBRO
285246;PERIÓDICA;Pontes Rolantes - Lubrificação;Garra 2;2026-09-10;Executada;AC2-PR-GAR-GAR2;SETEMBRO
285247;PERIÓDICA;Pontes Rolantes - Lubrificação;Garra 2;2026-09-26;Executada;AC2-PR-GAR-GAR2;SETEMBRO
285248;PERIÓDICA;Pontes Rolantes - Mecânica;Ponte 21;2026-09-01;Executada;AC2-PR21-INSP-00;SETEMBRO
285249;PERIÓDICA;Pontes Rolantes - Mecânica;Ponte 21;2026-09-17;Executada;AC2-PR21-INSP-00;SETEMBRO
285250;PERIÓDICA;Pontes Rolantes - Mecânica;Ponte 21;2026-09-12;Executada;AC2-PR21-INSP-01;SETEMBRO
285251;PERIÓDICA;Pontes Rolantes - Mecânica;Ponte 21;2026-09-28;Executada;AC2-PR21-INSP-01;SETEMBRO
285252;PERIÓDICA;Pontes Rolantes - Mecânica;Ponte 21;2026-09-01;Executada;AC2-PR21-INSP-02;SETEMBRO
285253;PERIÓDICA;Pontes Rolantes - Mecânica;Ponte 21;2026-09-17;Executada;AC2-PR21-INSP-02;SETEMBRO
285254;PERIÓDICA;Pontes Rolantes - Mecânica;Ponte 21;2026-09-12;Executada;AC2-PR21-INSP-03;SETEMBRO
285255;PERIÓDICA;Pontes Rolantes - Mecânica;Ponte 21;2026-09-28;Executada;AC2-PR21-INSP-03;SETEMBRO
285256;PERIÓDICA;Pontes Rolantes - Mecânica;Ponte 21;2026-09-12;Executada;AC2-PR21-INSP-04;SETEMBRO
285257;PERIÓDICA;Pontes Rolantes - Mecânica;Ponte 21;2026-09-28;Executada;AC2-PR21-INSP-04;SETEMBRO
285258;PERIÓDICA;Pontes Rolantes - Mecânica;Ponte 21;2026-09-12;Executada;AC2-PR21-INSP-05;SETEMBRO
285259;PERIÓDICA;Pontes Rolantes - Mecânica;Ponte 21;2026-09-28;Executada;AC2-PR21-INSP-05;SETEMBRO
285260;PERIÓDICA;Pontes Rolantes - Elétrica;Ponte 21;2026-09-01;Pendente;AC2-PR21-INSP-45;SETEMBRO
285261;PERIÓDICA;Pontes Rolantes - Elétrica;Ponte 21;2026-09-17;Executada;AC2-PR21-INSP-45;SETEMBRO
285262;PERIÓDICA;Pontes Rolantes - Elétrica;Ponte 21;2026-09-12;Executada;AC2-PR21-INSP-46;SETEMBRO
285263;PERIÓDICA;Pontes Rolantes - Elétrica;Ponte 21;2026-09-28;Pendente;AC2-PR21-INSP-46;SETEMBRO
285264;PERIÓDICA;Pontes Rolantes - Elétrica;Ponte 21;2026-09-12;Executada;AC2-PR21-INSP-47;SETEMBRO
285265;PERIÓDICA;Pontes Rolantes - Elétrica;Ponte 21;2026-09-28;Pendente;AC2-PR21-INSP-47;SETEMBRO
285266;PERIÓDICA;Pontes Rolantes - Elétrica;Ponte 21;2026-09-12;Executada;AC2-PR21-INSP-48;SETEMBRO
285267;PERIÓDICA;Pontes Rolantes - Elétrica;Ponte 21;2026-09-28;Pendente;AC2-PR21-INSP-48;SETEMBRO
285268;PERIÓDICA;Pontes Rolantes - Elétrica;Ponte 21;2026-09-12;Executada;AC2-PR21-INSP-49;SETEMBRO
285269;PERIÓDICA;Pontes Rolantes - Elétrica;Ponte 21;2026-09-28;Pendente;AC2-PR21-INSP-49;SETEMBRO
285270;PERIÓDICA;Pontes Rolantes - Elétrica;Ponte 21;2026-09-12;Executada;AC2-PR21-INSP-50;SETEMBRO
285271;PERIÓDICA;Pontes Rolantes - Elétrica;Ponte 21;2026-09-28;Pendente;AC2-PR21-INSP-50;SETEMBRO
285272;PERIÓDICA;Pontes Rolantes - Lubrificação;Ponte 21;2026-09-01;Executada;AC2-PR21-LUBR-00;SETEMBRO
285273;PERIÓDICA;Pontes Rolantes - Lubrificação;Ponte 21;2026-09-17;Executada;AC2-PR21-LUBR-00;SETEMBRO
285274;PERIÓDICA;Pontes Rolantes - Lubrificação;Ponte 21;2026-09-01;Executada;AC2-PR21-LUBR-01;SETEMBRO
285275;PERIÓDICA;Pontes Rolantes - Lubrificação;Ponte 21;2026-09-17;Executada;AC2-PR21-LUBR-01;SETEMBRO
285276;PERIÓDICA;Pontes Rolantes - Lubrificação;Ponte 21;2026-09-17;Executada;AC2-PR21-LUBR-02;SETEMBRO
285277;PERIÓDICA;Pontes Rolantes - Lubrificação;Ponte 21;2026-09-17;Executada;AC2-PR21-LUBR-03;SETEMBRO
285278;PERIÓDICA;Pontes Rolantes - Lubrificação;Ponte 21;2026-09-17;Executada;AC2-PR21-LUBR-04;SETEMBRO
285279;PERIÓDICA;Pontes Rolantes - Mecânica;Ponte 22;2026-09-12;Executada;AC2-PR22-INSP-06;SETEMBRO
285280;PERIÓDICA;Pontes Rolantes - Mecânica;Ponte 22;2026-09-28;Executada;AC2-PR22-INSP-06;SETEMBRO
285281;PERIÓDICA;Pontes Rolantes - Mecânica;Ponte 22;2026-09-12;Executada;AC2-PR22-INSP-07;SETEMBRO
285282;PERIÓDICA;Pontes Rolantes - Mecânica;Ponte 22;2026-09-28;Executada;AC2-PR22-INSP-07;SETEMBRO
285283;PERIÓDICA;Pontes Rolantes - Mecânica;Ponte 22;2026-09-12;Executada;AC2-PR22-INSP-08;SETEMBRO
285284;PERIÓDICA;Pontes Rolantes - Mecânica;Ponte 22;2026-09-28;Executada;AC2-PR22-INSP-08;SETEMBRO
285285;PERIÓDICA;Pontes Rolantes - Mecânica;Ponte 22;2026-09-06;Executada;AC2-PR22-INSP-09;SETEMBRO
285286;PERIÓDICA;Pontes Rolantes - Mecânica;Ponte 22;2026-09-22;Executada;AC2-PR22-INSP-09;SETEMBRO
285287;PERIÓDICA;Pontes Rolantes - Mecânica;Ponte 22;2026-09-06;Executada;AC2-PR22-INSP-10;SETEMBRO
285288;PERIÓDICA;Pontes Rolantes - Mecânica;Ponte 22;2026-09-22;Executada;AC2-PR22-INSP-10;SETEMBRO
285289;PERIÓDICA;Pontes Rolantes - Mecânica;Ponte 22;2026-09-06;Executada;AC2-PR22-INSP-11;SETEMBRO
285290;PERIÓDICA;Pontes Rolantes - Mecânica;Ponte 22;2026-09-22;Executada;AC2-PR22-INSP-11;SETEMBRO
285291;PERIÓDICA;Pontes Rolantes - Elétrica;Ponte 22;2026-09-12;Executada;AC2-PR22-INSP-51;SETEMBRO
285292;PERIÓDICA;Pontes Rolantes - Elétrica;Ponte 22;2026-09-28;Executada;AC2-PR22-INSP-51;SETEMBRO
285293;PERIÓDICA;Pontes Rolantes - Elétrica;Ponte 22;2026-09-12;Executada;AC2-PR22-INSP-52;SETEMBRO
285294;PERIÓDICA;Pontes Rolantes - Elétrica;Ponte 22;2026-09-28;Executada;AC2-PR22-INSP-52;SETEMBRO
285295;PERIÓDICA;Pontes Rolantes - Elétrica;Ponte 22;2026-09-12;Executada;AC2-PR22-INSP-53;SETEMBRO
285296;PERIÓDICA;Pontes Rolantes - Elétrica;Ponte 22;2026-09-28;Executada;AC2-PR22-INSP-53;SETEMBRO
285297;PERIÓDICA;Pontes Rolantes - Elétrica;Ponte 22;2026-09-12;Executada;AC2-PR22-INSP-54;SETEMBRO
285298;PERIÓDICA;Pontes Rolantes - Elétrica;Ponte 22;2026-09-28;Executada;AC2-PR22-INSP-54;SETEMBRO
285299;PERIÓDICA;Pontes Rolantes - Elétrica;Ponte 22;2026-09-12;Executada;AC2-PR22-INSP-55;SETEMBRO
285300;PERIÓDICA;Pontes Rolantes - Elétrica;Ponte 22;2026-09-28;Executada;AC2-PR22-INSP-55;SETEMBRO
285301;PERIÓDICA;Pontes Rolantes - Elétrica;Ponte 22;2026-09-12;Executada;AC2-PR22-INSP-56;SETEMBRO
285302;PERIÓDICA;Pontes Rolantes - Elétrica;Ponte 22;2026-09-28;Executada;AC2-PR22-INSP-56;SETEMBRO
285303;PERIÓDICA;Pontes Rolantes - Lubrificação;Ponte 22;2026-09-13;Executada;AC2-PR22-LUBR-05;SETEMBRO
285304;PERIÓDICA;Pontes Rolantes - Lubrificação;Ponte 22;2026-09-29;Pendente;AC2-PR22-LUBR-05;SETEMBRO
285305;PERIÓDICA;Pontes Rolantes - Lubrificação;Ponte 22;2026-09-13;Executada;AC2-PR22-LUBR-06;SETEMBRO
285306;PERIÓDICA;Pontes Rolantes - Lubrificação;Ponte 22;2026-09-29;Pendente;AC2-PR22-LUBR-06;SETEMBRO
285307;PERIÓDICA;Pontes Rolantes - Lubrificação;Ponte 22;2026-09-11;Executada;AC2-PR22-LUBR-07;SETEMBRO
285308;PERIÓDICA;Pontes Rolantes - Lubrificação;Ponte 22;2026-09-11;Executada;AC2-PR22-LUBR-08;SETEMBRO
285309;PERIÓDICA;Pontes Rolantes - Lubrificação;Ponte 22;2026-09-11;Executada;AC2-PR22-LUBR-09;SETEMBRO
285310;PERIÓDICA;Pontes Rolantes - Mecânica;Ponte 23;2026-09-06;Executada;AC2-PR23-INSP-12;SETEMBRO
285311;PERIÓDICA;Pontes Rolantes - Mecânica;Ponte 23;2026-09-22;Pendente;AC2-PR23-INSP-12;SETEMBRO
285312;PERIÓDICA;Pontes Rolantes - Mecânica;Ponte 23;2026-09-06;Executada;AC2-PR23-INSP-13;SETEMBRO
285313;PERIÓDICA;Pontes Rolantes - Mecânica;Ponte 23;2026-09-22;Pendente;AC2-PR23-INSP-13;SETEMBRO
285314;PERIÓDICA;Pontes Rolantes - Mecânica;Ponte 23;2026-09-01;Executada;AC2-PR23-INSP-14;SETEMBRO
285315;PERIÓDICA;Pontes Rolantes - Mecânica;Ponte 23;2026-09-17;Pendente;AC2-PR23-INSP-14;SETEMBRO
285316;PERIÓDICA;Pontes Rolantes - Mecânica;Ponte 23;2026-09-06;Executada;AC2-PR23-INSP-15;SETEMBRO
285317;PERIÓDICA;Pontes Rolantes - Mecânica;Ponte 23;2026-09-22;Pendente;AC2-PR23-INSP-15;SETEMBRO
285318;PERIÓDICA;Pontes Rolantes - Mecânica;Ponte 23;2026-09-06;Executada;AC2-PR23-INSP-16;SETEMBRO
285319;PERIÓDICA;Pontes Rolantes - Mecânica;Ponte 23;2026-09-22;Pendente;AC2-PR23-INSP-16;SETEMBRO
285320;PERIÓDICA;Pontes Rolantes - Mecânica;Ponte 23;2026-09-01;Executada;AC2-PR23-INSP-17;SETEMBRO
285321;PERIÓDICA;Pontes Rolantes - Mecânica;Ponte 23;2026-09-17;Pendente;AC2-PR23-INSP-17;SETEMBRO
285322;PERIÓDICA;Pontes Rolantes - Elétrica;Ponte 23;2026-09-13;Executada;AC2-PR23-INSP-57;SETEMBRO
285323;PERIÓDICA;Pontes Rolantes - Elétrica;Ponte 23;2026-09-29;Executada;AC2-PR23-INSP-57;SETEMBRO
285324;PERIÓDICA;Pontes Rolantes - Elétrica;Ponte 23;2026-09-13;Executada;AC2-PR23-INSP-58;SETEMBRO
285325;PERIÓDICA;Pontes Rolantes - Elétrica;Ponte 23;2026-09-29;Executada;AC2-PR23-INSP-58;SETEMBRO
285326;PERIÓDICA;Pontes Rolantes - Elétrica;Ponte 23;2026-09-13;Executada;AC2-PR23-INSP-59;SETEMBRO
285327;PERIÓDICA;Pontes Rolantes - Elétrica;Ponte 23;2026-09-29;Executada;AC2-PR23-INSP-59;SETEMBRO
285328;PERIÓDICA;Pontes Rolantes - Elétrica;Ponte 23;2026-09-13;Executada;AC2-PR23-INSP-60;SETEMBRO
285329;PERIÓDICA;Pontes Rolantes - Elétrica;Ponte 23;2026-09-29;Executada;AC2-PR23-INSP-60;SETEMBRO
285330;PERIÓDICA;Pontes Rolantes - Elétrica;Ponte 23;2026-09-13;Executada;AC2-PR23-INSP-61;SETEMBRO
285331;PERIÓDICA;Pontes Rolantes - Elétrica;Ponte 23;2026-09-29;Executada;AC2-PR23-INSP-61;SETEMBRO
285332;PERIÓDICA;Pontes Rolantes - Lubrificação;Ponte 23;2026-09-09;Executada;AC2-PR23-LUBR-10;SETEMBRO
285333;PERIÓDICA;Pontes Rolantes - Lubrificação;Ponte 23;2026-09-25;Executada;AC2-PR23-LUBR-10;SETEMBRO
285334;PERIÓDICA;Pontes Rolantes - Lubrificação;Ponte 23;2026-09-09;Executada;AC2-PR23-LUBR-11;SETEMBRO
285335;PERIÓDICA;Pontes Rolantes - Lubrificação;Ponte 23;2026-09-25;Executada;AC2-PR23-LUBR-11;SETEMBRO
285336;PERIÓDICA;Pontes Rolantes - Lubrificação;Ponte 23;2026-09-10;Executada;AC2-PR23-LUBR-12;SETEMBRO
285337;PERIÓDICA;Pontes Rolantes - Lubrificação;Ponte 23;2026-09-10;Executada;AC2-PR23-LUBR-13;SETEMBRO
285338;PERIÓDICA;Pontes Rolantes - Lubrificação;Ponte 23;2026-09-10;Executada;AC2-PR23-LUBR-14;SETEMBRO
285339;PERIÓDICA;Pontes Rolantes - Mecânica;Ponte 24;2026-09-01;Executada;AC2-PR24-INSP-18;SETEMBRO
285340;PERIÓDICA;Pontes Rolantes - Mecânica;Ponte 24;2026-09-17;Executada;AC2-PR24-INSP-18;SETEMBRO
285341;PERIÓDICA;Pontes Rolantes - Mecânica;Ponte 24;2026-09-01;Executada;AC2-PR24-INSP-19;SETEMBRO
285342;PERIÓDICA;Pontes Rolantes - Mecânica;Ponte 24;2026-09-17;Executada;AC2-PR24-INSP-19;SETEMBRO
285343;PERIÓDICA;Pontes Rolantes - Mecânica;Ponte 24;2026-09-01;Executada;AC2-PR24-INSP-20;SETEMBRO
285344;PERIÓDICA;Pontes Rolantes - Mecânica;Ponte 24;2026-09-17;Executada;AC2-PR24-INSP-20;SETEMBRO
285345;PERIÓDICA;Pontes Rolantes - Mecânica;Ponte 24;2026-09-01;Executada;AC2-PR24-INSP-21;SETEMBRO
285346;PERIÓDICA;Pontes Rolantes - Mecânica;Ponte 24;2026-09-17;Pendente;AC2-PR24-INSP-21;SETEMBRO
285347;PERIÓDICA;Pontes Rolantes - Mecânica;Ponte 24;2026-09-01;Executada;AC2-PR24-INSP-22;SETEMBRO
285348;PERIÓDICA;Pontes Rolantes - Mecânica;Ponte 24;2026-09-17;Pendente;AC2-PR24-INSP-22;SETEMBRO
285349;PERIÓDICA;Pontes Rolantes - Mecânica;Ponte 24;2026-09-01;Executada;AC2-PR24-INSP-23;SETEMBRO
285350;PERIÓDICA;Pontes Rolantes - Mecânica;Ponte 24;2026-09-17;Pendente;AC2-PR24-INSP-23;SETEMBRO
285351;PERIÓDICA;Pontes Rolantes - Elétrica;Ponte 24;2026-09-10;Executada;AC2-PR24-INSP-62;SETEMBRO
285352;PERIÓDICA;Pontes Rolantes - Elétrica;Ponte 24;2026-09-26;Pendente;AC2-PR24-INSP-62;SETEMBRO
285353;PERIÓDICA;Pontes Rolantes - Elétrica;Ponte 24;2026-09-10;Executada;AC2-PR24-INSP-63;SETEMBRO
285354;PERIÓDICA;Pontes Rolantes - Elétrica;Ponte 24;2026-09-26;Executada;AC2-PR24-INSP-63;SETEMBRO
285355;PERIÓDICA;Pontes Rolantes - Elétrica;Ponte 24;2026-09-10;Executada;AC2-PR24-INSP-64;SETEMBRO
285356;PERIÓDICA;Pontes Rolantes - Elétrica;Ponte 24;2026-09-26;Executada;AC2-PR24-INSP-64;SETEMBRO
285357;PERIÓDICA;Pontes Rolantes - Elétrica;Ponte 24;2026-09-10;Executada;AC2-PR24-INSP-65;SETEMBRO
285358;PERIÓDICA;Pontes Rolantes - Elétrica;Ponte 24;2026-09-26;Executada;AC2-PR24-INSP-65;SETEMBRO
285359;PERIÓDICA;Pontes Rolantes - Elétrica;Ponte 24;2026-09-10;Executada;AC2-PR24-INSP-66;SETEMBRO
285360;PERIÓDICA;Pontes Rolantes - Elétrica;Ponte 24;2026-09-26;Executada;AC2-PR24-INSP-66;SETEMBRO
285361;PERIÓDICA;Pontes Rolantes - Lubrificação;Ponte 24;2026-09-01;Pendente;AC2-PR24-LUBR-15;SETEMBRO
285362;PERIÓDICA;Pontes Rolantes - Lubrificação;Ponte 24;2026-09-17;Pendente;AC2-PR24-LUBR-15;SETEMBRO
285363;PERIÓDICA;Pontes Rolantes - Lubrificação;Ponte 24;2026-09-01;Pendente;AC2-PR24-LUBR-16;SETEMBRO
285364;PERIÓDICA;Pontes Rolantes - Lubrificação;Ponte 24;2026-09-17;Pendente;AC2-PR24-LUBR-16;SETEMBRO
285365;PERIÓDICA;Pontes Rolantes - Lubrificação;Ponte 24;2026-09-18;Executada;AC2-PR24-LUBR-17;SETEMBRO
285366;PERIÓDICA;Pontes Rolantes - Lubrificação;Ponte 24;2026-09-18;Pendente;AC2-PR24-LUBR-18;SETEMBRO
285367;PERIÓDICA;Pontes Rolantes - Lubrificação;Ponte 24;2026-09-18;Pendente;AC2-PR24-LUBR-41;SETEMBRO
285368;PERIÓDICA;Pontes Rolantes - Mecânica;Ponte 25;2026-09-01;Executada;AC2-PR25-INSP-24;SETEMBRO
285369;PERIÓDICA;Pontes Rolantes - Mecânica;Ponte 25;2026-09-17;Executada;AC2-PR25-INSP-24;SETEMBRO
285370;PERIÓDICA;Pontes Rolantes - Mecânica;Ponte 25;2026-09-04;Executada;AC2-PR25-INSP-25;SETEMBRO
285371;PERIÓDICA;Pontes Rolantes - Mecânica;Ponte 25;2026-09-20;Executada;AC2-PR25-INSP-25;SETEMBRO
285372;PERIÓDICA;Pontes Rolantes - Mecânica;Ponte 25;2026-09-04;Executada;AC2-PR25-INSP-26;SETEMBRO
285373;PERIÓDICA;Pontes Rolantes - Mecânica;Ponte 25;2026-09-20;Executada;AC2-PR25-INSP-26;SETEMBRO
285374;PERIÓDICA;Pontes Rolantes - Mecânica;Ponte 25;2026-09-01;Executada;AC2-PR25-INSP-27;SETEMBRO
285375;PERIÓDICA;Pontes Rolantes - Mecânica;Ponte 25;2026-09-17;Executada;AC2-PR25-INSP-27;SETEMBRO
285376;PERIÓDICA;Pontes Rolantes - Mecânica;Ponte 25;2026-09-04;Executada;AC2-PR25-INSP-28;SETEMBRO
285377;PERIÓDICA;Pontes Rolantes - Mecânica;Ponte 25;2026-09-20;Executada;AC2-PR25-INSP-28;SETEMBRO
285378;PERIÓDICA;Pontes Rolantes - Elétrica;Ponte 25;2026-09-04;Pendente;AC2-PR25-INSP-67;SETEMBRO
285379;PERIÓDICA;Pontes Rolantes - Elétrica;Ponte 25;2026-09-20;Pendente;AC2-PR25-INSP-67;SETEMBRO
285380;PERIÓDICA;Pontes Rolantes - Elétrica;Ponte 25;2026-09-04;Pendente;AC2-PR25-INSP-68;SETEMBRO
285381;PERIÓDICA;Pontes Rolantes - Elétrica;Ponte 25;2026-09-20;Pendente;AC2-PR25-INSP-68;SETEMBRO
285382;PERIÓDICA;Pontes Rolantes - Elétrica;Ponte 25;2026-09-04;Executada;AC2-PR25-INSP-69;SETEMBRO
285383;PERIÓDICA;Pontes Rolantes - Elétrica;Ponte 25;2026-09-20;Pendente;AC2-PR25-INSP-69;SETEMBRO
285384;PERIÓDICA;Pontes Rolantes - Elétrica;Ponte 25;2026-09-04;Pendente;AC2-PR25-INSP-70;SETEMBRO
285385;PERIÓDICA;Pontes Rolantes - Elétrica;Ponte 25;2026-09-20;Pendente;AC2-PR25-INSP-70;SETEMBRO
285386;PERIÓDICA;Pontes Rolantes - Elétrica;Ponte 25;2026-09-04;Pendente;AC2-PR25-INSP-71;SETEMBRO
285387;PERIÓDICA;Pontes Rolantes - Elétrica;Ponte 25;2026-09-20;Pendente;AC2-PR25-INSP-71;SETEMBRO
285388;PERIÓDICA;Pontes Rolantes - Lubrificação;Ponte 25;2026-09-05;Executada;AC2-PR25-LUBR-20;SETEMBRO
285389;PERIÓDICA;Pontes Rolantes - Lubrificação;Ponte 25;2026-09-21;Executada;AC2-PR25-LUBR-20;SETEMBRO
285390;PERIÓDICA;Pontes Rolantes - Lubrificação;Ponte 25;2026-09-05;Executada;AC2-PR25-LUBR-21;SETEMBRO
285391;PERIÓDICA;Pontes Rolantes - Lubrificação;Ponte 25;2026-09-21;Executada;AC2-PR25-LUBR-21;SETEMBRO
285392;PERIÓDICA;Pontes Rolantes - Lubrificação;Ponte 25;2026-09-20;Executada;AC2-PR25-LUBR-22;SETEMBRO
285393;PERIÓDICA;Pontes Rolantes - Lubrificação;Ponte 25;2026-09-20;Executada;AC2-PR25-LUBR-23;SETEMBRO
285394;PERIÓDICA;Pontes Rolantes - Lubrificação;Ponte 25;2026-09-07;Executada;AC2-PR25-LUBR-24;SETEMBRO
285395;PERIÓDICA;Pontes Rolantes - Mecânica;Ponte 26;2026-09-01;Pendente;AC2-PR26-INSP-29;SETEMBRO
285396;PERIÓDICA;Pontes Rolantes - Mecânica;Ponte 26;2026-09-17;Executada;AC2-PR26-INSP-29;SETEMBRO
285397;PERIÓDICA;Pontes Rolantes - Mecânica;Ponte 26;2026-09-04;Executada;AC2-PR26-INSP-30;SETEMBRO
285398;PERIÓDICA;Pontes Rolantes - Mecânica;Ponte 26;2026-09-20;Pendente;AC2-PR26-INSP-30;SETEMBRO
285399;PERIÓDICA;Pontes Rolantes - Mecânica;Ponte 26;2026-09-04;Executada;AC2-PR26-INSP-31;SETEMBRO
285400;PERIÓDICA;Pontes Rolantes - Mecânica;Ponte 26;2026-09-20;Pendente;AC2-PR26-INSP-31;SETEMBRO
285401;PERIÓDICA;Pontes Rolantes - Mecânica;Ponte 26;2026-09-04;Executada;AC2-PR26-INSP-33;SETEMBRO
285402;PERIÓDICA;Pontes Rolantes - Mecânica;Ponte 26;2026-09-20;Pendente;AC2-PR26-INSP-33;SETEMBRO
285403;PERIÓDICA;Pontes Rolantes - Mecânica;Ponte 26;2026-09-04;Executada;AC2-PR26-INSP-34;SETEMBRO
285404;PERIÓDICA;Pontes Rolantes - Mecânica;Ponte 26;2026-09-20;Pendente;AC2-PR26-INSP-34;SETEMBRO
285405;PERIÓDICA;Pontes Rolantes - Mecânica;Ponte 26;2026-09-04;Executada;AC2-PR26-INSP-35;SETEMBRO
285406;PERIÓDICA;Pontes Rolantes - Mecânica;Ponte 26;2026-09-20;Pendente;AC2-PR26-INSP-35;SETEMBRO
285407;PERIÓDICA;Pontes Rolantes - Elétrica;Ponte 26;2026-09-11;Executada;AC2-PR26-INSP-72;SETEMBRO
285408;PERIÓDICA;Pontes Rolantes - Elétrica;Ponte 26;2026-09-27;Pendente;AC2-PR26-INSP-72;SETEMBRO
285409;PERIÓDICA;Pontes Rolantes - Elétrica;Ponte 26;2026-09-11;Executada;AC2-PR26-INSP-73;SETEMBRO
285410;PERIÓDICA;Pontes Rolantes - Elétrica;Ponte 26;2026-09-27;Pendente;AC2-PR26-INSP-73;SETEMBRO
285411;PERIÓDICA;Pontes Rolantes - Elétrica;Ponte 26;2026-09-11;Executada;AC2-PR26-INSP-74;SETEMBRO
285412;PERIÓDICA;Pontes Rolantes - Elétrica;Ponte 26;2026-09-27;Pendente;AC2-PR26-INSP-74;SETEMBRO
285413;PERIÓDICA;Pontes Rolantes - Elétrica;Ponte 26;2026-09-11;Executada;AC2-PR26-INSP-75;SETEMBRO
285414;PERIÓDICA;Pontes Rolantes - Elétrica;Ponte 26;2026-09-27;Pendente;AC2-PR26-INSP-75;SETEMBRO
285415;PERIÓDICA;Pontes Rolantes - Elétrica;Ponte 26;2026-09-11;Executada;AC2-PR26-INSP-76;SETEMBRO
285416;PERIÓDICA;Pontes Rolantes - Elétrica;Ponte 26;2026-09-27;Pendente;AC2-PR26-INSP-76;SETEMBRO
285417;PERIÓDICA;Pontes Rolantes - Elétrica;Ponte 26;2026-09-11;Executada;AC2-PR26-INSP-77;SETEMBRO
285418;PERIÓDICA;Pontes Rolantes - Elétrica;Ponte 26;2026-09-27;Pendente;AC2-PR26-INSP-77;SETEMBRO
285419;PERIÓDICA;Pontes Rolantes - Lubrificação;Ponte 26;2026-09-11;Executada;AC2-PR26-LUBR-25;SETEMBRO
285420;PERIÓDICA;Pontes Rolantes - Lubrificação;Ponte 26;2026-09-27;Executada;AC2-PR26-LUBR-25;SETEMBRO
285421;PERIÓDICA;Pontes Rolantes - Lubrificação;Ponte 26;2026-09-11;Executada;AC2-PR26-LUBR-26;SETEMBRO
285422;PERIÓDICA;Pontes Rolantes - Lubrificação;Ponte 26;2026-09-27;Executada;AC2-PR26-LUBR-26;SETEMBRO
285423;PERIÓDICA;Pontes Rolantes - Lubrificação;Ponte 26;2026-09-26;Executada;AC2-PR26-LUBR-27;SETEMBRO
285424;PERIÓDICA;Pontes Rolantes - Lubrificação;Ponte 26;2026-09-26;Executada;AC2-PR26-LUBR-28;SETEMBRO
285425;PERIÓDICA;Pontes Rolantes - Lubrificação;Ponte 26;2026-09-14;Executada;AC2-PR26-LUBR-29;SETEMBRO
285426;PERIÓDICA;Pontes Rolantes - Lubrificação;Ponte 26;2026-09-11;Executada;AC2-PR26-LUBR-38;SETEMBRO
285427;PERIÓDICA;Pontes Rolantes - Lubrificação;Ponte 26;2026-09-27;Executada;AC2-PR26-LUBR-38;SETEMBRO
285428;PERIÓDICA;Pontes Rolantes - Lubrificação;Ponte 26;2026-09-12;Pendente;AC2-PR26-LUBR-39;SETEMBRO
285429;PERIÓDICA;Pontes Rolantes - Lubrificação;Ponte 26;2026-09-28;Executada;AC2-PR26-LUBR-39;SETEMBRO
285430;PERIÓDICA;Pontes Rolantes - Mecânica;Ponte 27;2026-09-12;Executada;AC2-PR27-INSP-36;SETEMBRO
285431;PERIÓDICA;Pontes Rolantes - Mecânica;Ponte 27;2026-09-28;Pendente;AC2-PR27-INSP-36;SETEMBRO
285432;PERIÓDICA;Pontes Rolantes - Mecânica;Ponte 27;2026-09-12;Executada;AC2-PR27-INSP-37;SETEMBRO
285433;PERIÓDICA;Pontes Rolantes - Mecânica;Ponte 27;2026-09-28;Pendente;AC2-PR27-INSP-37;SETEMBRO
285434;PERIÓDICA;Pontes Rolantes - Mecânica;Ponte 27;2026-09-12;Executada;AC2-PR27-INSP-38;SETEMBRO
285435;PERIÓDICA;Pontes Rolantes - Mecânica;Ponte 27;2026-09-28;Pendente;AC2-PR27-INSP-38;SETEMBRO
285436;PERIÓDICA;Pontes Rolantes - Mecânica;Ponte 27;2026-09-12;Executada;AC2-PR27-INSP-39;SETEMBRO
285437;PERIÓDICA;Pontes Rolantes - Mecânica;Ponte 27;2026-09-28;Pendente;AC2-PR27-INSP-39;SETEMBRO
285438;PERIÓDICA;Pontes Rolantes - Mecânica;Ponte 27;2026-09-12;Executada;AC2-PR27-INSP-40;SETEMBRO
285439;PERIÓDICA;Pontes Rolantes - Mecânica;Ponte 27;2026-09-28;Pendente;AC2-PR27-INSP-40;SETEMBRO
285440;PERIÓDICA;Pontes Rolantes - Mecânica;Ponte 27;2026-09-12;Executada;AC2-PR27-INSP-41;SETEMBRO
285441;PERIÓDICA;Pontes Rolantes - Mecânica;Ponte 27;2026-09-28;Pendente;AC2-PR27-INSP-41;SETEMBRO
285442;PERIÓDICA;Pontes Rolantes - Elétrica;Ponte 27;2026-09-10;Executada;AC2-PR27-INSP-78;SETEMBRO
285443;PERIÓDICA;Pontes Rolantes - Elétrica;Ponte 27;2026-09-26;Executada;AC2-PR27-INSP-78;SETEMBRO
285444;PERIÓDICA;Pontes Rolantes - Elétrica;Ponte 27;2026-09-10;Executada;AC2-PR27-INSP-79;SETEMBRO
285445;PERIÓDICA;Pontes Rolantes - Elétrica;Ponte 27;2026-09-26;Executada;AC2-PR27-INSP-79;SETEMBRO
285446;PERIÓDICA;Pontes Rolantes - Elétrica;Ponte 27;2026-09-10;Executada;AC2-PR27-INSP-80;SETEMBRO
285447;PERIÓDICA;Pontes Rolantes - Elétrica;Ponte 27;2026-09-26;Executada;AC2-PR27-INSP-80;SETEMBRO
285448;PERIÓDICA;Pontes Rolantes - Elétrica;Ponte 27;2026-09-10;Executada;AC2-PR27-INSP-81;SETEMBRO
285449;PERIÓDICA;Pontes Rolantes - Elétrica;Ponte 27;2026-09-26;Executada;AC2-PR27-INSP-81;SETEMBRO
285450;PERIÓDICA;Pontes Rolantes - Elétrica;Ponte 27;2026-09-10;Executada;AC2-PR27-INSP-82;SETEMBRO
285451;PERIÓDICA;Pontes Rolantes - Elétrica;Ponte 27;2026-09-26;Executada;AC2-PR27-INSP-82;SETEMBRO
285452;PERIÓDICA;Pontes Rolantes - Elétrica;Ponte 27;2026-09-10;Executada;AC2-PR27-INSP-83;SETEMBRO
285453;PERIÓDICA;Pontes Rolantes - Elétrica;Ponte 27;2026-09-26;Executada;AC2-PR27-INSP-83;SETEMBRO
285454;PERIÓDICA;Pontes Rolantes - Lubrificação;Ponte 27;2026-09-12;Executada;AC2-PR27-LUBR-30;SETEMBRO
285455;PERIÓDICA;Pontes Rolantes - Lubrificação;Ponte 27;2026-09-28;Executada;AC2-PR27-LUBR-30;SETEMBRO
285456;PERIÓDICA;Pontes Rolantes - Lubrificação;Ponte 27;2026-09-12;Executada;AC2-PR27-LUBR-31;SETEMBRO
285457;PERIÓDICA;Pontes Rolantes - Lubrificação;Ponte 27;2026-09-28;Executada;AC2-PR27-LUBR-31;SETEMBRO
285458;PERIÓDICA;Pontes Rolantes - Lubrificação;Ponte 27;2026-09-13;Executada;AC2-PR27-LUBR-32;SETEMBRO
285459;PERIÓDICA;Pontes Rolantes - Lubrificação;Ponte 27;2026-09-13;Executada;AC2-PR27-LUBR-33;SETEMBRO
285460;PERIÓDICA;Pontes Rolantes - Lubrificação;Ponte 27;2026-09-13;Executada;AC2-PR27-LUBR-34;SETEMBRO
285461;PERIÓDICA;Pontes Rolantes - Mecânica;Ponte 28;2026-09-21;Executada;AC2-PR28-INSP-42;SETEMBRO
285462;PERIÓDICA;Pontes Rolantes - Mecânica;Ponte 28;2026-09-21;Executada;AC2-PR28-INSP-43;SETEMBRO
285463;PERIÓDICA;Pontes Rolantes - Mecânica;Ponte 28;2026-09-21;Executada;AC2-PR28-INSP-44;SETEMBRO
285464;PERIÓDICA;Pontes Rolantes - Lubrificação;Ponte 28;2026-09-24;Executada;AC2-PR28-LUBR-35;SETEMBRO
285465;PERIÓDICA;Pontes Rolantes - Lubrificação;Ponte 28;2026-09-24;Executada;AC2-PR28-LUBR-36;SETEMBRO
285466;PERIÓDICA;Pontes Rolantes - Lubrificação;Ponte 28;2026-09-24;Executada;AC2-PR28-LUBR-37;SETEMBRO
285467;PERIÓDICA;Pontes Rolantes - Lubrificação;Ponte Rolante;2026-09-17;Executada;AC2-REDUT-ELEV1;SETEMBRO
285468;PERIÓDICA;Pontes Rolantes - Lubrificação;Ponte Rolante;2026-09-10;Executada;AC2-REDUT-ELEV2;SETEMBRO
285548;PERIÓDICA;Lingotamento Contínuo - Hidráulica;FEA;2026-09-12;Pendente;AC2-FEA-PRD-SH01;SETEMBRO
285549;PERIÓDICA;FEA - Elétrica;FEA;2026-09-01;Pendente;AC2-FEA-REV-AB01;SETEMBRO
285550;PERIÓDICA;Lingotamento Contínuo - Hidráulica;Forno Elétrico;2026-09-12;Pendente;AC2-FP-PRD-SHI01;SETEMBRO
285551;PERIÓDICA;Forno Panela - Elétrica;Não informado;2026-09-01;Executada;AC2-FP-REV-CAP01;SETEMBRO
285552;PERIÓDICA;Lingotamento Contínuo - Hidráulica;Lingotamento Contínuo;2026-09-12;Pendente;AC2-LC-PRD-SHI01;SETEMBRO
285553;PERIÓDICA;Lingotamento Contínuo - Hidráulica;Lingotamento Contínuo;2026-09-12;Pendente;AC2-LC-PRD-SHI02;SETEMBRO
285554;PERIÓDICA;Lingotamento Contínuo - Mecânica;Lingotamento Contínuo;2026-09-02;Executada;AC2-LC-REV-CTR22;SETEMBRO
285555;PERIÓDICA;Lingotamento Contínuo - Mecânica;Lingotamento Contínuo;2026-09-18;Executada;AC2-LC-REV-CTR22;SETEMBRO
285556;PERIÓDICA;Lingotamento Contínuo - Elétrica;Lingotamento Contínuo;2026-09-05;Pendente;AC2-LC-REV-CTR43;SETEMBRO
285557;PERIÓDICA;Lingotamento Contínuo - Elétrica;Lingotamento Contínuo;2026-09-12;Pendente;AC2-LC-REV-CTR43;SETEMBRO
285558;PERIÓDICA;Lingotamento Contínuo - Elétrica;Lingotamento Contínuo;2026-09-19;Pendente;AC2-LC-REV-CTR43;SETEMBRO
285559;PERIÓDICA;Lingotamento Contínuo - Elétrica;Lingotamento Contínuo;2026-09-26;Pendente;AC2-LC-REV-CTR43;SETEMBRO
285560;PERIÓDICA;Lingotamento Contínuo - Elétrica;Lingotamento Contínuo;2026-09-09;Pendente;AC2-LC-REV-MGR41;SETEMBRO
285561;PERIÓDICA;Lingotamento Contínuo - Elétrica;Lingotamento Contínuo;2026-09-01;Pendente;AC2-LC-REV-SED37;SETEMBRO
285562;PERIÓDICA;Lingotamento Contínuo - Elétrica;Lingotamento Contínuo;2026-09-17;Pendente;AC2-LC-REV-SED37;SETEMBRO
285563;PERIÓDICA;Lingotamento Contínuo - Elétrica;Lingotamento Contínuo;2026-09-18;Pendente;AC2-LC-REV-SED47;SETEMBRO
285564;PERIÓDICA;Lingotamento Contínuo - Mecânica;Lingotamento Contínuo;2026-09-02;Executada;AC2-LC-REV-SOX19;SETEMBRO
285565;PERIÓDICA;Lingotamento Contínuo - Mecânica;Lingotamento Contínuo;2026-09-18;Executada;AC2-LC-REV-SOX19;SETEMBRO
285566;PERIÓDICA;Lingotamento Contínuo - Mecânica;Lingotamento Contínuo;2026-09-02;Executada;AC2-LC-REV-SOX20;SETEMBRO
285567;PERIÓDICA;Lingotamento Contínuo - Mecânica;Lingotamento Contínuo;2026-09-18;Executada;AC2-LC-REV-SOX20;SETEMBRO
285568;PERIÓDICA;Lingotamento Contínuo - Mecânica;Lingotamento Contínuo;2026-09-13;Executada;AC2-LC-REV-SOX21;SETEMBRO
285569;PERIÓDICA;Lingotamento Contínuo - Mecânica;Lingotamento Contínuo;2026-09-29;Executada;AC2-LC-REV-SOX21;SETEMBRO
285570;PERIÓDICA;Lingotamento Contínuo - Elétrica;Lingotamento Contínuo;2026-09-14;Pendente;AC2-LC-REV-SOX39;SETEMBRO
285571;PERIÓDICA;Lingotamento Contínuo - Elétrica;Lingotamento Contínuo;2026-09-30;Pendente;AC2-LC-REV-SOX39;SETEMBRO
285572;PERIÓDICA;Lingotamento Contínuo - Elétrica;Lingotamento Contínuo;2026-09-10;Pendente;AC2-LC-REV-TOG27;SETEMBRO
285573;PERIÓDICA;Lingotamento Contínuo - Elétrica;Lingotamento Contínuo;2026-09-10;Pendente;AC2-LC-REV-TOG28;SETEMBRO
285574;PERIÓDICA;Lingotamento Contínuo - Elétrica;Lingotamento Contínuo;2026-09-16;Pendente;AC2-LC-REV-AQD49;SETEMBRO
285575;PERIÓDICA;Lingotamento Contínuo - Elétrica;Lingotamento Contínuo;2026-09-27;Pendente;AC2-LC-REV-AQH48;SETEMBRO
285576;PERIÓDICA;Lingotamento Contínuo - Elétrica;Lingotamento Contínuo;2026-09-25;Pendente;AC2-LC-REV-AQV57;SETEMBRO
285577;PERIÓDICA;Lingotamento Contínuo - Elétrica;Lingotamento Contínuo;2026-09-28;Pendente;AC2-LC-REV-MPR50;SETEMBRO
285578;PERIÓDICA;Lingotamento Contínuo - Elétrica;Lingotamento Contínuo;2026-09-13;Pendente;AC2-LC-REV-UHI56;SETEMBRO
285579;PERIÓDICA;Pontes Rolantes - Mecânica;Ponte 21;2026-09-17;Executada;AC2-PR21-REV-000;SETEMBRO
285580;PERIÓDICA;Pontes Rolantes - Mecânica;Ponte 21;2026-09-17;Executada;AC2-PR21-REV-001;SETEMBRO
285581;PERIÓDICA;Pontes Rolantes - Mecânica;Ponte 21;2026-09-17;Executada;AC2-PR21-REV-002;SETEMBRO
285582;PERIÓDICA;Pontes Rolantes - Mecânica;Ponte 21;2026-09-17;Executada;AC2-PR21-REV-003;SETEMBRO
285583;PERIÓDICA;Pontes Rolantes - Elétrica;Ponte 21;2026-09-17;Executada;AC2-PR21-REV-041;SETEMBRO
285584;PERIÓDICA;Pontes Rolantes - Elétrica;Ponte 21;2026-09-17;Executada;AC2-PR21-REV-042;SETEMBRO
285585;PERIÓDICA;Pontes Rolantes - Elétrica;Ponte 21;2026-09-17;Executada;AC2-PR21-REV-043;SETEMBRO
285586;PERIÓDICA;Pontes Rolantes - Elétrica;Ponte 21;2026-09-17;Executada;AC2-PR21-REV-044;SETEMBRO
285587;PERIÓDICA;Pontes Rolantes - Elétrica;Ponte 21;2026-09-17;Executada;AC2-PR21-REV-045;SETEMBRO
285588;PERIÓDICA;Pontes Rolantes - Elétrica;Ponte 21;2026-09-17;Executada;AC2-PR21-REV-046;SETEMBRO
285589;PERIÓDICA;Pontes Rolantes - Mecânica;Ponte 22;2026-09-12;Executada;AC2-PR22-REV-009;SETEMBRO
285590;PERIÓDICA;Pontes Rolantes - Mecânica;Ponte 22;2026-09-11;Executada;AC2-PR22-REV-011;SETEMBRO
285591;PERIÓDICA;Pontes Rolantes - Mecânica;Ponte 22;2026-09-11;Executada;AC2-PR22-REV-013;SETEMBRO
285592;PERIÓDICA;Pontes Rolantes - Mecânica;Ponte 22;2026-09-28;Executada;AC2-PR22-REV-015;SETEMBRO
285593;PERIÓDICA;Pontes Rolantes - Elétrica;Ponte 22;2026-09-11;Executada;AC2-PR22-REV-047;SETEMBRO
285594;PERIÓDICA;Pontes Rolantes - Elétrica;Ponte 22;2026-09-11;Executada;AC2-PR22-REV-048;SETEMBRO
285595;PERIÓDICA;Pontes Rolantes - Elétrica;Ponte 22;2026-09-11;Executada;AC2-PR22-REV-049;SETEMBRO
285596;PERIÓDICA;Pontes Rolantes - Elétrica;Ponte 22;2026-09-11;Executada;AC2-PR22-REV-050;SETEMBRO
285597;PERIÓDICA;Pontes Rolantes - Elétrica;Ponte 22;2026-09-11;Executada;AC2-PR22-REV-051;SETEMBRO
285598;PERIÓDICA;Pontes Rolantes - Elétrica;Ponte 22;2026-09-11;Executada;AC2-PR22-REV-052;SETEMBRO
285599;PERIÓDICA;Pontes Rolantes - Mecânica;Ponte 23;2026-09-28;Executada;AC2-PR23-REV-018;SETEMBRO
285600;PERIÓDICA;Pontes Rolantes - Mecânica;Ponte 23;2026-09-10;Executada;AC2-PR23-REV-021;SETEMBRO
285601;PERIÓDICA;Pontes Rolantes - Mecânica;Ponte 23;2026-09-10;Executada;AC2-PR23-REV-024;SETEMBRO
285602;PERIÓDICA;Pontes Rolantes - Mecânica;Ponte 23;2026-09-12;Executada;AC2-PR23-REV-025;SETEMBRO
285603;PERIÓDICA;Pontes Rolantes - Mecânica;Ponte 23;2026-09-11;Executada;AC2-PR23-REV-028;SETEMBRO
285604;PERIÓDICA;Pontes Rolantes - Elétrica;Ponte 23;2026-09-09;Executada;AC2-PR23-REV-053;SETEMBRO
285605;PERIÓDICA;Pontes Rolantes - Elétrica;Ponte 23;2026-09-25;Pendente;AC2-PR23-REV-053;SETEMBRO
285606;PERIÓDICA;Pontes Rolantes - Elétrica;Ponte 23;2026-09-09;Executada;AC2-PR23-REV-054;SETEMBRO
285607;PERIÓDICA;Pontes Rolantes - Elétrica;Ponte 23;2026-09-25;Pendente;AC2-PR23-REV-054;SETEMBRO
285608;PERIÓDICA;Pontes Rolantes - Elétrica;Ponte 23;2026-09-09;Executada;AC2-PR23-REV-055;SETEMBRO
285609;PERIÓDICA;Pontes Rolantes - Elétrica;Ponte 23;2026-09-25;Pendente;AC2-PR23-REV-055;SETEMBRO
285610;PERIÓDICA;Pontes Rolantes - Elétrica;Ponte 23;2026-09-09;Executada;AC2-PR23-REV-056;SETEMBRO
285611;PERIÓDICA;Pontes Rolantes - Elétrica;Ponte 23;2026-09-25;Pendente;AC2-PR23-REV-056;SETEMBRO
285612;PERIÓDICA;Pontes Rolantes - Elétrica;Ponte 23;2026-09-09;Executada;AC2-PR23-REV-057;SETEMBRO
285613;PERIÓDICA;Pontes Rolantes - Elétrica;Ponte 23;2026-09-25;Pendente;AC2-PR23-REV-057;SETEMBRO
285614;PERIÓDICA;Pontes Rolantes - Mecânica;Ponte 24;2026-09-18;Executada;AC2-PR24-REV-030;SETEMBRO
285615;PERIÓDICA;Pontes Rolantes - Mecânica;Ponte 24;2026-09-18;Pendente;AC2-PR24-REV-032;SETEMBRO
285616;PERIÓDICA;Pontes Rolantes - Mecânica;Ponte 24;2026-09-18;Pendente;AC2-PR24-REV-035;SETEMBRO
285617;PERIÓDICA;Pontes Rolantes - Mecânica;Ponte 24;2026-09-12;Pendente;AC2-PR24-REV-036;SETEMBRO
285618;PERIÓDICA;Pontes Rolantes - Mecânica;Ponte 24;2026-09-18;Executada;AC2-PR24-REV-039;SETEMBRO
285619;PERIÓDICA;Pontes Rolantes - Elétrica;Ponte 24;2026-09-03;Pendente;AC2-PR24-REV-058;SETEMBRO
285620;PERIÓDICA;Pontes Rolantes - Elétrica;Ponte 24;2026-09-19;Pendente;AC2-PR24-REV-058;SETEMBRO
285621;PERIÓDICA;Pontes Rolantes - Elétrica;Ponte 24;2026-09-03;Pendente;AC2-PR24-REV-059;SETEMBRO
285622;PERIÓDICA;Pontes Rolantes - Elétrica;Ponte 24;2026-09-19;Pendente;AC2-PR24-REV-059;SETEMBRO
285623;PERIÓDICA;Pontes Rolantes - Elétrica;Ponte 24;2026-09-03;Pendente;AC2-PR24-REV-060;SETEMBRO
285624;PERIÓDICA;Pontes Rolantes - Elétrica;Ponte 24;2026-09-19;Pendente;AC2-PR24-REV-060;SETEMBRO
285625;PERIÓDICA;Pontes Rolantes - Elétrica;Ponte 24;2026-09-03;Pendente;AC2-PR24-REV-061;SETEMBRO
285626;PERIÓDICA;Pontes Rolantes - Elétrica;Ponte 24;2026-09-19;Pendente;AC2-PR24-REV-061;SETEMBRO
285627;PERIÓDICA;Pontes Rolantes - Elétrica;Ponte 24;2026-09-03;Pendente;AC2-PR24-REV-062;SETEMBRO
285628;PERIÓDICA;Pontes Rolantes - Elétrica;Ponte 24;2026-09-19;Pendente;AC2-PR24-REV-062;SETEMBRO
285629;PERIÓDICA;Pontes Rolantes - Mecânica;Ponte 25;2026-09-20;Executada;AC2-PR25-REV-063;SETEMBRO
285630;PERIÓDICA;Pontes Rolantes - Mecânica;Ponte 25;2026-09-20;Executada;AC2-PR25-REV-065;SETEMBRO
285631;PERIÓDICA;Pontes Rolantes - Mecânica;Ponte 25;2026-09-20;Executada;AC2-PR25-REV-067;SETEMBRO
285632;PERIÓDICA;Pontes Rolantes - Elétrica;Ponte 25;2026-09-20;Pendente;AC2-PR25-REV-091;SETEMBRO
285633;PERIÓDICA;Pontes Rolantes - Elétrica;Ponte 25;2026-09-20;Pendente;AC2-PR25-REV-092;SETEMBRO
285634;PERIÓDICA;Pontes Rolantes - Elétrica;Ponte 25;2026-09-20;Pendente;AC2-PR25-REV-093;SETEMBRO
285635;PERIÓDICA;Pontes Rolantes - Elétrica;Ponte 25;2026-09-20;Pendente;AC2-PR25-REV-094;SETEMBRO
285636;PERIÓDICA;Pontes Rolantes - Elétrica;Ponte 25;2026-09-20;Pendente;AC2-PR25-REV-095;SETEMBRO
285637;PERIÓDICA;Pontes Rolantes - Mecânica;Ponte 26;2026-09-26;Executada;AC2-PR26-REV-071;SETEMBRO
285638;PERIÓDICA;Pontes Rolantes - Mecânica;Ponte 26;2026-09-26;Executada;AC2-PR26-REV-073;SETEMBRO
285639;PERIÓDICA;Pontes Rolantes - Mecânica;Ponte 26;2026-09-26;Executada;AC2-PR26-REV-075;SETEMBRO
285640;PERIÓDICA;Pontes Rolantes - Elétrica;Ponte 26;2026-09-26;Pendente;AC2-PR26-REV-096;SETEMBRO
285641;PERIÓDICA;Pontes Rolantes - Elétrica;Ponte 26;2026-09-26;Pendente;AC2-PR26-REV-097;SETEMBRO
285642;PERIÓDICA;Pontes Rolantes - Elétrica;Ponte 26;2026-09-26;Pendente;AC2-PR26-REV-098;SETEMBRO
285643;PERIÓDICA;Pontes Rolantes - Elétrica;Ponte 26;2026-09-26;Pendente;AC2-PR26-REV-099;SETEMBRO
285644;PERIÓDICA;Pontes Rolantes - Elétrica;Ponte 26;2026-09-26;Pendente;AC2-PR26-REV-100;SETEMBRO
285645;PERIÓDICA;Pontes Rolantes - Elétrica;Ponte 26;2026-09-26;Pendente;AC2-PR26-REV-101;SETEMBRO
285646;PERIÓDICA;Pontes Rolantes - Mecânica;Ponte 26;2026-09-26;Executada;AC2-PR26-REV-112;SETEMBRO
285647;PERIÓDICA;Pontes Rolantes - Mecânica;Ponte 27;2026-09-13;Executada;AC2-PR27-REV-079;SETEMBRO
285648;PERIÓDICA;Pontes Rolantes - Mecânica;Ponte 27;2026-09-13;Executada;AC2-PR27-REV-081;SETEMBRO
285649;PERIÓDICA;Pontes Rolantes - Mecânica;Ponte 27;2026-09-13;Executada;AC2-PR27-REV-083;SETEMBRO
285650;PERIÓDICA;Pontes Rolantes - Mecânica;Ponte 27;2026-09-03;Executada;AC2-PR27-REV-086;SETEMBRO
285651;PERIÓDICA;Pontes Rolantes - Elétrica;Ponte 27;2026-09-13;Executada;AC2-PR27-REV-102;SETEMBRO
285652;PERIÓDICA;Pontes Rolantes - Elétrica;Ponte 27;2026-09-13;Executada;AC2-PR27-REV-103;SETEMBRO
285653;PERIÓDICA;Pontes Rolantes - Elétrica;Ponte 27;2026-09-13;Executada;AC2-PR27-REV-104;SETEMBRO
285654;PERIÓDICA;Pontes Rolantes - Elétrica;Ponte 27;2026-09-13;Executada;AC2-PR27-REV-105;SETEMBRO
285655;PERIÓDICA;Pontes Rolantes - Elétrica;Ponte 27;2026-09-13;Executada;AC2-PR27-REV-106;SETEMBRO
285656;PERIÓDICA;Pontes Rolantes - Elétrica;Ponte 27;2026-09-13;Executada;AC2-PR27-REV-107;SETEMBRO
285657;PERIÓDICA;Pontes Rolantes - Mecânica;Ponte 27;2026-09-13;Executada;AC2-PR27-REV-113;SETEMBRO
285658;PERIÓDICA;Pontes Rolantes - Mecânica;Ponte 28;2026-09-25;Pendente;AC2-PR28-REV-087;SETEMBRO
285659;PERIÓDICA;Pontes Rolantes - Mecânica;Ponte 28;2026-09-25;Pendente;AC2-PR28-REV-088;SETEMBRO
285660;PERIÓDICA;Pontes Rolantes - Mecânica;Ponte 28;2026-09-25;Pendente;AC2-PR28-REV-089;SETEMBRO
285661;PERIÓDICA;Pontes Rolantes - Elétrica;Ponte 28;2026-09-30;Pendente;AC2-PR28-REV-108;SETEMBRO
285662;PERIÓDICA;Pontes Rolantes - Elétrica;Ponte 28;2026-09-30;Pendente;AC2-PR28-REV-109;SETEMBRO
285663;PERIÓDICA;Pontes Rolantes - Elétrica;Ponte 28;2026-09-30;Pendente;AC2-PR28-REV-110;SETEMBRO
285664;PERIÓDICA;Pontes Rolantes - Elétrica;Ponte 28;2026-09-30;Pendente;AC2-PR28-REV-111;SETEMBRO
255287;NÃO PERIÓDICA;Não informado;AC2-PR23-PR23-00;2026-03-20;Não Executada;CORRETIVA PROGRAMADA MECANICA AC2;MARÇO
255977;NÃO PERIÓDICA;Não informado;AC2-PR24-PR24-00;2026-03-30;Não Executada;CORRETIVA EMERGENCIAL ELETRICA AC2;MARÇO
261021;NÃO PERIÓDICA;Não informado;AC2-P21-RFG-AR1;2026-04-15;Executada;MANUTENCAO CORRETIVA ELETRICA DE PR - NAO PROGR.;ABRIL
261035;NÃO PERIÓDICA;Não informado;AC2-PR24-PR24-00;2026-04-29;Executada;CORRETIVA PROGRAMADA ELETRICA AC2;ABRIL
265257;NÃO PERIÓDICA;Não informado;AC2-PR26-INSP-76;2026-05-19;Não Executada;MANUTENCAO CORRETIVA ELETRICA DE PONTE ROLANTE  - PROGRAMADA;MAIO
265258;NÃO PERIÓDICA;Não informado;AC2-PR-ELE-FRE4;2026-05-19;Não Executada;MANUTENCAO CORRETIVA ELETRICA DE PR - NAO PROGR.;MAIO
265259;NÃO PERIÓDICA;Não informado;AC2-PR-BAR-BAE1;2026-05-19;Não Executada;CORRETIVA EMERGENCIAL ELETRICA AC2;MAIO
265260;NÃO PERIÓDICA;Não informado;AC2-PR-ELE-FRE3;2026-05-19;Não Executada;MANUTENCAO CORRETIVA ELETRICA DE PR - NAO PROGR.;MAIO
265269;NÃO PERIÓDICA;Não informado;AC2-PR-ELE-PAE1;2026-05-27;Não Executada;CORRETIVA EMERGENCIAL HIDRAULICA AC2;MAIO
265270;NÃO PERIÓDICA;Não informado;AC2-LC-LUB-TOG00;2026-05-27;Não Executada;CORRETIVA EMERGENCIAL ELETRICA AC2;MAIO
269330;NÃO PERIÓDICA;Não informado;AC2-PR23-INSP-14;2026-06-24;Executada;CORRETIVA PROGRAMADA MECANICA ACIARIA 2;JUNHO
276303;NÃO PERIÓDICA;Não informado;AC2-LC-INH-CDT02;2026-07-22;Não Executada;CORRETIVA PROGRAMADA HIDRAULICA AC2;JULHO
276304;NÃO PERIÓDICA;Não informado;AC2-LC-INH-CDT02;2026-07-23;Não Executada;MANUT CORRETIVA NAO PROGRAMADA ELETRICA;JULHO
276305;NÃO PERIÓDICA;Não informado;AC2-LC-INH-CDT02;2026-07-21;Executada;CORRETIVA PROGRAMADA HIDRAULICA AC2;JULHO
277017;NÃO PERIÓDICA;Não informado;AC2-LC-REV-AQH48;2026-07-28;Executada;CORRETIVA PROGRAMADA HIDRAULICA AC2;JULHO
277198;NÃO PERIÓDICA;Não informado;AC2-LC-REV-CTR43;2026-07-30;Executada;CORRETIVA PROGRAMADA ELETRICA AC2;JULHO
277481;NÃO PERIÓDICA;Não informado;AC2-LC-REV-PRP54;2026-07-30;Não Executada;CORRETIVA EMERGENCIAL ELETRICA AC2;JULHO
277494;NÃO PERIÓDICA;Não informado;AC2-LC-REV-PRP54;2026-07-30;Pendente;CORRETIVA EMERGENCIAL ELETRICA AC2;JULHO
277662;NÃO PERIÓDICA;Não informado;AC2-LC-REV-PRP54;2026-07-30;Executada;CORRETIVA PROGRAMADA ELETRICA AC2;JULHO
277663;NÃO PERIÓDICA;Não informado;AC2-LC-REV-PRP54;2026-07-30;Pendente;CORRETIVA PROGRAMADA ELETRICA AC2;JULHO
281483;NÃO PERIÓDICA;Não informado;AC2-PR28-PR28-00;2026-08-07;Executada;CORRETIVA PROGRAMADA MECANICA ACIARIA 2;AGOSTO
281484;NÃO PERIÓDICA;Não informado;AC2-PR24-PR24-00;2026-08-04;Executada;CORRETIVA PROGRAMADA MECANICA AC2;AGOSTO
281700;NÃO PERIÓDICA;Não informado;AC2-FEA-CO-PR-01;2026-08-13;Executada;CORRETIVA PROGRAMADA MECANICA AC2;AGOSTO
281701;NÃO PERIÓDICA;Não informado;AC2-LC-INH-CTR09;2026-08-13;Executada;CORRETIVA PROGRAMADA HIDRAULICA AC2;AGOSTO
281725;NÃO PERIÓDICA;Não informado;AC2-FEA-CO-PR-01;2026-08-12;Executada;CORRETIVA PROGRAMADA MECANICA AC2;AGOSTO
281756;NÃO PERIÓDICA;Não informado;AC2-FEA-CO-PR-01;2026-08-11;Executada;CORRETIVA PROGRAMADA MECANICA AC2;AGOSTO
281787;NÃO PERIÓDICA;Não informado;AC2-LC-IN-TOG-00;2026-08-04;Executada;CORRETIVA PROGRAMADA MECANICA AC2;AGOSTO
281793;NÃO PERIÓDICA;Não informado;AC2-LC-IN-TOG-00;2026-08-04;Executada;CORRETIVA PROGRAMADA MECANICA AC2;AGOSTO
281794;NÃO PERIÓDICA;Não informado;AC2-FEA-CO-PR-01;2026-08-04;Executada;CORRETIVA PROGRAMADA MECANICA AC2;AGOSTO
281795;NÃO PERIÓDICA;Não informado;AC2-LC-IN-TOG-00;2026-08-06;Executada;CORRETIVA PROGRAMADA MECANICA AC2;AGOSTO
281796;NÃO PERIÓDICA;Não informado;AC2-FEA-CO-PR-01;2026-08-07;Executada;CORRETIVA PROGRAMADA MECANICA AC2;AGOSTO
281800;NÃO PERIÓDICA;Não informado;AC2-FEA-CO-PR-01;2026-08-13;Executada;CORRETIVA PROGRAMADA MECANICA AC2;AGOSTO
281801;NÃO PERIÓDICA;Não informado;AC2-FEA-CO-PR-01;2026-08-13;Executada;CORRETIVA PROGRAMADA MECANICA AC2;AGOSTO
281805;NÃO PERIÓDICA;Não informado;AC2-PR24-PR24-00;2026-08-19;Pendente;CORRETIVA PROGRAMADA MECANICA ACIARIA 2;AGOSTO
281806;NÃO PERIÓDICA;Não informado;AC2-FEA-CO-PR-01;2026-08-13;Executada;CORRETIVA PROGRAMADA MECANICA AC2;AGOSTO
281807;NÃO PERIÓDICA;Não informado;AC2-PR24-PR24-00;2026-08-19;Pendente;CORRETIVA PROGRAMADA MECANICA ACIARIA 2;AGOSTO
281808;NÃO PERIÓDICA;Não informado;AC2-PR23-PR23-00;2026-08-10;Pendente;CORRETIVA PROGRAMADA MECANICA ACIARIA 2;AGOSTO
281809;NÃO PERIÓDICA;Não informado;AC2-PR24-PR24-00;2026-08-19;Pendente;CORRETIVA PROGRAMADA MECANICA ACIARIA 2;AGOSTO
281810;NÃO PERIÓDICA;Não informado;AC2-PR26-PR26-00;2026-08-14;Executada;CORRETIVA PROGRAMADA MECANICA ACIARIA 2;AGOSTO
281811;NÃO PERIÓDICA;Não informado;AC2-FEA-CO-PR-01;2026-08-14;Executada;CORRETIVA PROGRAMADA MECANICA AC2;AGOSTO
281812;NÃO PERIÓDICA;Não informado;AC2-FEA-CO-PR-01;2026-08-14;Executada;CORRETIVA PROGRAMADA MECANICA AC2;AGOSTO
281813;NÃO PERIÓDICA;Não informado;AC2-FEA-CO-PR-01;2026-08-14;Executada;CORRETIVA PROGRAMADA MECANICA AC2;AGOSTO
281824;NÃO PERIÓDICA;Não informado;AC2-FEA-CO-PR-01;2026-08-14;Executada;CORRETIVA PROGRAMADA MECANICA AC2;AGOSTO
281835;NÃO PERIÓDICA;Não informado;AC2-FEA-CO-PR-01;2026-08-14;Executada;CORRETIVA PROGRAMADA MECANICA AC2;AGOSTO
281836;NÃO PERIÓDICA;Não informado;AC2-FEA-CO-PR-01;2026-08-17;Executada;CORRETIVA PROGRAMADA MECANICA AC2;AGOSTO
281854;NÃO PERIÓDICA;Não informado;AC2-FEA-CO-PR-01;2026-08-17;Executada;CORRETIVA PROGRAMADA MECANICA AC2;AGOSTO
281855;NÃO PERIÓDICA;Não informado;AC2-FEA-CO-PR-01;2026-08-16;Executada;CORRETIVA PROGRAMADA MECANICA AC2;AGOSTO
281856;NÃO PERIÓDICA;Não informado;AC2-FEA-CO-PR-01;2026-08-16;Executada;CORRETIVA PROGRAMADA MECANICA AC2;AGOSTO
281857;NÃO PERIÓDICA;Não informado;AC2-LC-IN-LRE-21;2026-08-17;Executada;CORRETIVA PROGRAMADA ELETRICA AC2;AGOSTO
281858;NÃO PERIÓDICA;Não informado;AC2-FEA-CO-PR-01;2026-08-16;Executada;CORRETIVA PROGRAMADA MECANICA AC2;AGOSTO
281862;NÃO PERIÓDICA;Não informado;AC2-FEA-CO-PR-01;2026-08-18;Executada;CORRETIVA PROGRAMADA MECANICA AC2;AGOSTO
281863;NÃO PERIÓDICA;Não informado;AC2-LC-INS-LRE59;2026-08-19;Executada;CORRETIVA PROGRAMADA MECANICA ACIARIA 2;AGOSTO
281864;NÃO PERIÓDICA;Não informado;AC2-LC-INS-SEQ57;2026-08-19;Executada;SERVICO MELHORIA MECANICA AC2;AGOSTO
281865;NÃO PERIÓDICA;Não informado;AC2-LC-INH-SED07;2026-08-19;Executada;CORRETIVA EMERGENCIAL MECANICA AC2;AGOSTO
281866;NÃO PERIÓDICA;Não informado;AC2-LC-IN-TOG-00;2026-08-19;Executada;CORRETIVA PROGRAMADA MECANICA AC2;AGOSTO
281867;NÃO PERIÓDICA;Não informado;AC2-FEA-CO-PR-01;2026-08-19;Executada;CORRETIVA PROGRAMADA MECANICA AC2;AGOSTO
281868;NÃO PERIÓDICA;Não informado;AC2-FEA-CO-PR-01;2026-08-19;Executada;CORRETIVA PROGRAMADA MECANICA AC2;AGOSTO
281869;NÃO PERIÓDICA;Não informado;AC2-LC-INH-MTT08;2026-08-19;Executada;CORRETIVA PROGRAMADA HIDRAULICA AC2;AGOSTO
281870;NÃO PERIÓDICA;Não informado;AC2-LC-INH-LRE10;2026-08-19;Executada;CORRETIVA PROGRAMADA HIDRAULICA AC2;AGOSTO
281871;NÃO PERIÓDICA;Não informado;AC2-P25-RF-AR11;2026-08-19;Executada;CORRETIVA PROGRAMADA REFRIGERACAO AC2;AGOSTO
281872;NÃO PERIÓDICA;Não informado;AC2-PR-GAR-GAR1;2026-08-18;Executada;CORRETIVA EMERGENCIAL MECANICA AC2;AGOSTO
281873;NÃO PERIÓDICA;Não informado;AC2-FEA-CO-PR-01;2026-08-20;Executada;CORRETIVA PROGRAMADA MECANICA AC2;AGOSTO
281874;NÃO PERIÓDICA;Não informado;AC2-FEA-CO-PR-01;2026-08-20;Executada;CORRETIVA PROGRAMADA MECANICA AC2;AGOSTO
281875;NÃO PERIÓDICA;Não informado;AC2-FEA-CO-PR-01;2026-08-20;Executada;CORRETIVA PROGRAMADA MECANICA AC2;AGOSTO
281876;NÃO PERIÓDICA;Não informado;AC2-PR23-REV-025;2026-08-24;Executada;CORRETIVA PROGRAMADA MECANICA ACIARIA 2;AGOSTO
281877;NÃO PERIÓDICA;Não informado;AC2-LC-IN-TOG-00;2026-08-20;Executada;CORRETIVA PROGRAMADA MECANICA AC2;AGOSTO
281878;NÃO PERIÓDICA;Não informado;AC2-PR23-REV-025;2026-08-24;Executada;CORRETIVA PROGRAMADA MECANICA ACIARIA 2;AGOSTO
281879;NÃO PERIÓDICA;Não informado;AC2-PR23-REV-025;2026-08-24;Executada;CORRETIVA PROGRAMADA MECANICA ACIARIA 2;AGOSTO
281880;NÃO PERIÓDICA;Não informado;AC2-PR23-REV-025;2026-08-24;Executada;CORRETIVA PROGRAMADA MECANICA ACIARIA 2;AGOSTO
281881;NÃO PERIÓDICA;Não informado;AC2-PR23-REV-053;2026-08-24;Executada;CORRETIVA PROGRAMADA MECANICA ACIARIA 2;AGOSTO
281882;NÃO PERIÓDICA;Não informado;AC2-PR23-REV-022;2026-08-24;Executada;CORRETIVA PROGRAMADA MECANICA ACIARIA 2;AGOSTO
281883;NÃO PERIÓDICA;Não informado;AC2-PR23-REV-022;2026-08-24;Executada;CORRETIVA PROGRAMADA MECANICA ACIARIA 2;AGOSTO
281884;NÃO PERIÓDICA;Não informado;AC2-FEA-CO-PR-01;2026-08-21;Executada;CORRETIVA PROGRAMADA HIDRAULICA AC2;AGOSTO
281885;NÃO PERIÓDICA;Não informado;AC2-FEA-CO-PR-01;2026-08-21;Não Executada;CORRETIVA PROGRAMADA MECANICA AC2;AGOSTO
281886;NÃO PERIÓDICA;Não informado;AC2-FEA-CO-PR-01;2026-08-21;Não Executada;CORRETIVA PROGRAMADA MECANICA AC2;AGOSTO
281887;NÃO PERIÓDICA;Não informado;AC2-FEA-CO-PR-01;2026-08-21;Não Executada;CORRETIVA PROGRAMADA MECANICA AC2;AGOSTO
281888;NÃO PERIÓDICA;Não informado;AC2-FEA-CO-PR-01;2026-08-21;Não Executada;CORRETIVA PROGRAMADA MECANICA AC2;AGOSTO
281889;NÃO PERIÓDICA;Não informado;AC2-FEA-CO-PR-01;2026-08-21;Executada;CORRETIVA PROGRAMADA MECANICA AC2;AGOSTO
281890;NÃO PERIÓDICA;Não informado;AC2-FEA-CO-PR-01;2026-08-21;Não Executada;CORRETIVA PROGRAMADA MECANICA AC2;AGOSTO
281891;NÃO PERIÓDICA;Não informado;AC2-FEA-CO-PR-01;2026-08-21;Executada;CORRETIVA PROGRAMADA MECANICA AC2;AGOSTO
281892;NÃO PERIÓDICA;Não informado;AC2-FEA-CO-PR-01;2026-08-21;Não Executada;CORRETIVA PROGRAMADA MECANICA AC2;AGOSTO
281893;NÃO PERIÓDICA;Não informado;AC2-FEA-CO-PR-01;2026-08-21;Não Executada;CORRETIVA PROGRAMADA MECANICA AC2;AGOSTO
281894;NÃO PERIÓDICA;Não informado;AC2-FEA-CO-PR-01;2026-08-21;Não Executada;CORRETIVA PROGRAMADA MECANICA AC2;AGOSTO
281895;NÃO PERIÓDICA;Não informado;AC2-FEA-CO-PR-01;2026-08-21;Pendente;CORRETIVA PROGRAMADA MECANICA AC2;AGOSTO
281896;NÃO PERIÓDICA;Não informado;AC2-FEA-CO-PR-01;2026-08-21;Não Executada;CORRETIVA PROGRAMADA MECANICA AC2;AGOSTO
281897;NÃO PERIÓDICA;Não informado;AC2-FEA-CO-PR-01;2026-08-21;Não Executada;CORRETIVA PROGRAMADA MECANICA AC2;AGOSTO
281898;NÃO PERIÓDICA;Não informado;AC2-FEA-CO-PR-01;2026-08-21;Executada;CORRETIVA PROGRAMADA MECANICA AC2;AGOSTO
281902;NÃO PERIÓDICA;Não informado;AC2-PR23-REV-025;2026-08-21;Executada;CORRETIVA EMERGENCIAL MECANICA AC2;AGOSTO
281903;NÃO PERIÓDICA;Não informado;AC2-PR23-REV-022;2026-08-24;Executada;CORRETIVA EMERGENCIAL MECANICA ACIARIA 2;AGOSTO
281909;NÃO PERIÓDICA;Não informado;AC2-FEA-CO-PR-01;2026-08-25;Executada;CORRETIVA PROGRAMADA MECANICA AC2;AGOSTO
281910;NÃO PERIÓDICA;Não informado;AC2-FEA-CO-PR-01;2026-08-24;Executada;CORRETIVA PROGRAMADA MECANICA AC2;AGOSTO
281911;NÃO PERIÓDICA;Não informado;AC2-FEA-CO-PR-01;2026-08-24;Executada;CORRETIVA PROGRAMADA MECANICA AC2;AGOSTO
281912;NÃO PERIÓDICA;Não informado;AC2-FEA-CO-PR-01;2026-08-24;Executada;CORRETIVA PROGRAMADA MECANICA AC2;AGOSTO
281913;NÃO PERIÓDICA;Não informado;AC2-FEA-CO-PR-01;2026-08-24;Executada;CORRETIVA PROGRAMADA MECANICA AC2;AGOSTO
281914;NÃO PERIÓDICA;Não informado;AC2-PR23-INSP-14;2026-08-25;Pendente;CORRETIVA PROGRAMADA REFRIGERACAO AC2;AGOSTO
281915;NÃO PERIÓDICA;Não informado;AC2-PR23-INSP-14;2026-08-25;Pendente;CORRETIVA PROGRAMADA REFRIGERACAO AC2;AGOSTO
281916;NÃO PERIÓDICA;Não informado;AC2-FEA-CO-PR-01;2026-08-25;Executada;CORRETIVA PROGRAMADA MECANICA AC2;AGOSTO
281917;NÃO PERIÓDICA;Não informado;AC2-FEA-CO-PR-01;2026-08-24;Executada;CORRETIVA PROGRAMADA MECANICA AC2;AGOSTO
281918;NÃO PERIÓDICA;Não informado;AC2-FEA-CO-PR-01;2026-08-21;Executada;CORRETIVA PROGRAMADA MECANICA AC2;AGOSTO
281919;NÃO PERIÓDICA;Não informado;AC2-FEA-CO-PR-01;2026-08-25;Executada;CORRETIVA PROGRAMADA MECANICA AC2;AGOSTO
281920;NÃO PERIÓDICA;Não informado;AC2-FEA-CO-PR-01;2026-08-25;Executada;CORRETIVA PROGRAMADA MECANICA AC2;AGOSTO
281921;NÃO PERIÓDICA;Não informado;AC2-LC-IN-TOG-00;2026-08-24;Executada;CORRETIVA PROGRAMADA MECANICA AC2;AGOSTO
281922;NÃO PERIÓDICA;Não informado;AC2-FEA-CO-PR-01;2026-08-25;Executada;CORRETIVA PROGRAMADA HIDRAULICA AC2;AGOSTO
281923;NÃO PERIÓDICA;Não informado;AC2-PR24-REV-036;2026-08-22;Executada;CORRETIVA EMERGENCIAL MECANICA AC2;AGOSTO
281924;NÃO PERIÓDICA;Não informado;AC2-PR21-REV-006;2026-08-25;Executada;MANUTENCAO CORRETIVA PONTE MECANICA;AGOSTO
281925;NÃO PERIÓDICA;Não informado;AC2-LC-INS-SIE49;2026-08-25;Executada;CORRETIVA PROGRAMADA MECANICA AC2;AGOSTO
281926;NÃO PERIÓDICA;Não informado;AC2-LC-INS-SIE50;2026-08-26;Não Executada;CORRETIVA PROGRAMADA MECANICA AC2;AGOSTO
281927;NÃO PERIÓDICA;Não informado;AC2-LC-INS-SIE50;2026-08-26;Executada;CORRETIVA PROGRAMADA MECANICA AC2;AGOSTO
281928;NÃO PERIÓDICA;Não informado;AC2-LC-INS-SOX54;2026-08-26;Executada;CORRETIVA PROGRAMADA MECANICA AC2;AGOSTO
281929;NÃO PERIÓDICA;Não informado;AC2-LC-INS-SED52;2026-08-26;Executada;CORRETIVA PROGRAMADA MECANICA AC2;AGOSTO
281930;NÃO PERIÓDICA;Não informado;AC2-RE-LUB-PAN35;2026-08-26;Executada;CORRETIVA PROGRAMADA MECANICA AC2;AGOSTO
281931;NÃO PERIÓDICA;Não informado;AC2-PR-P28-VIG1;2026-08-27;Executada;MANUTENCAO CORRETIVA PONTE MECANICA;AGOSTO
281932;NÃO PERIÓDICA;Não informado;AC2-RE-LUB-PAN35;2026-08-26;Executada;CORRETIVA PROGRAMADA MECANICA AC2;AGOSTO
281933;NÃO PERIÓDICA;Não informado;AC2-RE-LUB-PAN34;2026-08-26;Executada;CORRETIVA PROGRAMADA MECANICA AC2;AGOSTO
282642;NÃO PERIÓDICA;Não informado;AC2-PR21-REV-000;2026-08-27;Executada;CORRETIVA EMERGENCIAL MECANICA AC2;AGOSTO
282644;NÃO PERIÓDICA;Não informado;AC2-FEA-CO-PR-01;2026-08-25;Pendente;CORRETIVA PROGRAMADA MECANICA AC2;AGOSTO
284920;NÃO PERIÓDICA;Não informado;AC2-LC-IN-ELE-22;2026-08-31;Executada;SERVICO MELHORIA ELETRICA AC2;AGOSTO
284921;NÃO PERIÓDICA;Não informado;AC2-LC-IN-EXT-10;2026-08-17;Executada;SERVICO MELHORIA ELETRICA AC2;AGOSTO
284922;NÃO PERIÓDICA;Não informado;AC2-LC-IN-TOG-01;2026-08-17;Executada;SERVICO MELHORIA ELETRICA AC2;AGOSTO
284923;NÃO PERIÓDICA;Não informado;AC2-LC-IN-TOG-01;2026-08-24;Executada;SERVICO MELHORIA ELETRICA AC2;AGOSTO
284924;NÃO PERIÓDICA;Não informado;AC2-LC-IN-EXT-10;2026-08-24;Executada;SERVICO MELHORIA ELETRICA AC2;AGOSTO
284925;NÃO PERIÓDICA;Não informado;AC2-LC-IN-CMS-08;2026-08-17;Executada;CORRETIVA PROGRAMADA ELETRICA AC2;AGOSTO
285665;NÃO PERIÓDICA;Não informado;AC2-FEA-CO-PR-01;2026-09-01;Executada;CORRETIVA PROGRAMADA MECANICA AC2;SETEMBRO
285740;NÃO PERIÓDICA;Não informado;AC2-LC-IN-TOG-00;2026-09-02;Executada;CORRETIVA PROGRAMADA MECANICA AC2;SETEMBRO
285741;NÃO PERIÓDICA;Não informado;AC2-LC-INS-TOG30;2026-09-01;Executada;CORRETIVA PROGRAMADA MECANICA AC2;SETEMBRO
285822;NÃO PERIÓDICA;Não informado;AC2-FEA-CO-PR-01;2026-09-02;Executada;CORRETIVA PROGRAMADA MECANICA AC2;SETEMBRO
286085;NÃO PERIÓDICA;Não informado;AC2-PR25-REV-067;2026-09-02;Executada;CORRETIVA PROGRAMADA MECANICA ACIARIA 2;SETEMBRO
286086;NÃO PERIÓDICA;Não informado;AC2-PR26-REV-078;2026-09-02;Pendente;CORRETIVA PROGRAMADA MECANICA ACIARIA 2;SETEMBRO
286271;NÃO PERIÓDICA;Não informado;AC2-PR-P28-VIG1;2026-09-01;Executada;CORRETIVA PROGRAMADA MECANICA ACIARIA 2;SETEMBRO
286739;NÃO PERIÓDICA;Não informado;AC2-FEA-CO-PR-01;2026-09-03;Executada;CORRETIVA PROGRAMADA MECANICA AC2;SETEMBRO
286792;NÃO PERIÓDICA;Não informado;AC2-FEA-CO-PR-01;2026-09-03;Executada;CORRETIVA PROGRAMADA MECANICA AC2;SETEMBRO
286878;NÃO PERIÓDICA;Não informado;AC2-FEA-CO-PR-01;2026-09-03;Executada;CORRETIVA PROGRAMADA MECANICA AC2;SETEMBRO
286879;NÃO PERIÓDICA;Não informado;AC2-LC-IN-TOG-00;2026-09-03;Executada;CORRETIVA PROGRAMADA MECANICA AC2;SETEMBRO
286992;NÃO PERIÓDICA;Não informado;AC2-LC-IN-TOG-00;2026-09-04;Executada;CORRETIVA PROGRAMADA MECANICA AC2;SETEMBRO
286993;NÃO PERIÓDICA;Não informado;AC2-FEA-CO-PR-01;2026-09-04;Executada;CORRETIVA PROGRAMADA MECANICA AC2;SETEMBRO
286994;NÃO PERIÓDICA;Não informado;AC2-FEA-CO-PR-01;2026-09-04;Executada;CORRETIVA PROGRAMADA MECANICA AC2;SETEMBRO
286995;NÃO PERIÓDICA;Não informado;AC2-FEA-CO-PR-01;2026-09-04;Executada;CORRETIVA PROGRAMADA MECANICA AC2;SETEMBRO
287006;NÃO PERIÓDICA;Não informado;AC2-LC-IN-TOG-00;2026-09-04;Executada;CORRETIVA PROGRAMADA MECANICA AC2;SETEMBRO
287098;NÃO PERIÓDICA;Não informado;AC2-FEA-CO-PR-01;2026-09-04;Executada;CORRETIVA PROGRAMADA MECANICA AC2;SETEMBRO
287144;NÃO PERIÓDICA;Não informado;AC2-FEA-CO-PR-01;2026-09-04;Executada;CORRETIVA PROGRAMADA MECANICA AC2;SETEMBRO
287145;NÃO PERIÓDICA;Não informado;AC2-FEA-CO-PR-01;2026-09-04;Executada;CORRETIVA PROGRAMADA MECANICA AC2;SETEMBRO
287146;NÃO PERIÓDICA;Não informado;AC2-FEA-CO-PR-01;2026-09-04;Executada;CORRETIVA PROGRAMADA MECANICA AC2;SETEMBRO
287147;NÃO PERIÓDICA;Não informado;AC2-FEA-CO-PR-01;2026-09-04;Executada;CORRETIVA PROGRAMADA MECANICA AC2;SETEMBRO
287148;NÃO PERIÓDICA;Não informado;AC2-LC-IN-TOG-00;2026-09-04;Executada;CORRETIVA PROGRAMADA MECANICA AC2;SETEMBRO
287149;NÃO PERIÓDICA;Não informado;AC2-FEA-CO-PR-01;2026-09-09;Executada;CORRETIVA PROGRAMADA MECANICA AC2;SETEMBRO
287150;NÃO PERIÓDICA;Não informado;AC2-FEA-CO-PR-01;2026-09-09;Não Executada;CORRETIVA PROGRAMADA MECANICA AC2;SETEMBRO
287151;NÃO PERIÓDICA;Não informado;AC2-FEA-CO-PR-01;2026-09-09;Executada;CORRETIVA PROGRAMADA MECANICA AC2;SETEMBRO
287152;NÃO PERIÓDICA;Não informado;AC2-FEA-CO-PR-01;2026-09-09;Executada;CORRETIVA PROGRAMADA MECANICA AC2;SETEMBRO
287153;NÃO PERIÓDICA;Não informado;AC2-FEA-CO-PR-01;2026-09-09;Executada;CORRETIVA PROGRAMADA MECANICA AC2;SETEMBRO
287154;NÃO PERIÓDICA;Não informado;AC2-FEA-CO-PR-01;2026-09-09;Executada;CORRETIVA PROGRAMADA MECANICA AC2;SETEMBRO
287155;NÃO PERIÓDICA;Não informado;AC2-PR23-INSP-14;2026-09-09;Executada;CORRETIVA EMERGENCIAL PONTES ROLANTES MEC ACIARIA 2;SETEMBRO
287156;NÃO PERIÓDICA;Não informado;AC2-PR21-INSP-02;2026-09-09;Executada;CORRETIVA EMERGENCIAL PONTES ROLANTES MEC ACIARIA 2;SETEMBRO
287157;NÃO PERIÓDICA;Não informado;AC2-FEA-CO-PR-01;2026-09-08;Executada;CORRETIVA PROGRAMADA MECANICA AC2;SETEMBRO
287158;NÃO PERIÓDICA;Não informado;AC2-FEA-CO-PR-01;2026-09-08;Não Executada;CORRETIVA PROGRAMADA MECANICA AC2;SETEMBRO
287159;NÃO PERIÓDICA;Não informado;AC2-FEA-CO-PR-01;2026-09-08;Executada;CORRETIVA PROGRAMADA MECANICA AC2;SETEMBRO
287160;NÃO PERIÓDICA;Não informado;AC2-FEA-CO-PR-01;2026-09-09;Pendente;CORRETIVA PROGRAMADA MECANICA AC2;SETEMBRO
287161;NÃO PERIÓDICA;Não informado;AC2-FEA-CO-PR-01;2026-09-09;Executada;CORRETIVA PROGRAMADA MECANICA AC2;SETEMBRO
287162;NÃO PERIÓDICA;Não informado;AC2-FEA-CO-PR-01;2026-09-09;Executada;CORRETIVA PROGRAMADA MECANICA AC2;SETEMBRO
287163;NÃO PERIÓDICA;Não informado;AC2-FEA-CO-PR-01;2026-09-09;Executada;CORRETIVA PROGRAMADA MECANICA AC2;SETEMBRO
287164;NÃO PERIÓDICA;Não informado;AC2-FEA-CO-PR-01;2026-09-09;Executada;CORRETIVA PROGRAMADA MECANICA AC2;SETEMBRO
287165;NÃO PERIÓDICA;Não informado;AC2-FEA-CO-PR-01;2026-09-09;Executada;CORRETIVA PROGRAMADA MECANICA AC2;SETEMBRO
287166;NÃO PERIÓDICA;Não informado;AC2-FEA-CO-PR-01;2026-09-09;Executada;CORRETIVA PROGRAMADA MECANICA AC2;SETEMBRO
287167;NÃO PERIÓDICA;Não informado;AC2-PR24-INSP-20;2026-09-15;Pendente;CORRETIVA PROGRAMADA MECANICA ACIARIA 2;SETEMBRO
287168;NÃO PERIÓDICA;Não informado;AC2-PR24-INSP-20;2026-09-15;Pendente;CORRETIVA PROGRAMADA MECANICA ACIARIA 2;SETEMBRO
287169;NÃO PERIÓDICA;Não informado;AC2-PR21-INSP-02;2026-09-16;Executada;CORRETIVA PROGRAMADA MECANICA ACIARIA 2;SETEMBRO
287170;NÃO PERIÓDICA;Não informado;AC2-PR26-INSP-31;2026-09-09;Pendente;CORRETIVA PROGRAMADA MECANICA ACIARIA 2;SETEMBRO
287171;NÃO PERIÓDICA;Não informado;AC2-FEA-CO-PR-01;2026-09-09;Executada;CORRETIVA PROGRAMADA MECANICA AC2;SETEMBRO
287172;NÃO PERIÓDICA;Não informado;AC2-FEA-CO-PR-01;2026-09-09;Pendente;CORRETIVA PROGRAMADA MECANICA AC2;SETEMBRO
287173;NÃO PERIÓDICA;Não informado;AC2-LC-REV-SOX21;2026-09-09;Executada;CORRETIVA PROGRAMADA MECANICA AC2;SETEMBRO
287174;NÃO PERIÓDICA;Não informado;AC2-PR23-INSP-14;2026-09-11;Pendente;CORRETIVA PROGRAMADA MECANICA ACIARIA 2;SETEMBRO
287175;NÃO PERIÓDICA;Não informado;AC2-LC-INS-CDT71;2026-09-09;Executada;CORRETIVA PROGRAMADA MECANICA AC2;SETEMBRO
287176;NÃO PERIÓDICA;Não informado;AC2-LC-INS-CDT71;2026-09-09;Executada;CORRETIVA PROGRAMADA MECANICA AC2;SETEMBRO
287177;NÃO PERIÓDICA;Não informado;AC2-FEA-CO-PR-01;2026-09-09;Executada;CORRETIVA PROGRAMADA MECANICA AC2;SETEMBRO
287178;NÃO PERIÓDICA;Não informado;AC2-FEA-CO-PR-01;2026-09-10;Executada;CORRETIVA PROGRAMADA MECANICA AC2;SETEMBRO
287180;NÃO PERIÓDICA;Não informado;AC2-FEA-CO-PR-01;2026-09-10;Executada;CORRETIVA PROGRAMADA MECANICA AC2;SETEMBRO
287182;NÃO PERIÓDICA;Não informado;AC2-LC-IN-TOG-00;2026-09-10;Executada;CORRETIVA PROGRAMADA MECANICA AC2;SETEMBRO
287183;NÃO PERIÓDICA;Não informado;AC2-FEA-CO-PR-01;2026-09-10;Executada;CORRETIVA PROGRAMADA MECANICA AC2;SETEMBRO
287184;NÃO PERIÓDICA;Não informado;AC2-LC-IN-TOG-00;2026-09-10;Executada;CORRETIVA PROGRAMADA MECANICA AC2;SETEMBRO
287185;NÃO PERIÓDICA;Não informado;AC2-FEA-CO-PR-01;2026-09-10;Executada;CORRETIVA PROGRAMADA HIDRAULICA AC2;SETEMBRO
287186;NÃO PERIÓDICA;Não informado;AC2-FEA-CO-PR-01;2026-09-10;Executada;CORRETIVA PROGRAMADA MECANICA AC2;SETEMBRO
287187;NÃO PERIÓDICA;Não informado;AC2-FEA-CO-PR-01;2026-09-10;Executada;CORRETIVA PROGRAMADA MECANICA AC2;SETEMBRO
287188;NÃO PERIÓDICA;Não informado;AC2-FEA-CO-PR-01;2026-09-10;Executada;CORRETIVA PROGRAMADA MECANICA AC2;SETEMBRO
287189;NÃO PERIÓDICA;Não informado;AC2-FEA-CO-PR-01;2026-09-10;Executada;CORRETIVA PROGRAMADA MECANICA AC2;SETEMBRO
287190;NÃO PERIÓDICA;Não informado;AC2-DCS-CORR-01;2026-09-10;Pendente;CORRETIVA PROGRAMADA MECANICA AC2;SETEMBRO
287191;NÃO PERIÓDICA;Não informado;AC2-LC-IN-TOG-00;2026-09-10;Executada;CORRETIVA PROGRAMADA MECANICA AC2;SETEMBRO
287192;NÃO PERIÓDICA;Não informado;AC2-LC-IN-TOG-00;2026-09-10;Executada;CORRETIVA PROGRAMADA MECANICA AC2;SETEMBRO
287193;NÃO PERIÓDICA;Não informado;AC2-LC-IN-TOG-00;2026-09-11;Executada;CORRETIVA PROGRAMADA MECANICA AC2;SETEMBRO
287194;NÃO PERIÓDICA;Não informado;AC2-LC-IN-TOG-00;2026-09-11;Executada;CORRETIVA PROGRAMADA MECANICA AC2;SETEMBRO
287195;NÃO PERIÓDICA;Não informado;AC2-LC-IN-TOG-00;2026-09-11;Executada;CORRETIVA PROGRAMADA MECANICA AC2;SETEMBRO
287198;NÃO PERIÓDICA;Não informado;AC2-FEA-CO-PR-01;2026-09-11;Executada;CORRETIVA PROGRAMADA MECANICA AC2;SETEMBRO
287199;NÃO PERIÓDICA;Não informado;AC2-LC-IN-TOG-00;2026-09-11;Executada;CORRETIVA PROGRAMADA MECANICA AC2;SETEMBRO
287431;NÃO PERIÓDICA;Não informado;AC2-FEA-CO-PR-01;2026-09-11;Executada;CORRETIVA PROGRAMADA MECANICA AC2;SETEMBRO
287432;NÃO PERIÓDICA;Não informado;AC2-FEA-CO-PR-01;2026-09-11;Executada;CORRETIVA PROGRAMADA MECANICA AC2;SETEMBRO
287433;NÃO PERIÓDICA;Não informado;AC2-FEA-CO-PR-01;2026-09-11;Executada;CORRETIVA PROGRAMADA MECANICA AC2;SETEMBRO
287434;NÃO PERIÓDICA;Não informado;AC2-FEA-CO-PR-01;2026-09-11;Não Executada;CORRETIVA PROGRAMADA MECANICA AC2;SETEMBRO
287435;NÃO PERIÓDICA;Não informado;AC2-FEA-CO-PR-01;2026-09-11;Executada;CORRETIVA PROGRAMADA MECANICA AC2;SETEMBRO
287436;NÃO PERIÓDICA;Não informado;AC2-LC-INS-SOX54;2026-09-11;Executada;CORRETIVA PROGRAMADA MECANICA AC2;SETEMBRO
287437;NÃO PERIÓDICA;Não informado;AC2-FEA-CO-PR-01;2026-09-12;Executada;CORRETIVA PROGRAMADA MECANICA AC2;SETEMBRO
287438;NÃO PERIÓDICA;Não informado;AC2-LC-INS-SOX54;2026-09-12;Executada;CORRETIVA PROGRAMADA MECANICA AC2;SETEMBRO
287439;NÃO PERIÓDICA;Não informado;AC2-PR23-INSP-14;2026-09-15;Executada;MANUTENCAO CORRETIVA MECANICA DE PR - NAO PROGR.;SETEMBRO
287501;NÃO PERIÓDICA;Não informado;AC2-LC-INS-CTR58;2026-09-14;Executada;CORRETIVA PROGRAMADA MECANICA AC2;SETEMBRO
287502;NÃO PERIÓDICA;Não informado;AC2-LC-INS-SED52;2026-09-14;Executada;CORRETIVA PROGRAMADA MECANICA AC2;SETEMBRO
287503;NÃO PERIÓDICA;Não informado;AC2-FEA-CO-PR-01;2026-09-15;Pendente;CORRETIVA PROGRAMADA HIDRAULICA AC2;SETEMBRO
287504;NÃO PERIÓDICA;Não informado;AC2-FEA-INS-CI01;2026-09-15;Pendente;CORRETIVA PROGRAMADA LUBRIFICACAO AC2;SETEMBRO
287508;NÃO PERIÓDICA;Não informado;AC2-FEA-CO-PR-01;2026-09-15;Executada;CORRETIVA PROGRAMADA MECANICA AC2;SETEMBRO
287510;NÃO PERIÓDICA;Não informado;AC2-FEA-CO-PR-01;2026-09-15;Executada;CORRETIVA PROGRAMADA MECANICA AC2;SETEMBRO
287511;NÃO PERIÓDICA;Não informado;AC2-FEA-CO-PR-01;2026-09-15;Executada;CORRETIVA PROGRAMADA MECANICA AC2;SETEMBRO
287512;NÃO PERIÓDICA;Não informado;AC2-LC-IN-TOG-00;2026-09-15;Executada;CORRETIVA PROGRAMADA MECANICA AC2;SETEMBRO
287513;NÃO PERIÓDICA;Não informado;AC2-DCS-CORR-01;2026-09-22;Pendente;MANUT CORRETIVA  PROGRAMADA MECANICA ACIARIA;SETEMBRO
287514;NÃO PERIÓDICA;Não informado;AC2-FEA-CO-PR-01;2026-09-16;Executada;CORRETIVA PROGRAMADA MECANICA AC2;SETEMBRO
287894;NÃO PERIÓDICA;Não informado;AC2-FEA-CO-PR-01;2026-09-16;Executada;CORRETIVA PROGRAMADA MECANICA AC2;SETEMBRO
287895;NÃO PERIÓDICA;Não informado;AC2-LC-IN-TOG-00;2026-09-16;Executada;CORRETIVA PROGRAMADA MECANICA AC2;SETEMBRO
287896;NÃO PERIÓDICA;Não informado;AC2-LC-IN-TOG-00;2026-09-16;Executada;CORRETIVA PROGRAMADA MECANICA AC2;SETEMBRO
287897;NÃO PERIÓDICA;Não informado;AC2-FEA-CO-PR-01;2026-09-16;Executada;CORRETIVA PROGRAMADA MECANICA AC2;SETEMBRO
287900;NÃO PERIÓDICA;Não informado;AC2-DCS-CORR-01;2026-09-16;Pendente;CORRETIVA PROGRAMADA MECANICA AC2;SETEMBRO
287901;NÃO PERIÓDICA;Não informado;AC2-DCS-CORR-01;2026-09-16;Pendente;CORRETIVA PROGRAMADA MECANICA ACIARIA;SETEMBRO
287902;NÃO PERIÓDICA;Não informado;AC2-DCS-CORR-01;2026-09-16;Pendente;CORRETIVA PROGRAMADA MECANICA ACIARIA;SETEMBRO
287903;NÃO PERIÓDICA;Não informado;AC2-FEA-CO-PR-01;2026-09-17;Executada;CORRETIVA PROGRAMADA MECANICA AC2;SETEMBRO
287904;NÃO PERIÓDICA;Não informado;AC2-FEA-CO-PR-01;2026-09-17;Executada;CORRETIVA PROGRAMADA MECANICA AC2;SETEMBRO
287905;NÃO PERIÓDICA;Não informado;AC2-FEA-CO-PR-01;2026-09-17;Executada;CORRETIVA PROGRAMADA MECANICA AC2;SETEMBRO
287906;NÃO PERIÓDICA;Não informado;AC2-FEA-CO-PR-01;2026-09-17;Executada;CORRETIVA PROGRAMADA MECANICA AC2;SETEMBRO
287907;NÃO PERIÓDICA;Não informado;AC2-FEA-CO-PR-01;2026-09-17;Executada;CORRETIVA PROGRAMADA MECANICA AC2;SETEMBRO
287916;NÃO PERIÓDICA;Não informado;AC2-PR23-INSP-13;2026-09-23;Executada;CORRETIVA PROGRAMADA MECANICA ACIARIA 2;SETEMBRO
287919;NÃO PERIÓDICA;Não informado;AC2-PR22-INSP-09;2026-09-21;Executada;CORRETIVA EMERGENCIAL PONTES ROLANTES MEC ACIARIA 2;SETEMBRO
287920;NÃO PERIÓDICA;Não informado;AC2-PR22-INSP-10;2026-10-30;Pendente;CORRETIVA PROGRAMADA MECANICA ACIARIA 2;OUTUBRO
287937;NÃO PERIÓDICA;Não informado;AC2-PR27-INSP-38;2026-09-21;Executada;CORRETIVA EMERGENCIAL PONTES ROLANTES MEC ACIARIA 2;SETEMBRO
287974;NÃO PERIÓDICA;Não informado;AC2-FEA-CO-PR-01;2026-09-10;Pendente;CORRETIVA EMERGENCIAL HIDRAULICA AC2;SETEMBRO
287975;NÃO PERIÓDICA;Não informado;AC2-LC-IN-TOG-00;2026-09-08;Executada;CORRETIVA PROGRAMADA HIDRAULICA AC2;SETEMBRO
287976;NÃO PERIÓDICA;Não informado;AC2-LC-IN-TOG-00;2026-09-09;Executada;CORRETIVA PROGRAMADA HIDRAULICA AC2;SETEMBRO
287977;NÃO PERIÓDICA;Não informado;AC2-FEA-CO-PR-01;2026-09-22;Pendente;CORRETIVA PROGRAMADA MECANICA AC2;SETEMBRO
287978;NÃO PERIÓDICA;Não informado;AC2-LC-IN-TOG-00;2026-09-03;Executada;CORRETIVA EMERGENCIAL HIDRAULICA AC2;SETEMBRO
287979;NÃO PERIÓDICA;Não informado;AC2-LC-IN-TOG-00;2026-09-08;Executada;CORRETIVA EMERGENCIAL HIDRAULICA AC2;SETEMBRO
287980;NÃO PERIÓDICA;Não informado;AC2-LC-IN-TOG-00;2026-09-08;Executada;CORRETIVA PROGRAMADA HIDRAULICA AC2;SETEMBRO
287981;NÃO PERIÓDICA;Não informado;AC2-FEA-CO-PR-01;2026-09-22;Pendente;CORRETIVA PROGRAMADA MECANICA AC2;SETEMBRO
287982;NÃO PERIÓDICA;Não informado;AC2-LC-IN-TOG-00;2026-09-21;Executada;CORRETIVA PROGRAMADA HIDRAULICA AC2;SETEMBRO
287983;NÃO PERIÓDICA;Não informado;AC2-FEA-CO-PR-01;2026-09-22;Pendente;CORRETIVA PROGRAMADA MECANICA AC2;SETEMBRO
287984;NÃO PERIÓDICA;Não informado;AC2-LC-IN-TOG-00;2026-09-09;Executada;CORRETIVA EMERGENCIAL HIDRAULICA AC2;SETEMBRO
287985;NÃO PERIÓDICA;Não informado;AC2-LC-IN-TOG-00;2026-09-09;Executada;CORRETIVA EMERGENCIAL HIDRAULICA AC2;SETEMBRO
287986;NÃO PERIÓDICA;Não informado;AC2-FEA-CO-PR-01;2026-09-22;Pendente;CORRETIVA PROGRAMADA MECANICA AC2;SETEMBRO
287987;NÃO PERIÓDICA;Não informado;AC2-LC-IN-TOG-00;2026-09-21;Executada;CORRETIVA PROGRAMADA HIDRAULICA AC2;SETEMBRO
287988;NÃO PERIÓDICA;Não informado;AC2-FEA-CO-PR-01;2026-09-22;Pendente;CORRETIVA PROGRAMADA MECANICA AC2;SETEMBRO
287989;NÃO PERIÓDICA;Não informado;AC2-FEA-CO-PR-01;2026-09-18;Executada;CORRETIVA PROGRAMADA MECANICA AC2;SETEMBRO
287990;NÃO PERIÓDICA;Não informado;AC2-FEA-CO-PR-01;2026-09-22;Pendente;CORRETIVA PROGRAMADA MECANICA AC2;SETEMBRO
287991;NÃO PERIÓDICA;Não informado;AC2-FEA-CO-PR-01;2026-09-22;Pendente;CORRETIVA PROGRAMADA MECANICA AC2;SETEMBRO
287992;NÃO PERIÓDICA;Não informado;AC2-LC-IN-TOG-00;2026-09-18;Executada;CORRETIVA EMERGENCIAL HIDRAULICA AC2;SETEMBRO
287993;NÃO PERIÓDICA;Não informado;AC2-FEA-CO-PR-01;2026-09-22;Pendente;CORRETIVA PROGRAMADA MECANICA AC2;SETEMBRO
287994;NÃO PERIÓDICA;Não informado;AC2-FEA-CO-PR-01;2026-09-22;Pendente;CORRETIVA PROGRAMADA MECANICA AC2;SETEMBRO
287995;NÃO PERIÓDICA;Não informado;AC2-LC-IN-TOG-00;2026-09-10;Executada;CORRETIVA EMERGENCIAL HIDRAULICA AC2;SETEMBRO
287996;NÃO PERIÓDICA;Não informado;AC2-FEA-CO-PR-01;2026-09-22;Pendente;CORRETIVA PROGRAMADA MECANICA AC2;SETEMBRO
287997;NÃO PERIÓDICA;Não informado;AC2-FEA-CO-PR-01;2026-09-11;Executada;CORRETIVA PROGRAMADA HIDRAULICA AC2;SETEMBRO
288040;NÃO PERIÓDICA;Não informado;AC2-PR23-INSP-14;2026-09-23;Pendente;CORRETIVA PROGRAMADA MECANICA ACIARIA 2;SETEMBRO
288041;NÃO PERIÓDICA;Não informado;AC2-PR23-INSP-14;2026-09-23;Pendente;CORRETIVA PROGRAMADA MECANICA ACIARIA 2;SETEMBRO
288042;NÃO PERIÓDICA;Não informado;AC2-PR23-INSP-14;2026-09-23;Executada;CORRETIVA PROGRAMADA MECANICA ACIARIA 2;SETEMBRO
288043;NÃO PERIÓDICA;Não informado;AC2-PR23-INSP-13;2026-09-23;Executada;CORRETIVA PROGRAMADA MECANICA ACIARIA 2;SETEMBRO
288044;NÃO PERIÓDICA;Não informado;AC2-PR23-INSP-12;2026-09-23;Executada;CORRETIVA PROGRAMADA MECANICA ACIARIA 2;SETEMBRO
288045;NÃO PERIÓDICA;Não informado;AC2-PR23-INSP-14;2026-09-23;Executada;CORRETIVA PROGRAMADA MECANICA ACIARIA 2;SETEMBRO
288046;NÃO PERIÓDICA;Não informado;AC2-PR23-INSP-59;2026-09-23;Executada;CORRETIVA PROGRAMADA MECANICA ACIARIA 2;SETEMBRO
288047;NÃO PERIÓDICA;Não informado;AC2-PR23-INSP-59;2026-09-23;Executada;CORRETIVA PROGRAMADA MECANICA ACIARIA 2;SETEMBRO
288048;NÃO PERIÓDICA;Não informado;AC2-PR23-INSP-12;2026-09-23;Executada;CORRETIVA PROGRAMADA MECANICA ACIARIA 2;SETEMBRO
288055;NÃO PERIÓDICA;Não informado;AC2-FEA-CO-PR-01;2026-09-23;Executada;CORRETIVA PROGRAMADA MECANICA AC2;SETEMBRO
288068;NÃO PERIÓDICA;Não informado;AC2-LC-IN-TOG-00;2026-09-23;Executada;CORRETIVA PROGRAMADA MECANICA AC2;SETEMBRO
288069;NÃO PERIÓDICA;Não informado;AC2-FEA-CO-PR-01;2026-09-23;Executada;CORRETIVA PROGRAMADA MECANICA AC2;SETEMBRO
288070;NÃO PERIÓDICA;Não informado;AC2-FEA-CO-PR-01;2026-09-23;Executada;CORRETIVA PROGRAMADA MECANICA AC2;SETEMBRO
288071;NÃO PERIÓDICA;Não informado;AC2-FEA-CO-PR-01;2026-09-23;Executada;CORRETIVA PROGRAMADA MECANICA AC2;SETEMBRO
288072;NÃO PERIÓDICA;Não informado;AC2-FEA-CO-PR-01;2026-09-23;Executada;CORRETIVA PROGRAMADA MECANICA AC2;SETEMBRO
288073;NÃO PERIÓDICA;Não informado;AC2-PR27-INSP-38;2026-09-23;Executada;CORRETIVA PROGRAMADA MECANICA AC2;SETEMBRO
288773;NÃO PERIÓDICA;Não informado;AC2-FEA-CO-PR-01;2026-10-01;Pendente;CORRETIVA PROGRAMADA MECANICA AC2;OUTUBRO
288774;NÃO PERIÓDICA;Não informado;AC2-FEA-CO-PR-01;2026-10-01;Pendente;CORRETIVA PROGRAMADA MECANICA AC2;OUTUBRO
288775;NÃO PERIÓDICA;Não informado;AC2-FEA-CO-PR-01;2026-10-01;Pendente;CORRETIVA PROGRAMADA MECANICA AC2;OUTUBRO
288776;NÃO PERIÓDICA;Não informado;AC2-FEA-CO-PR-01;2026-10-01;Pendente;CORRETIVA PROGRAMADA MECANICA AC2;OUTUBRO
288777;NÃO PERIÓDICA;Não informado;AC2-FEA-CO-PR-01;2026-10-01;Pendente;CORRETIVA PROGRAMADA MECANICA AC2;OUTUBRO
288778;NÃO PERIÓDICA;Não informado;AC2-FEA-CO-PR-01;2026-10-01;Pendente;CORRETIVA PROGRAMADA MECANICA AC2;OUTUBRO
288779;NÃO PERIÓDICA;Não informado;AC2-FEA-CO-PR-01;2026-10-01;Pendente;CORRETIVA PROGRAMADA MECANICA AC2;OUTUBRO
288780;NÃO PERIÓDICA;Não informado;AC2-FEA-CO-PR-01;2026-10-01;Pendente;CORRETIVA PROGRAMADA MECANICA AC2;OUTUBRO
288781;NÃO PERIÓDICA;Não informado;AC2-FEA-CO-PR-01;2026-10-01;Pendente;CORRETIVA PROGRAMADA MECANICA AC2;OUTUBRO
288782;NÃO PERIÓDICA;Não informado;AC2-FEA-CO-PR-01;2026-10-01;Pendente;CORRETIVA PROGRAMADA MECANICA AC2;OUTUBRO
288783;NÃO PERIÓDICA;Não informado;AC2-FEA-CO-PR-01;2026-10-01;Pendente;CORRETIVA PROGRAMADA MECANICA AC2;OUTUBRO
288785;NÃO PERIÓDICA;Não informado;AC2-PR25-REV-067;2026-09-24;Pendente;CORRETIVA EMERGENCIAL ELETRICA AC2;SETEMBRO
288786;NÃO PERIÓDICA;Não informado;AC2-PR22-REV-052;2026-09-24;Pendente;CORRETIVA PROGRAMADA ELETRICA AC2;SETEMBRO
288787;NÃO PERIÓDICA;Não informado;AC2-DCS-CORR-01;2026-09-28;Pendente;CORRETIVA PROGRAMADA MECANICA ACIARIA 2;SETEMBRO
288788;NÃO PERIÓDICA;Não informado;AC2-DCS-CORR-01;2026-09-28;Pendente;CORRETIVA PROGRAMADA MECANICA ACIARIA;SETEMBRO
288789;NÃO PERIÓDICA;Não informado;AC2-DCS-CORR-01;2026-09-28;Pendente;CORRETIVA PROGRAMADA MECANICA AC2;SETEMBRO
289598;NÃO PERIÓDICA;Não informado;AC2-DCS-CORR-01;2026-09-29;Pendente;CORRETIVA PROGRAMADA MECANICA AC2;SETEMBRO
289599;NÃO PERIÓDICA;Não informado;AC2-DCS-CORR-01;2026-09-25;Pendente;CORRETIVA PROGRAMADA MECANICA AC2;SETEMBRO
289907;NÃO PERIÓDICA;Não informado;AC2-RMH-CORR-00;2026-09-28;Pendente;CORRETIVA PROGRAMADA ELETRICA AC2;SETEMBRO
289910;NÃO PERIÓDICA;Não informado;AC2-DCS-CORR-01;2026-09-28;Pendente;CORRETIVA PROGRAMADA ELETRICA ACIARIA;SETEMBRO
289912;NÃO PERIÓDICA;Não informado;AC2-DCS-CORR-01;2026-09-28;Pendente;CORRETIVA PROGRAMADA ELETRICA ACIARIA;SETEMBRO
290013;NÃO PERIÓDICA;Não informado;AC2-DCS-CORR-01;2026-09-28;Pendente;CORRETIVA PROGRAMADA ELETRICA ACIARIA;SETEMBRO
